Title:,"COVID-19 daily situation report COVID-19 beds figures in England",,,,,,,,,,,,,,,,,,,,,,,,,,,,,,,,,,,,,,,,,,,,,,,,,,,,,,,,,,,,,,,,,,,,,,
Summary:,"Mechanical Ventilation beds - occupied by confirmed COVID-19 patients (as at 08:00)",,,,,,,,,,,,,,,,,,,,,,,,,,,,,,,,,,,,,,,,,,,,,,,,,,,,,,,,,,,,,,,,,,,,,,
Period:,"01 October 2021 to 07 December 2021",,,,,,,,,,,,,,,,,,,,,,,,,,,,,,,,,,,,,,,,,,,,,,,,,,,,,,,,,,,,,,,,,,,,,,
Source:,"COVID-19 NHS Situation Report",,,,,,,,,,,,,,,,,,,,,,,,,,,,,,,,,,,,,,,,,,,,,,,,,,,,,,,,,,,,,,,,,,,,,,
Basis:,Provider,,,,,,,,,,,,,,,,,,,,,,,,,,,,,,,,,,,,,,,,,,,,,,,,,,,,,,,,,,,,,,,,,,,,,,
Published:,2021/12/09,,,,,,,,,,,,,,,,,,,,,,,,,,,,,,,,,,,,,,,,,,,,,,,,,,,,,,,,,,,,,,,,,,,,,,
Status:,Published,,,,,,,,,,,,,,,,,,,,,,,,,,,,,,,,,,,,,,,,,,,,,,,,,,,,,,,,,,,,,,,,,,,,,,
Contact:,england.covid-data@nhs.net,,,,,,,,,,,,,,,,,,,,,,,,,,,,,,,,,,,,,,,,,,,,,,,,,,,,,,,,,,,,,,,,,,,,,,
,,,,,,,,,,,,,,,,,,,,,,,,,,,,,,,,,,,,,,,,,,,,,,,,,,,,,,,,,,,,,,,,,,,,,,,
"Mechanical Ventilation beds - occupied by confirmed COVID-19 patients (as at 08:00)",,,,,,,,,,,,,,,,,,,,,,,,,,,,,,,,,,,,,,,,,,,,,,,,,,,,,,,,,,,,,,,,,,,,,,,
"For NHS trusts and independent sector providers",,,,,,,,,,,,,,,,,,,,,,,,,,,,,,,,,,,,,,,,,,,,,,,,,,,,,,,,,,,,,,,,,,,,,,,
"Shows the number of MV beds containing confirmed COVID-19 patients (as at 08:00)",,,,,,,,,,,,,,,,,,,,,,,,,,,,,,,,,,,,,,,,,,,,,,,,,,,,,,,,,,,,,,,,,,,,,,,
,,,,,,,,,,,,,,,,,,,,,,,,,,,,,,,,,,,,,,,,,,,,,,,,,,,,,,,,,,,,,,,,,,,,,,,
"Type 1 Acute?","NHS England Region",Code,Name,2021/10/01,2021/10/02,2021/10/03,2021/10/04,2021/10/05,2021/10/06,2021/10/07,2021/10/08,2021/10/09,2021/10/10,2021/10/11,2021/10/12,2021/10/13,2021/10/14,2021/10/15,2021/10/16,2021/10/17,2021/10/18,2021/10/19,2021/10/20,2021/10/21,2021/10/22,2021/10/23,2021/10/24,2021/10/25,2021/10/26,2021/10/27,2021/10/28,2021/10/29,2021/10/30,2021/10/31,2021/11/01,2021/11/02,2021/11/03,2021/11/04,2021/11/05,2021/11/06,2021/11/07,2021/11/08,2021/11/09,2021/11/10,2021/11/11,2021/11/12,2021/11/13,2021/11/14,2021/11/15,2021/11/16,2021/11/17,2021/11/18,2021/11/19,2021/11/20,2021/11/21,2021/11/22,2021/11/23,2021/11/24,2021/11/25,2021/11/26,2021/11/27,2021/11/28,2021/11/29,2021/11/30,2021/12/01,2021/12/02,2021/12/03,2021/12/04,2021/12/05,2021/12/06,2021/12/07
,,-,ENGLAND,671,630,639,632,661,663,665,647,639,622,621,657,657,655,673,681,695,703,733,746,750,746,728,745,776,803,799,794,809,812,815,859,859,854,867,860,856,846,869,865,846,842,838,830,841,821,796,792,779,769,764,776,785,780,783,790,796,787,793,793,806,773,774,783,775,770,793,779
,,,,,,,,,,,,,,,,,,,,,,,,,,,,,,,,,,,,,,,,,,,,,,,,,,,,,,,,,,,,,,,,,,,,,,,
,,,"East of England",55,49,47,50,49,52,54,53,58,53,53,58,60,61,66,58,61,72,83,86,87,82,68,75,84,85,80,81,81,73,75,84,89,86,88,93,94,98,105,99,100,90,94,94,94,92,82,81,81,81,79,81,85,85,85,87,85,85,93,87,81,83,76,73,74,72,71,70
,,,London,179,176,176,173,175,171,161,144,143,146,139,146,143,137,149,155,155,154,160,154,157,153,154,157,156,161,168,167,177,185,182,192,188,186,187,182,185,173,183,185,181,185,181,183,187,184,175,178,173,172,171,176,180,180,173,170,174,165,166,179,185,183,181,187,184,175,189,192
,,,Midlands,130,122,130,131,137,133,132,132,120,118,127,129,131,133,129,136,143,139,139,140,148,153,161,162,162,165,165,163,163,162,161,170,173,170,172,173,171,171,178,175,174,177,178,170,163,157,154,150,148,148,151,151,147,147,153,160,160,157,155,156,169,150,152,154,155,153,157,155
,,,"North East and Yorkshire",125,123,129,125,126,125,131,133,131,117,121,123,123,128,124,125,119,118,133,130,127,129,138,140,145,150,154,148,146,144,147,152,141,137,142,138,133,131,137,138,129,127,123,118,124,125,127,127,126,123,122,126,126,125,123,128,127,127,131,130,137,124,125,120,111,110,112,108
,,,"North West",88,82,78,72,88,92,95,88,89,93,93,95,98,93,98,95,100,98,91,103,102,95,85,90,99,110,99,104,105,112,107,115,123,121,119,116,118,120,114,108,106,106,111,112,119,118,116,112,105,98,96,97,94,93,96,102,109,107,108,106,98,94,96,98,100,108,105,101
,,,"South East",44,41,43,41,45,48,44,46,46,48,39,53,51,51,59,61,63,62,67,68,68,72,68,68,72,72,69,66,70,69,68,70,71,78,85,90,88,89,89,97,94,92,89,90,88,83,79,79,81,82,84,82,89,88,91,85,87,88,88,87,88,88,88,90,93,92,99,95
,,,"South West",50,37,36,40,41,42,48,51,52,47,49,53,51,52,48,51,54,60,60,65,61,62,54,53,58,60,64,65,67,67,75,76,74,76,74,68,67,64,63,63,62,65,62,63,66,62,63,65,65,65,61,63,64,62,62,58,54,58,52,48,48,51,56,61,58,60,60,58
No,"East of England",DE810,"CHADWICK LODGE",0,0,0,0,0,0,0,0,0,0,0,0,0,0,0,0,0,0,0,0,0,0,0,0,0,0,0,0,0,0,0,0,0,0,0,0,0,0,0,0,0,0,0,0,0,0,0,0,0,0,0,0,0,0,0,0,0,0,0,0,0,0,0,0,0,0,0,0
No,"East of England",DE816,"POTTERS BAR",0,0,0,0,0,0,0,0,0,0,0,0,0,0,0,0,0,0,0,0,0,0,0,0,0,0,0,0,0,0,0,0,0,0,0,0,0,0,0,0,0,0,0,0,0,0,0,0,0,0,0,0,0,0,0,0,0,0,0,0,0,0,0,0,0,0,0,0
No,"East of England",NAX,"EAST COAST COMMUNITY HEALTHCARE C.I.C",0,0,0,0,0,0,0,0,0,0,0,0,0,0,0,0,0,0,0,0,0,0,0,0,0,0,0,0,0,0,0,0,0,0,0,0,0,0,0,0,0,0,0,0,0,0,0,0,0,0,0,0,0,0,0,0,0,0,0,0,0,0,0,0,0,0,0,0
No,"East of England",NMJ11,"CYGNET HOSPITAL STEVENAGE",0,0,0,0,0,0,0,0,0,0,0,0,0,0,0,0,0,0,0,0,0,0,0,0,0,0,0,0,0,0,0,0,0,0,0,0,0,0,0,0,0,0,0,0,0,0,0,0,0,0,0,0,0,0,0,0,0,0,0,0,0,0,0,0,0,0,0,0
No,"East of England",NMJ44,"CYGNET HOSPITAL COLCHESTER",0,0,0,0,0,0,0,0,0,0,0,0,0,0,0,0,0,0,0,0,0,0,0,0,0,0,0,0,0,0,0,0,0,0,0,0,0,0,0,0,0,0,0,0,0,0,0,0,0,0,0,0,0,0,0,0,0,0,0,0,0,0,0,0,0,0,0,0
No,"East of England",NQ1,"ANGLIAN COMMUNITY ENTERPRISE COMMUNITY INTEREST COMPANY (ACE CIC)",,,,,,,,,,,,,,,,,,,,,,,,,,,,,,,,,,,,,,,,,,,,,,,,,,,,,,,,,,,,,,,,,,,,
No,"East of England",NQA,PROVIDE,0,0,0,0,0,0,0,0,0,0,0,0,0,0,0,0,0,0,0,0,0,0,0,0,0,0,0,0,0,0,0,0,0,0,0,0,0,0,0,0,0,0,0,0,0,0,0,0,0,0,0,0,0,0,0,0,0,0,0,0,0,0,0,0,0,0,0,0
No,"East of England",NYA02,"ST ANDREW'S HEALTHCARE - ESSEX",0,0,0,0,0,0,0,0,0,0,0,0,0,0,0,0,0,0,0,0,0,0,0,0,0,0,0,0,0,0,0,0,0,0,0,0,0,0,0,0,0,0,0,0,0,0,0,0,0,0,0,0,0,0,0,0,0,0,0,0,0,0,0,0,0,0,0,0
No,"East of England",R1L,"ESSEX PARTNERSHIP UNIVERSITY NHS FOUNDATION TRUST",0,0,0,0,0,0,0,0,0,0,0,0,0,0,0,0,0,0,0,0,0,0,0,0,0,0,0,0,0,0,0,0,0,0,0,,0,0,0,0,0,0,0,0,0,0,0,0,0,0,0,0,0,0,0,0,0,0,0,0,0,0,0,0,0,0,0,0
Yes,"East of England",RAJ,"MID AND SOUTH ESSEX NHS FOUNDATION TRUST",6,1,2,5,3,5,4,5,6,6,5,7,6,9,9,7,6,8,11,11,9,10,11,10,11,10,10,7,9,10,3,10,13,12,13,13,12,12,15,14,13,13,13,11,12,12,11,11,11,9,8,8,13,12,12,13,14,9,19,13,13,11,11,10,9,12,9,10
Yes,"East of England",RC9,"BEDFORDSHIRE HOSPITALS NHS FOUNDATION TRUST",7,7,6,7,6,8,7,8,8,8,5,9,9,8,9,8,6,7,9,9,8,5,6,6,6,7,8,8,7,7,7,6,8,10,9,9,10,9,7,9,9,9,11,10,8,10,9,10,11,11,11,11,12,12,12,13,13,15,13,14,13,12,11,9,12,8,9,11
Yes,"East of England",RCX,"THE QUEEN ELIZABETH HOSPITAL, KING'S LYNN, NHS FOUNDATION TRUST",1,2,1,0,0,1,0,0,0,0,0,0,0,0,0,0,0,0,0,0,0,0,0,0,0,0,1,1,1,0,0,0,0,0,0,0,0,0,0,0,0,0,0,0,0,0,0,0,0,0,0,0,0,0,0,0,0,1,1,1,1,1,1,1,1,0,0,0
Yes,"East of England",RD8,"MILTON KEYNES UNIVERSITY HOSPITAL NHS FOUNDATION TRUST",2,2,2,2,2,2,2,1,0,0,0,0,0,0,0,0,0,1,1,1,1,1,1,1,1,1,1,0,1,1,1,2,2,2,3,3,3,3,3,3,3,2,2,2,2,0,0,0,0,1,1,1,1,1,1,1,1,1,1,2,2,2,2,2,2,2,1,0
Yes,"East of England",RDE,"EAST SUFFOLK AND NORTH ESSEX NHS FOUNDATION TRUST",3,2,2,3,4,4,5,4,6,3,3,2,2,2,5,5,6,7,13,13,18,15,8,7,9,13,11,9,9,5,7,8,8,6,6,7,9,11,9,10,12,6,10,11,11,12,11,11,11,13,13,14,10,10,10,10,8,9,8,9,8,8,8,10,11,10,12,10
No,"East of England",RGM,"ROYAL PAPWORTH HOSPITAL NHS FOUNDATION TRUST",6,6,6,6,5,5,6,6,6,6,6,6,6,7,8,8,8,9,8,8,7,7,7,7,7,7,7,7,7,6,7,6,6,6,6,7,7,7,8,8,9,9,10,10,9,9,8,8,7,7,7,7,7,8,7,7,8,7,8,8,8,9,8,8,8,8,8,9
Yes,"East of England",RGN,"NORTH WEST ANGLIA NHS FOUNDATION TRUST",3,3,2,3,3,3,4,5,6,6,6,6,6,6,6,5,7,9,8,11,11,13,12,12,12,10,10,12,11,8,8,8,10,9,9,9,8,9,10,9,7,7,6,6,6,6,5,5,5,6,6,6,6,7,6,6,6,7,7,6,5,6,6,5,5,4,4,4
Yes,"East of England",RGP,"JAMES PAGET UNIVERSITY HOSPITALS NHS FOUNDATION TRUST",1,1,1,1,1,1,1,1,1,1,1,1,1,1,2,1,1,1,,2,2,2,2,2,3,3,3,5,5,5,5,5,4,4,4,4,4,4,5,5,5,4,3,4,6,7,6,6,6,5,4,4,4,3,2,3,3,4,5,5,5,5,5,3,3,4,4,4
Yes,"East of England",RGR,"WEST SUFFOLK NHS FOUNDATION TRUST",2,1,1,1,1,1,2,2,2,2,1,2,4,4,3,2,3,3,3,2,2,1,1,2,3,3,4,5,2,3,3,4,4,4,4,4,4,4,4,3,4,3,2,2,3,3,3,3,4,5,4,5,4,4,3,3,1,1,1,1,2,2,1,2,2,1,1,0
Yes,"East of England",RGT,"CAMBRIDGE UNIVERSITY HOSPITALS NHS FOUNDATION TRUST",10,9,9,9,11,10,10,10,11,9,11,11,11,10,8,8,8,11,12,10,10,9,,9,8,8,6,6,6,7,9,9,9,11,10,12,12,11,13,12,11,12,12,13,12,11,10,11,9,9,11,10,11,11,11,8,7,7,7,6,6,6,4,4,3,5,6,6
Yes,"East of England",RM1,"NORFOLK AND NORWICH UNIVERSITY HOSPITALS NHS FOUNDATION TRUST",0,,,1,1,1,2,0,0,1,4,4,4,3,3,3,4,5,5,6,5,5,6,5,4,4,2,3,3,3,3,4,3,2,3,5,6,6,6,4,5,4,4,2,2,2,1,1,2,2,1,2,2,2,3,3,4,4,4,4,2,2,0,0,0,0,0,0
No,"East of England",RMY,"NORFOLK AND SUFFOLK NHS FOUNDATION TRUST",0,0,0,0,0,0,0,0,0,0,0,0,0,0,0,0,0,0,0,0,0,0,0,0,0,0,0,0,0,0,0,0,0,0,0,0,0,0,0,0,0,0,0,0,0,0,0,0,,0,0,0,0,0,0,0,0,0,0,0,0,0,0,0,0,0,0,0
Yes,"East of England",RQW,"THE PRINCESS ALEXANDRA HOSPITAL NHS TRUST",5,5,5,4,4,4,4,5,5,5,5,4,4,4,4,4,5,4,6,4,5,4,5,5,7,6,5,5,6,6,6,6,6,5,6,6,6,6,7,7,8,8,8,8,8,5,5,5,4,4,4,4,5,5,6,7,7,7,7,6,4,5,5,5,5,5,5,5
No,"East of England",RT1,"CAMBRIDGESHIRE AND PETERBOROUGH NHS FOUNDATION TRUST",0,0,0,0,0,0,0,0,0,0,0,0,0,0,0,0,0,0,0,0,0,0,0,0,0,0,0,0,0,0,0,0,0,0,0,0,0,0,0,0,0,0,0,0,0,0,0,0,0,0,0,0,0,0,0,0,0,0,0,0,0,0,0,0,0,0,0,0
Yes,"East of England",RWG,"WEST HERTFORDSHIRE HOSPITALS NHS TRUST",6,6,7,6,6,5,5,4,4,4,4,5,5,5,6,6,6,6,6,7,7,8,7,6,8,7,6,6,5,5,7,7,8,7,7,6,7,9,10,10,9,9,9,10,10,9,9,6,7,6,6,6,6,6,7,7,8,8,7,6,6,5,5,5,5,5,5,5
Yes,"East of England",RWH,"EAST AND NORTH HERTFORDSHIRE NHS TRUST",3,4,3,2,2,2,2,2,3,2,2,1,2,2,3,1,1,1,1,2,2,2,2,3,5,6,6,7,9,7,9,9,8,8,8,8,6,7,8,5,5,4,4,5,5,6,4,4,4,3,3,3,4,4,5,6,5,5,5,6,6,9,9,9,8,8,7,6
No,"East of England",RWR,"HERTFORDSHIRE PARTNERSHIP UNIVERSITY NHS FOUNDATION TRUST",0,0,0,0,0,0,0,0,0,0,0,0,0,0,0,0,0,0,0,0,0,0,0,0,0,0,0,0,0,0,0,0,0,0,0,0,0,0,0,0,0,0,0,0,0,0,0,0,0,0,0,0,0,0,0,0,0,0,0,0,0,0,0,0,0,0,0,0
No,"East of England",RY3,"NORFOLK COMMUNITY HEALTH AND CARE NHS TRUST",0,0,0,0,0,0,0,0,0,0,,0,0,0,0,0,0,0,0,0,0,0,0,0,0,0,0,0,0,0,0,0,0,0,0,0,0,0,0,0,0,0,0,0,0,0,0,0,0,0,0,0,0,0,0,0,0,0,0,0,0,0,0,0,0,0,0,0
No,"East of England",RY4,"HERTFORDSHIRE COMMUNITY NHS TRUST",0,0,0,0,0,0,0,0,0,0,0,0,0,0,0,0,0,0,0,0,0,0,0,0,0,0,0,0,0,0,0,0,0,0,0,0,0,0,0,0,0,0,0,0,0,0,0,0,0,0,0,0,0,0,0,0,0,0,0,0,0,0,0,0,0,0,0,0
No,"East of England",RYV,"CAMBRIDGESHIRE COMMUNITY SERVICES NHS TRUST",0,0,0,0,0,0,0,0,0,0,0,0,,0,0,0,0,0,0,0,0,0,0,0,0,0,0,0,0,0,0,0,0,0,0,0,0,0,0,0,0,0,0,0,0,0,0,0,0,0,0,0,0,0,0,0,0,0,0,0,0,0,0,0,0,0,0,0
No,London,8A580,"ELLERN MEDE CENTRE FOR EATING DISORDERS",,0,0,0,0,0,0,0,0,,0,0,0,0,0,0,0,0,,,,,,,,,,,,,,,,,,,,,,,,,,,,,,,,,,,,,,,,,,,,,,,,,,
No,London,8JC73,"ELLERN MEDE RIDGEWAY",,0,0,0,0,0,0,0,0,,0,0,0,0,0,0,0,0,,,,,,,,,,,,,,,,,,,,,,,,,,,,,,,,,,,,,,,,,,,,,,,,,,
No,London,DE804,"BROMLEY ROAD",0,0,0,0,0,0,0,0,0,0,0,0,,0,0,0,0,0,0,0,0,0,0,0,0,0,0,0,0,0,0,0,0,0,0,0,0,0,0,0,0,0,0,0,0,0,0,0,0,0,0,0,0,0,0,0,0,0,0,0,0,0,0,0,0,0,0,0
No,London,DN703,"ELLERN MEDE RIDGEWAY",,,,,,,,,,,,,,,,,,,0,0,0,0,0,0,0,0,0,0,0,0,0,0,0,0,0,0,0,0,0,0,0,0,0,0,0,0,0,0,0,0,0,0,0,0,0,0,0,0,0,0,0,0,0,0,0,0,0,0
No,London,NMJ04,"CYGNET HOSPITAL BECKTON",0,0,0,0,0,0,0,0,0,0,0,0,0,0,0,0,0,0,0,0,0,0,0,0,0,0,0,0,0,0,0,0,0,0,0,0,0,0,0,0,0,0,0,0,0,0,0,0,0,0,0,0,0,0,0,0,0,0,0,0,0,0,0,0,,0,0,0
No,London,NMJ05,"CYGNET WING BLACKHEATH",,0,0,0,0,0,0,0,0,0,0,0,0,0,0,0,0,,0,0,,0,0,0,,0,0,0,0,0,0,0,,0,0,,0,0,0,0,0,0,0,0,0,0,0,0,0,0,0,0,0,0,,0,0,0,0,0,0,0,0,0,0,0,0,0
No,London,NMJ08,"CYGNET HOSPITAL EALING",0,0,0,0,0,0,0,0,0,0,0,0,0,0,0,0,0,0,0,0,0,0,0,0,0,0,0,0,0,0,0,0,0,0,0,0,0,0,0,0,0,0,0,0,0,0,0,0,0,0,0,0,0,0,0,0,0,0,0,0,0,0,0,0,0,0,0,0
No,London,NMJ0D,"BOSTALL HOUSE",0,0,0,0,0,0,0,0,0,0,0,0,0,0,0,0,0,0,0,0,0,0,0,0,0,0,0,0,0,0,0,0,0,0,0,0,0,0,0,0,0,0,0,0,0,0,0,0,0,0,0,0,0,0,0,0,0,0,0,0,0,0,0,0,0,0,0,0
No,London,NMJ10,"CYGNET HOSPITAL HARROW",0,0,0,,0,0,0,0,0,,0,0,0,0,0,0,0,,0,0,0,0,0,0,0,0,0,0,0,0,0,0,0,0,0,0,0,0,0,0,0,0,0,0,0,0,0,0,0,0,0,0,0,0,0,0,0,0,0,0,0,0,0,0,0,0,0,0
No,London,NMJ13,"CYGNET LODGE LEWISHAM",0,0,0,0,0,0,0,0,0,0,0,0,0,0,0,0,0,0,0,,0,0,0,,0,0,0,0,0,0,0,0,0,0,0,0,0,0,0,0,0,0,0,0,0,0,0,0,0,0,0,0,0,0,0,0,0,0,0,0,0,0,0,0,,0,0,0
No,London,NMJ14,"CYGNET LODGE KENTON",0,0,0,0,0,0,0,0,0,0,0,0,0,0,0,0,0,0,0,,0,0,0,,0,0,0,0,0,0,0,0,0,0,0,0,0,,0,,0,0,0,0,0,0,0,0,0,0,0,0,0,0,0,0,0,0,0,0,0,0,0,0,0,0,0,0
No,London,NMJ91,"CYGNET CHURCHILL",0,0,0,0,0,0,0,0,0,0,0,0,0,0,,0,0,0,0,0,0,0,0,0,0,0,0,0,0,0,0,0,0,0,0,0,0,0,0,0,0,0,0,0,0,0,0,0,0,0,0,0,0,0,0,0,0,0,0,0,0,0,0,0,0,0,0,0
No,London,NNV,"YOUR HEALTHCARE",0,0,0,0,0,0,0,0,0,0,0,0,0,0,0,0,0,0,0,0,0,0,0,0,0,0,0,0,0,0,0,0,0,0,0,0,0,0,0,0,0,0,0,0,0,0,0,0,0,0,0,0,0,0,0,0,0,0,0,0,0,0,0,0,0,0,0,0
No,London,NQV,"BROMLEY HEALTHCARE",0,0,0,0,0,0,0,0,0,0,0,0,0,0,0,0,0,0,0,0,0,0,0,0,0,,0,0,0,0,0,0,0,0,0,0,0,0,0,0,0,0,0,0,0,0,0,0,0,0,0,0,0,0,0,0,,0,0,0,0,0,0,0,0,0,0,0
Yes,London,R1H,"BARTS HEALTH NHS TRUST",16,16,17,13,14,14,14,11,11,15,10,13,15,13,18,22,23,20,18,18,21,21,21,22,21,24,27,28,34,34,31,31,24,29,29,29,25,22,25,26,24,25,24,23,25,27,27,28,25,20,20,23,20,19,16,17,16,13,13,19,18,18,19,21,23,24,25,28
Yes,London,R1K,"LONDON NORTH WEST UNIVERSITY HEALTHCARE NHS TRUST",13,14,13,13,11,12,12,10,10,7,8,9,7,9,11,10,8,9,9,11,11,10,10,10,10,11,9,8,7,10,10,11,10,10,9,2,7,7,7,8,7,8,7,7,7,7,8,6,6,8,9,9,10,10,10,10,10,6,3,10,10,10,8,8,10,10,10,9
Yes,London,RAL,"ROYAL FREE LONDON NHS FOUNDATION TRUST",19,19,16,17,17,18,18,18,13,13,13,14,13,12,12,13,12,14,14,11,12,9,10,10,10,12,16,17,21,22,22,23,23,18,20,20,22,23,23,23,25,24,23,25,27,25,24,20,21,22,23,21,21,24,21,21,20,21,22,22,21,18,19,19,18,16,16,16
No,London,RAN,"ROYAL NATIONAL ORTHOPAEDIC HOSPITAL NHS TRUST",0,0,0,0,0,0,0,0,0,0,0,0,0,0,0,0,0,0,0,0,0,0,0,0,0,0,0,0,0,0,0,0,0,0,0,0,0,0,0,0,0,0,0,0,0,0,0,0,0,0,0,0,0,0,0,0,0,0,0,0,0,0,0,0,0,0,0,0
Yes,London,RAP,"NORTH MIDDLESEX UNIVERSITY HOSPITAL NHS TRUST",3,3,3,2,3,2,2,1,2,2,2,2,3,2,3,3,3,5,5,3,3,4,7,8,7,7,7,5,5,5,5,3,4,2,5,4,4,4,4,3,3,3,3,5,5,5,5,4,4,4,4,4,3,2,3,3,1,1,1,1,3,3,4,5,5,3,4,6
Yes,London,RAS,"THE HILLINGDON HOSPITALS NHS FOUNDATION TRUST",4,3,3,3,2,2,2,2,2,3,3,3,3,3,3,3,4,4,4,4,4,4,4,4,5,5,5,5,4,4,4,4,4,4,4,4,3,2,2,2,2,2,2,2,2,2,2,2,2,2,2,2,2,2,2,2,3,4,4,3,4,4,4,4,3,3,5,5
No,London,RAT,"NORTH EAST LONDON NHS FOUNDATION TRUST",0,0,0,0,0,0,0,0,0,0,0,0,0,0,0,0,0,0,0,0,0,0,0,0,0,0,0,0,0,0,0,0,0,0,0,0,0,0,0,0,0,0,0,0,0,0,0,0,0,0,0,0,0,0,0,0,0,0,0,0,0,0,0,0,0,0,0,0
Yes,London,RAX,"KINGSTON HOSPITAL NHS FOUNDATION TRUST",3,4,4,3,4,4,4,3,2,2,2,3,3,3,2,4,4,4,4,4,4,3,4,4,4,3,2,3,4,4,4,3,3,3,3,3,2,2,2,2,2,2,3,2,2,2,2,2,3,3,3,3,3,3,3,4,3,3,3,3,3,2,2,3,2,2,2,2
Yes,London,RF4,"BARKING, HAVERING AND REDBRIDGE UNIVERSITY HOSPITALS NHS TRUST",13,13,11,11,12,11,11,9,10,8,6,7,7,8,11,11,11,11,11,12,12,12,12,12,13,11,10,11,11,11,11,10,8,9,9,9,9,9,7,7,6,8,6,8,9,10,10,10,11,12,11,12,13,13,13,11,11,11,12,12,12,13,12,13,13,13,13,13
Yes,London,RJ1,"GUY'S AND ST THOMAS' NHS FOUNDATION TRUST",32,29,30,29,30,28,22,21,22,22,24,22,21,17,16,20,20,22,20,19,20,19,20,20,20,20,22,22,22,23,16,22,24,23,24,24,26,24,27,25,26,27,27,27,26,29,26,27,28,29,26,27,30,30,29,23,33,28,27,24,30,30,29,28,26,26,31,31
Yes,London,RJ2,"LEWISHAM AND GREENWICH NHS TRUST",10,11,11,10,10,7,5,3,4,4,4,4,4,4,5,5,6,6,6,6,6,7,6,6,6,6,8,6,6,7,6,7,7,8,9,9,10,9,11,11,11,11,11,11,11,11,9,10,8,9,7,7,8,6,5,5,6,6,7,7,8,9,7,8,10,9,9,7
Yes,London,RJ6,"CROYDON HEALTH SERVICES NHS TRUST",4,5,4,4,6,5,5,5,6,7,6,6,6,6,5,6,5,6,6,5,5,5,4,5,4,4,3,3,4,4,4,5,6,5,4,5,6,6,7,5,7,7,7,6,5,5,6,6,5,5,6,6,7,7,7,7,7,7,7,7,8,7,7,5,6,6,6,6
Yes,London,RJ7,"ST GEORGE'S UNIVERSITY HOSPITALS NHS FOUNDATION TRUST",7,6,6,6,4,5,6,6,6,6,5,4,5,5,4,4,4,3,3,3,3,3,2,2,1,1,1,2,2,2,2,4,5,4,4,4,4,1,4,5,3,3,5,4,4,5,5,5,5,4,4,4,3,3,3,3,3,3,3,5,4,4,3,5,5,5,5,5
Yes,London,RJZ,"KING'S COLLEGE HOSPITAL NHS FOUNDATION TRUST",17,15,16,17,17,16,15,15,15,17,18,19,17,16,18,17,17,19,17,16,14,14,14,14,14,15,15,14,14,16,17,16,16,16,17,16,17,18,19,22,19,21,18,21,20,21,18,17,16,16,16,16,15,15,17,19,19,18,19,19,18,19,18,20,20,21,25,24
Yes,London,RKE,"WHITTINGTON HEALTH NHS TRUST",5,5,6,6,6,6,5,4,5,5,5,5,5,5,5,3,3,3,3,2,2,2,2,2,3,3,3,3,3,3,4,4,4,4,0,3,3,3,4,4,4,4,4,4,5,3,3,4,3,3,4,3,3,3,5,5,4,4,4,3,2,3,3,2,2,1,0,2
No,London,RKL,"WEST LONDON NHS TRUST",0,0,0,0,0,0,0,0,0,0,0,0,0,0,0,0,0,0,0,0,0,0,0,0,0,0,0,0,0,0,0,0,0,0,0,0,0,0,0,0,0,0,0,0,0,0,0,0,0,0,0,0,0,0,0,0,0,0,0,0,0,0,0,0,0,0,0,0
No,London,RNK,"TAVISTOCK AND PORTMAN NHS FOUNDATION TRUST",0,,,0,0,0,0,0,,,0,0,,0,0,,,0,0,0,0,0,,,0,0,0,0,0,,,0,0,0,0,0,,,0,0,0,0,0,,,0,0,0,0,0,,,0,0,0,0,0,,,0,0,0,0,0,,,0,0
No,London,RP4,"GREAT ORMOND STREET HOSPITAL FOR CHILDREN NHS FOUNDATION TRUST",1,1,1,1,1,1,0,0,0,1,1,1,2,1,1,0,0,0,1,1,0,0,0,0,0,0,0,0,0,0,0,0,1,1,1,0,0,0,0,0,2,1,1,1,1,2,1,1,0,0,0,0,0,0,0,0,0,0,0,0,0,0,2,1,1,1,1,0
No,London,RP6,"MOORFIELDS EYE HOSPITAL NHS FOUNDATION TRUST",0,0,0,0,0,0,0,0,0,0,0,0,0,0,0,0,0,0,0,0,0,0,0,0,0,0,0,0,0,0,0,0,0,0,0,0,0,0,0,0,0,0,0,0,0,0,0,0,0,0,0,0,0,0,0,0,0,0,0,0,0,0,0,0,0,0,0,0
No,London,RPG,"OXLEAS NHS FOUNDATION TRUST",0,0,0,0,0,0,0,0,0,0,0,0,0,0,0,0,0,0,0,0,0,0,0,0,0,0,0,0,0,0,0,0,0,0,0,0,0,0,0,0,0,0,0,0,0,0,0,0,0,0,0,0,0,0,0,0,0,0,0,0,0,0,0,0,0,0,0,0
No,London,RPY,"THE ROYAL MARSDEN NHS FOUNDATION TRUST",0,0,0,0,0,0,0,0,0,0,0,0,0,0,0,0,0,0,0,0,0,0,0,0,0,0,0,0,0,0,0,0,0,0,0,0,0,0,0,0,1,1,1,0,0,0,1,1,1,0,0,0,1,1,0,0,0,0,0,0,0,0,0,0,0,0,0,0
Yes,London,RQM,"CHELSEA AND WESTMINSTER HOSPITAL NHS FOUNDATION TRUST",5,5,5,7,3,2,2,1,1,2,3,3,3,3,3,3,4,4,5,4,4,4,2,2,2,5,6,6,5,5,5,5,3,4,3,3,3,3,3,5,4,4,4,5,5,3,1,4,3,3,3,4,4,5,5,6,5,5,4,6,6,6,6,5,5,4,4,6
Yes,London,RQX,"HOMERTON UNIVERSITY HOSPITAL NHS FOUNDATION TRUST",1,1,1,1,2,3,3,3,3,3,4,4,3,3,4,4,4,4,5,6,6,6,7,6,5,4,5,5,5,5,5,5,5,6,6,5,5,4,3,2,2,2,2,2,2,2,4,5,5,4,4,3,3,4,3,3,3,5,5,5,5,5,5,7,7,6,4,4
No,London,RQY,"SOUTH WEST LONDON AND ST GEORGE'S MENTAL HEALTH NHS TRUST",0,0,0,0,0,0,,0,0,0,0,0,0,0,0,0,0,0,0,0,0,0,0,0,0,0,0,0,0,0,0,0,0,0,0,0,0,0,0,0,0,0,0,0,0,0,0,0,0,0,0,0,0,0,0,0,0,0,0,0,0,0,0,0,0,0,0,0
No,London,RRP,"BARNET, ENFIELD AND HARINGEY MENTAL HEALTH NHS TRUST",0,0,0,0,0,0,,0,0,0,0,0,0,0,0,0,0,0,0,0,0,0,,0,0,0,0,0,0,0,0,0,0,0,0,0,0,0,0,0,0,0,0,0,0,0,0,0,0,0,0,0,0,0,0,0,0,0,0,0,0,0,0,0,0,0,0,0
Yes,London,RRV,"UNIVERSITY COLLEGE LONDON HOSPITALS NHS FOUNDATION TRUST",8,8,8,8,10,12,13,13,12,11,7,8,8,8,8,7,6,,8,8,9,11,11,11,10,11,10,8,8,8,9,9,10,8,10,12,11,11,11,10,10,12,14,11,12,7,6,8,8,8,6,7,7,9,9,8,7,10,11,11,11,11,11,11,10,9,8,8
No,London,RV3,"CENTRAL AND NORTH WEST LONDON NHS FOUNDATION TRUST",0,0,0,0,0,0,0,0,0,0,0,0,0,0,,0,0,0,0,0,0,0,0,0,0,0,0,0,0,0,0,0,0,0,0,0,0,0,0,0,0,0,0,0,0,0,0,0,0,0,0,0,0,0,0,0,0,0,0,0,0,0,0,0,0,0,0,0
No,London,RV5,"SOUTH LONDON AND MAUDSLEY NHS FOUNDATION TRUST",0,0,0,0,0,0,0,0,0,0,0,0,0,0,0,0,0,0,0,0,0,0,0,0,0,0,0,0,0,0,0,0,0,0,0,0,0,0,0,0,0,0,0,0,0,0,0,0,0,0,0,0,0,0,0,0,0,0,0,0,0,0,0,0,0,0,0,0
Yes,London,RVR,"EPSOM AND ST HELIER UNIVERSITY HOSPITALS NHS TRUST",3,3,5,5,6,6,6,6,6,5,5,5,4,5,4,5,6,5,5,5,6,5,5,5,5,3,3,4,4,4,6,6,6,8,7,6,4,3,3,4,5,4,3,3,3,3,3,4,4,4,5,5,5,5,5,6,7,6,6,6,6,5,5,6,3,2,2,2
No,London,RWK,"EAST LONDON NHS FOUNDATION TRUST",0,0,0,0,0,0,0,0,0,0,0,0,0,0,0,0,0,0,0,0,0,0,0,0,0,0,0,0,0,0,0,0,0,0,0,0,0,0,0,0,0,0,0,0,0,0,0,0,0,0,0,0,0,0,0,0,0,0,0,0,0,0,0,0,0,0,0,0
No,London,RY9,"HOUNSLOW AND RICHMOND COMMUNITY HEALTHCARE NHS TRUST",0,0,0,0,0,0,0,0,0,0,0,0,0,0,0,0,0,0,0,0,0,0,0,0,0,0,0,0,0,0,0,0,0,0,0,0,0,0,0,0,0,0,0,0,0,0,0,0,0,0,0,0,,0,0,0,0,0,0,0,0,0,0,0,0,0,0,0
Yes,London,RYJ,"IMPERIAL COLLEGE HEALTHCARE NHS TRUST",15,15,16,17,17,17,16,13,13,13,13,14,14,14,16,15,15,15,16,16,15,14,13,14,16,16,16,17,18,18,21,24,25,24,23,24,24,22,21,21,18,16,16,16,16,15,14,14,15,16,18,20,22,19,17,17,16,14,15,16,16,16,17,16,15,14,19,18
No,London,RYX,"CENTRAL LONDON COMMUNITY HEALTHCARE NHS TRUST",0,0,0,0,0,0,0,0,0,0,0,0,0,0,0,0,0,0,0,0,0,0,0,0,0,0,0,0,0,0,0,0,0,0,0,0,0,0,0,0,0,0,0,0,0,0,0,0,0,0,0,0,0,0,0,0,0,0,0,0,0,0,0,0,0,0,0,0
No,London,TAF,"CAMDEN AND ISLINGTON NHS FOUNDATION TRUST",0,0,0,0,0,0,0,0,0,0,0,0,0,0,0,0,0,0,0,0,0,0,0,0,0,0,0,0,0,0,0,0,0,0,0,0,0,0,0,0,0,0,0,0,0,0,0,0,0,0,0,0,0,0,0,0,0,0,0,0,0,0,0,0,0,0,0,0
No,Midlands,ATM01,"NEWBRIDGE CARE SYSTEMS",0,0,0,0,,0,0,0,0,0,0,0,0,0,0,0,0,0,0,0,0,0,0,0,0,0,0,0,0,0,0,0,0,,0,0,,,0,0,0,0,0,,,,,0,0,0,,,,0,0,,,0,0,0,0,0,,,0,0,0,
No,Midlands,DE826,"FARNDON UNIT",0,0,0,0,0,0,0,0,0,0,0,0,0,0,0,0,0,0,0,0,0,0,0,0,0,0,0,0,0,0,0,0,0,0,0,0,0,0,0,0,0,0,0,0,0,0,0,0,0,0,0,0,0,0,0,0,0,0,0,0,0,0,0,0,0,0,0,0
No,Midlands,DE875,"COTSWOLD SPA",0,0,0,0,0,0,0,0,0,0,0,0,0,0,0,0,0,0,0,0,0,0,0,0,0,0,0,0,0,0,0,0,0,0,0,0,0,0,0,0,0,0,0,0,0,0,0,0,0,0,0,0,0,0,0,0,0,0,0,0,0,0,0,0,0,0,0,0
No,Midlands,NFJ06,BROOMHILL,,,,,,,,,,,,,,,,,,,,,,,,,,,,,,,,,,,,,,,,,,,,,,,,,,,,,,,,,,,,,,,,,,,,
No,Midlands,NFJ09,"THE DALLINGTONS",,,,,,,,,,,,,,,,,,,,,,,,,,,,,,,,,,,,,,,,,,,,,,,,,,,,,,,,,,,,,,,,,,,,
No,Midlands,NMJ07,"CYGNET HOSPITAL DERBY",0,0,0,0,0,0,0,0,0,0,0,0,0,0,0,0,0,0,0,0,0,0,0,0,0,0,0,0,0,0,0,0,0,0,0,0,0,0,0,0,0,0,0,0,0,0,0,0,0,0,0,0,0,0,0,0,0,0,0,0,0,0,0,0,0,0,0,0
No,Midlands,NMJ0F,"CEDAR VALE HOSPITAL",,0,0,0,0,0,0,0,0,0,0,0,0,0,0,0,0,0,0,0,0,0,0,0,0,0,0,0,0,0,0,0,0,0,0,0,0,0,0,0,0,0,0,0,0,0,0,0,0,0,0,0,0,0,0,0,0,0,0,0,0,0,0,0,0,0,0,0
No,Midlands,NMJ0Y,"WAST HILLS HOSPITAL",,0,0,0,0,0,0,0,0,0,0,0,0,0,0,0,0,,0,0,0,0,0,0,,0,0,0,0,0,0,0,,0,0,,0,0,0,0,0,0,0,0,0,0,0,0,0,0,0,0,0,0,,0,0,0,0,0,0,0,0,0,0,0,0,0
No,Midlands,NMJ28,"CYGNET ELMS",0,0,0,0,0,0,0,0,0,0,0,0,0,0,0,0,0,0,0,0,0,0,0,0,0,0,0,0,0,0,0,0,0,0,0,0,0,0,0,0,0,0,0,0,0,0,0,0,0,0,0,0,0,0,0,0,0,0,0,0,0,0,0,0,0,0,0,0
No,Midlands,NMJ29,"CYGNET RAGLAN HOUSE",0,0,0,0,0,0,0,0,0,0,,0,0,0,0,0,0,,0,0,0,0,0,0,0,0,0,,0,0,0,0,,0,0,0,0,0,0,0,0,0,0,0,0,0,0,0,0,0,0,0,0,0,0,0,0,0,0,0,0,0,0,0,0,0,0,0
No,Midlands,NMJ30,"CYGNET HEATHERS",0,0,0,0,0,0,0,0,0,0,0,0,0,0,0,0,0,0,0,0,0,0,0,0,0,0,0,0,0,0,0,0,0,0,0,0,0,0,0,0,0,0,0,0,0,0,0,0,0,0,0,0,0,0,0,0,0,0,0,0,0,0,0,0,0,0,0,0
No,Midlands,NMJ31,"CYGNET CEDARS",0,0,0,0,0,0,0,0,0,0,0,0,0,0,0,0,0,0,0,0,0,0,0,0,0,0,0,0,,0,0,0,0,0,0,0,0,0,0,,0,0,0,0,0,0,0,0,0,0,0,0,0,0,0,0,0,0,0,0,0,0,0,0,0,0,0,0
No,Midlands,NMJ46,"CYGNET VIEWS",,0,0,0,0,0,0,0,0,0,0,0,0,0,0,0,0,,0,0,0,0,0,,,0,0,0,0,0,0,0,,0,0,,0,0,0,0,0,0,0,0,0,0,0,0,0,0,0,0,0,0,,0,0,0,0,0,0,0,0,0,0,0,0,0
No,Midlands,NMJ47,"CYGNET STORTHFIELD HOUSE",,0,0,0,0,0,0,0,,0,0,0,0,0,0,0,0,,0,0,0,0,0,,,0,0,0,0,0,0,0,,0,0,,0,0,0,0,0,0,0,0,0,0,0,0,0,0,0,0,0,0,0,0,0,0,0,0,0,0,0,0,0,0,0,0
No,Midlands,NMJ71,"CYGNET HOSPITAL CLIFTON",0,0,0,0,0,0,0,0,0,0,0,0,0,0,0,0,0,0,0,0,0,0,0,0,0,0,0,0,0,0,0,0,0,0,0,0,0,0,0,0,0,0,0,0,0,0,0,0,0,0,0,0,0,0,0,0,0,0,0,0,0,0,0,0,0,0,0,0
No,Midlands,NMJ75,"CYGNET MANOR",0,0,0,0,0,0,0,0,0,0,0,0,0,0,0,0,0,0,0,0,0,0,0,0,0,0,0,0,0,0,0,0,,,0,0,0,0,0,0,0,0,0,0,0,0,,0,0,0,0,0,0,0,0,0,0,0,0,0,0,0,0,0,0,0,0,0
No,Midlands,NMJ77,"CYGNET SHERWOOD HOUSE",0,0,0,0,0,0,0,0,,0,,0,0,0,0,0,0,,0,0,0,,0,0,0,0,0,0,0,0,0,0,,0,0,,0,0,0,0,0,0,0,0,0,0,0,0,0,0,0,0,0,0,0,0,0,0,0,0,0,0,0,0,0,0,0,0
No,Midlands,NMJ86,"CYGNET ACER CLINIC",0,0,0,0,0,0,0,0,0,0,0,0,0,0,0,0,0,0,0,0,0,0,0,0,0,0,0,0,0,0,0,0,0,0,0,0,0,0,0,0,0,0,0,0,0,0,0,0,0,0,0,0,0,0,0,0,0,0,0,0,0,0,0,0,0,0,0,0
No,Midlands,NMJ98,"CYGNET ST. AUGUSTINE'S",,0,0,0,0,0,0,0,0,0,0,0,0,0,0,0,0,,0,0,0,0,0,0,0,0,0,0,0,0,0,0,,0,0,,0,0,0,0,0,0,0,0,0,0,0,0,0,0,0,0,0,0,0,0,0,0,0,0,0,0,0,0,0,0,0,0
No,Midlands,NR3,"NOTTINGHAM CITYCARE PARTNERSHIP",0,0,0,0,0,0,0,0,0,0,0,0,0,0,0,0,0,0,0,0,0,0,0,0,0,0,0,0,0,0,0,0,0,0,0,0,0,0,0,0,0,0,0,0,0,0,0,0,0,0,0,0,0,0,0,0,0,0,0,0,0,0,0,0,0,0,0,0
No,Midlands,NV203,"THE HUNTERCOMBE HOSPITAL - STAFFORD",0,0,0,0,0,0,0,0,0,0,0,0,0,0,0,0,0,0,0,0,0,0,0,0,0,0,0,0,0,0,0,0,0,0,0,0,0,0,0,0,0,0,0,0,0,0,0,0,0,0,0,0,0,0,0,0,0,0,0,0,0,0,0,0,0,0,0,0
No,Midlands,NYA01,"ST ANDREW'S HEALTHCARE - NORTHAMPTON",0,0,0,0,0,0,0,0,0,0,0,0,0,0,0,0,0,0,0,0,0,0,0,0,0,0,0,0,0,0,0,0,0,0,0,0,0,0,0,0,0,0,0,0,0,0,0,0,0,0,0,0,0,0,0,0,0,0,0,0,0,0,0,0,0,0,0,0
No,Midlands,NYA03,"ST ANDREW'S HEALTHCARE - BIRMINGHAM",0,0,0,0,0,0,0,0,0,0,0,0,0,0,0,0,0,0,0,0,0,0,0,0,0,0,0,0,0,0,0,0,0,0,0,0,0,0,0,0,0,0,0,0,0,0,0,0,0,0,0,0,0,0,0,0,0,0,0,0,0,0,0,0,0,0,0,0
No,Midlands,NYA04,"ST ANDREW'S HEALTHCARE NOTTINGHAMSHIRE",0,0,0,0,0,0,0,0,0,0,0,0,0,0,0,0,0,0,0,0,0,0,0,0,0,0,0,0,0,0,0,0,0,0,0,0,0,0,0,0,0,0,0,0,0,0,0,0,0,0,0,0,0,0,0,0,0,0,0,0,0,0,0,0,0,0,0,0
No,Midlands,R1A,"HEREFORDSHIRE AND WORCESTERSHIRE HEALTH AND CARE NHS TRUST",0,0,0,0,0,0,0,0,0,0,0,0,0,0,0,0,0,0,0,0,0,0,0,0,0,0,0,0,0,0,0,0,0,0,0,0,0,0,0,0,0,0,0,0,0,0,0,0,0,0,0,0,0,0,0,0,0,0,0,0,0,0,0,0,0,0,0,0
No,Midlands,R1D,"SHROPSHIRE COMMUNITY HEALTH NHS TRUST",0,0,0,0,0,0,0,0,0,0,0,0,0,0,0,0,0,0,0,0,0,0,0,0,0,0,0,0,0,0,0,0,0,0,0,0,0,0,0,0,0,0,0,0,0,0,0,0,0,0,0,0,0,0,0,0,0,0,0,0,0,0,0,0,0,0,0,0
Yes,Midlands,RBK,"WALSALL HEALTHCARE NHS TRUST",5,4,4,7,6,7,7,5,3,3,3,4,3,4,3,3,6,6,6,7,5,8,8,10,11,12,13,10,7,7,8,8,8,7,7,7,7,7,8,8,10,11,11,11,9,9,7,7,9,10,9,10,9,8,7,7,7,7,8,9,9,8,8,7,7,7,6,6
Yes,Midlands,RFS,"CHESTERFIELD ROYAL HOSPITAL NHS FOUNDATION TRUST",4,4,4,,4,4,5,5,5,5,4,5,6,5,5,6,6,8,8,7,7,4,6,4,5,6,6,6,5,4,4,3,3,3,3,3,4,3,4,4,4,6,7,6,7,5,5,5,4,4,2,2,2,3,4,3,5,6,2,4,6,7,5,5,5,2,3,3
No,Midlands,RHA,"NOTTINGHAMSHIRE HEALTHCARE NHS FOUNDATION TRUST",0,0,0,0,0,0,0,0,0,0,0,0,0,0,0,0,0,0,0,0,0,0,0,0,0,0,0,0,0,0,0,0,0,0,0,0,0,0,0,0,0,0,0,0,0,0,0,0,0,0,0,0,0,0,0,0,0,0,0,0,0,0,0,0,0,0,0,0
Yes,Midlands,RJC,"SOUTH WARWICKSHIRE NHS FOUNDATION TRUST",1,2,2,2,2,2,2,2,2,1,1,1,1,1,1,1,1,0,1,2,3,3,3,3,3,2,1,1,1,1,1,1,1,2,2,2,2,2,2,4,4,3,4,4,4,4,5,3,3,4,4,5,5,3,3,3,3,3,3,3,2,2,3,2,2,2,2,2
Yes,Midlands,RJE,"UNIVERSITY HOSPITALS OF NORTH MIDLANDS NHS TRUST",10,8,12,12,13,14,14,15,15,13,13,13,13,14,14,15,15,14,13,14,15,15,16,16,17,17,16,15,14,16,16,16,15,14,15,13,14,14,13,13,12,14,14,14,14,14,12,13,14,13,13,14,12,10,8,12,14,14,15,14,14,13,13,12,10,10,12,13
Yes,Midlands,RK5,"SHERWOOD FOREST HOSPITALS NHS FOUNDATION TRUST",7,0,5,5,7,5,5,4,4,4,4,5,5,6,6,6,7,6,8,7,7,6,6,6,4,5,6,5,7,7,9,7,6,6,5,5,5,6,6,6,6,6,8,5,6,6,6,5,5,5,6,6,6,6,6,6,5,5,5,5,5,6,5,6,7,8,6,6
Yes,Midlands,RKB,"UNIVERSITY HOSPITALS COVENTRY AND WARWICKSHIRE NHS TRUST",10,10,10,11,10,9,8,8,7,7,8,8,9,10,10,10,11,11,11,10,14,15,17,16,16,13,13,13,12,12,11,11,11,13,13,14,14,14,15,13,15,14,11,11,10,8,7,9,10,10,10,10,10,9,10,11,10,9,9,9,8,6,6,7,7,7,7,7
No,Midlands,RL1,"THE ROBERT JONES AND AGNES HUNT ORTHOPAEDIC HOSPITAL NHS FOUNDATION TRUST",0,0,0,0,0,0,0,0,0,0,0,0,0,0,0,0,0,0,0,0,0,0,0,0,0,0,0,0,0,0,0,0,0,0,0,0,0,0,0,0,0,0,0,0,0,0,0,0,0,0,0,0,0,0,0,0,0,0,0,0,0,0,0,0,0,0,0,0
Yes,Midlands,RL4,"THE ROYAL WOLVERHAMPTON NHS TRUST",3,3,3,3,3,3,1,1,1,1,0,0,0,0,0,1,2,2,2,2,2,2,2,3,3,3,4,3,4,4,6,7,7,7,8,7,7,6,6,7,7,7,7,7,7,5,5,5,5,4,4,4,4,4,5,6,5,5,3,3,3,3,3,3,3,3,3,3
Yes,Midlands,RLQ,"WYE VALLEY NHS TRUST",3,3,3,3,2,2,2,1,1,1,1,0,0,0,0,1,1,1,1,1,0,0,0,0,0,0,0,0,0,0,0,0,0,1,0,0,0,0,0,0,0,0,0,2,1,1,1,1,1,0,0,0,0,1,1,1,1,0,0,0,0,0,0,1,1,1,2,2
Yes,Midlands,RLT,"GEORGE ELIOT HOSPITAL NHS TRUST",2,2,2,2,2,2,2,2,3,3,2,2,2,1,1,2,2,3,5,4,3,5,5,5,4,4,2,1,1,1,0,1,1,1,1,1,2,2,2,1,1,2,2,3,2,2,3,3,3,3,3,3,4,5,6,6,5,3,3,3,4,3,3,2,4,4,3,4
No,Midlands,RLY,"NORTH STAFFORDSHIRE COMBINED HEALTHCARE NHS TRUST",0,0,0,0,0,0,0,0,0,0,0,0,0,0,0,0,0,0,0,0,0,0,0,0,0,0,0,0,0,0,0,0,0,0,0,0,0,0,0,0,0,0,0,0,0,0,0,0,0,0,0,0,0,0,0,0,0,0,0,0,0,0,0,0,0,0,0,0
Yes,Midlands,RNA,"THE DUDLEY GROUP NHS FOUNDATION TRUST",8,7,6,8,7,7,7,7,6,6,7,6,8,9,9,10,11,10,11,8,9,9,9,10,9,11,9,9,9,9,9,11,12,12,11,11,10,10,10,11,11,11,8,8,8,8,9,9,9,10,9,9,9,9,9,9,9,9,9,10,10,9,10,12,11,11,12,13
Yes,Midlands,RNQ,"KETTERING GENERAL HOSPITAL NHS FOUNDATION TRUST",4,4,4,4,4,4,4,4,4,4,5,4,4,4,3,3,3,3,3,3,3,4,4,4,5,6,6,6,6,5,6,7,8,8,6,9,8,8,7,8,7,7,6,5,5,5,5,5,5,5,5,5,5,4,5,5,5,4,4,5,5,5,5,6,4,4,7,7
Yes,Midlands,RNS,"NORTHAMPTON GENERAL HOSPITAL NHS TRUST",6,5,5,6,6,5,4,4,4,4,4,5,5,5,5,6,6,6,6,6,6,6,6,5,5,6,6,4,3,3,3,5,5,5,5,4,4,4,4,4,3,3,2,1,1,1,1,0,1,1,2,2,2,3,3,4,4,7,4,4,6,6,6,6,6,6,6,5
No,Midlands,RP1,"NORTHAMPTONSHIRE HEALTHCARE NHS FOUNDATION TRUST",0,0,0,0,0,0,0,0,0,0,0,0,0,0,0,0,0,0,0,0,0,0,0,0,0,0,0,0,0,0,0,0,0,0,0,0,0,0,0,0,0,0,0,0,0,0,0,0,0,0,0,0,0,0,0,0,0,0,0,0,0,0,0,0,0,0,0,0
No,Midlands,RP7,"LINCOLNSHIRE PARTNERSHIP NHS FOUNDATION TRUST",0,0,0,0,0,0,0,0,0,0,0,0,0,0,0,0,0,0,0,0,0,0,0,0,0,0,0,0,0,0,0,0,0,0,0,0,0,0,0,0,0,0,0,0,0,0,0,0,0,0,0,0,0,0,0,0,0,0,0,0,0,0,0,0,0,0,0,0
Yes,Midlands,RQ3,"BIRMINGHAM WOMEN'S AND CHILDREN'S NHS FOUNDATION TRUST",0,0,0,0,0,0,0,0,0,1,1,1,1,1,1,2,1,0,0,0,0,0,0,0,0,1,2,2,2,2,2,2,2,2,1,1,1,1,0,0,0,0,1,1,1,1,1,1,1,1,1,1,1,1,1,1,1,0,0,0,0,0,0,0,0,0,0,1
No,Midlands,RRE,"MIDLANDS PARTNERSHIP NHS FOUNDATION TRUST",0,0,0,0,0,0,0,0,0,0,0,0,0,0,0,0,0,0,0,0,0,0,0,0,0,0,0,0,0,0,0,0,0,0,0,0,0,0,0,0,0,0,0,0,0,0,0,0,0,0,0,0,0,0,0,0,0,0,0,0,0,0,0,0,0,0,0,0
No,Midlands,RRJ,"THE ROYAL ORTHOPAEDIC HOSPITAL NHS FOUNDATION TRUST",0,0,0,0,0,0,0,0,0,0,0,0,0,0,0,0,0,0,0,0,0,0,0,0,0,0,0,0,0,0,0,0,0,0,1,1,1,1,1,0,0,0,0,0,0,0,0,0,0,0,0,0,0,0,0,0,0,0,0,0,0,0,0,0,0,0,0,0
Yes,Midlands,RRK,"UNIVERSITY HOSPITALS BIRMINGHAM NHS FOUNDATION TRUST",21,23,23,23,24,22,23,23,22,23,26,26,29,25,24,22,20,21,18,20,25,25,27,27,27,26,27,32,35,31,27,30,31,30,34,34,31,30,30,28,26,26,27,28,27,27,26,26,28,24,27,25,24,26,26,27,28,26,27,26,30,30,29,28,27,26,25,25
No,Midlands,RT5,"LEICESTERSHIRE PARTNERSHIP NHS TRUST",0,0,0,0,0,0,0,0,0,0,0,0,0,0,0,0,0,0,0,0,0,0,0,0,0,0,0,0,0,0,0,0,0,0,0,0,0,0,0,0,0,0,0,0,0,0,0,0,0,0,0,0,0,0,0,0,0,0,0,0,0,0,0,0,0,0,0,0
Yes,Midlands,RTG,"UNIVERSITY HOSPITALS OF DERBY AND BURTON NHS FOUNDATION TRUST",6,6,5,5,3,4,4,4,4,6,6,5,4,5,3,3,4,4,4,5,4,4,4,4,4,3,4,3,4,4,5,6,4,6,6,8,10,9,9,8,8,8,7,6,5,5,6,4,4,4,5,5,5,3,4,4,4,4,3,3,3,4,4,3,3,4,3,2
Yes,Midlands,RWD,"UNITED LINCOLNSHIRE HOSPITALS NHS TRUST",7,7,7,7,7,7,8,8,6,6,7,8,7,6,6,6,6,6,8,7,8,8,8,11,11,11,11,12,10,10,10,11,11,10,10,10,8,9,10,10,12,12,12,12,11,11,11,10,10,11,10,11,11,11,10,10,10,10,11,10,9,8,8,7,7,7,9,9
Yes,Midlands,RWE,"UNIVERSITY HOSPITALS OF LEICESTER NHS TRUST",13,13,13,13,15,15,15,16,15,12,13,12,12,13,10,11,12,11,9,10,9,10,13,12,13,14,16,16,16,16,15,15,12,12,12,14,14,12,16,15,12,13,13,11,9,8,6,5,4,6,6,7,7,8,11,9,9,10,10,9,10,10,10,10,12,14,14,11
Yes,Midlands,RWP,"WORCESTERSHIRE ACUTE HOSPITALS NHS TRUST",2,2,2,2,3,3,5,6,3,3,3,4,3,3,4,3,3,3,3,3,3,3,4,3,2,2,1,2,3,3,1,1,1,3,4,4,4,4,4,5,6,5,6,4,5,6,7,8,6,6,5,5,4,5,6,5,5,3,5,6,5,4,4,4,5,4,4,4
Yes,Midlands,RX1,"NOTTINGHAM UNIVERSITY HOSPITALS NHS TRUST",11,12,13,11,11,12,11,12,10,9,10,11,10,11,13,13,13,11,11,11,11,11,11,11,12,13,12,13,12,15,16,15,14,14,14,11,12,13,15,14,13,14,16,17,16,16,16,16,14,14,14,12,10,11,10,12,11,14,15,14,15,12,12,14,16,15,15,14
Yes,Midlands,RXK,"SANDWELL AND WEST BIRMINGHAM HOSPITALS NHS TRUST",5,5,5,5,6,5,5,5,4,5,8,8,8,9,9,10,11,10,9,11,11,11,9,9,9,7,7,7,8,8,6,6,14,9,8,8,7,10,10,10,11,9,11,10,11,10,10,10,8,8,10,9,11,11,12,12,12,11,11,12,18,14,13,13,13,13,13,13
No,Midlands,RXM,"DERBYSHIRE HEALTHCARE NHS FOUNDATION TRUST",0,0,0,0,0,0,0,0,0,0,0,0,0,0,0,0,0,0,0,0,0,0,0,0,0,0,0,0,0,0,0,0,0,0,0,0,0,0,0,0,0,0,0,0,0,0,0,0,0,0,0,0,0,0,0,,0,0,0,0,0,0,0,0,0,0,0,0
No,Midlands,RXT,"BIRMINGHAM AND SOLIHULL MENTAL HEALTH NHS FOUNDATION TRUST",0,0,0,0,0,0,0,0,0,0,0,0,0,0,0,0,0,0,0,0,0,,0,0,0,0,0,0,0,0,0,0,0,0,0,0,0,0,0,0,0,0,0,0,0,0,0,0,0,0,0,0,0,0,0,0,0,0,0,0,0,0,0,0,0,0,0,0
Yes,Midlands,RXW,"SHREWSBURY AND TELFORD HOSPITAL NHS TRUST",2,2,2,2,2,1,0,0,1,1,1,1,1,1,2,2,2,3,2,2,3,4,3,3,2,3,3,3,4,4,6,7,7,5,6,6,6,6,6,6,6,6,5,4,4,5,5,5,4,5,6,6,6,6,6,7,7,7,8,7,7,,5,6,5,5,5,5
No,Midlands,RY5,"LINCOLNSHIRE COMMUNITY HEALTH SERVICES NHS TRUST",0,0,0,0,0,0,0,0,0,0,0,0,0,0,0,0,0,0,0,0,0,0,0,0,0,0,0,0,0,0,0,0,0,0,0,0,0,0,0,0,0,0,0,0,0,0,0,0,0,0,0,0,0,0,0,0,0,0,0,0,0,0,0,0,0,0,0,0
No,Midlands,RY8,"DERBYSHIRE COMMUNITY HEALTH SERVICES NHS FOUNDATION TRUST",0,0,0,0,0,0,0,0,0,0,0,0,0,0,0,0,0,0,0,0,0,0,0,0,0,0,0,0,0,0,0,0,0,0,0,0,0,0,0,0,0,0,0,0,0,0,0,0,0,0,0,0,0,0,0,0,0,0,0,0,0,0,0,0,0,0,0,0
No,Midlands,RYG,"COVENTRY AND WARWICKSHIRE PARTNERSHIP NHS TRUST",0,0,0,0,0,0,0,0,0,0,0,0,0,0,0,0,0,0,0,0,0,0,0,0,0,0,0,0,0,0,0,0,0,0,0,0,0,0,0,0,0,0,0,0,0,0,0,0,0,0,0,0,0,0,0,0,0,0,0,0,0,0,0,0,0,0,0,0
No,Midlands,RYW,"BIRMINGHAM COMMUNITY HEALTHCARE NHS FOUNDATION TRUST",0,0,0,0,0,0,0,0,0,0,0,0,0,0,0,0,0,0,0,0,0,0,0,0,0,0,0,0,0,0,,0,0,0,0,0,0,0,0,0,0,0,0,0,0,0,0,0,0,0,0,0,0,0,0,0,0,0,0,0,0,0,0,0,0,0,0,0
No,Midlands,TAJ,"BLACK COUNTRY HEALTHCARE NHS FOUNDATION TRUST",0,0,0,0,0,0,0,0,0,0,0,0,0,0,0,0,0,0,0,0,0,0,0,0,0,0,0,0,0,0,0,0,0,0,0,0,0,0,0,0,0,0,0,0,0,0,0,0,0,0,0,0,0,0,0,0,0,0,0,0,0,0,0,0,0,0,0,0
No,"North East and Yorkshire",DE824,"SPRING WOOD LODGE",0,0,0,0,0,0,0,0,0,0,0,0,0,0,0,0,0,0,0,0,0,0,0,0,0,0,0,0,0,0,0,0,0,0,0,0,0,0,0,0,0,0,0,0,0,0,0,0,0,0,0,0,0,0,0,0,0,0,0,0,0,0,0,0,0,0,0,0
No,"North East and Yorkshire",NL3,"CARE PLUS GROUP",0,0,0,0,0,0,0,0,0,,0,0,0,0,0,0,0,0,0,0,0,0,0,0,0,0,0,0,0,0,0,0,0,0,0,0,0,0,0,0,0,0,0,0,0,0,0,0,0,0,0,0,0,0,0,0,0,0,0,0,0,0,0,0,0,0,0,0
No,"North East and Yorkshire",NL8,"LOCALA COMMUNITY PARTNERSHIPS CIC",0,0,0,0,0,0,0,0,0,0,0,0,0,0,0,0,0,0,0,0,0,0,0,0,0,0,0,0,0,0,0,0,0,0,0,0,0,0,0,0,0,0,0,0,0,0,0,0,0,0,0,0,0,0,0,0,0,0,0,0,0,0,0,0,0,0,0,0
No,"North East and Yorkshire",NMJ02,"CYGNET HOSPITAL BIERLEY",0,0,0,0,0,0,0,0,0,0,0,0,0,0,0,0,0,0,0,0,0,0,0,,0,0,0,0,0,0,0,0,0,0,0,0,0,0,0,0,0,0,0,0,0,0,0,0,0,0,0,0,0,0,0,0,0,0,0,0,0,0,0,0,0,0,0,0
No,"North East and Yorkshire",NMJ06,"CYGNET LODGE BRIGHOUSE",0,0,0,0,0,0,0,0,0,0,0,0,0,0,0,0,0,0,0,,0,0,0,,0,0,0,0,0,0,0,0,0,0,0,0,0,0,0,0,0,0,0,0,0,0,0,0,0,0,0,0,0,0,0,0,0,0,0,0,0,0,0,0,0,0,0,0
No,"North East and Yorkshire",NMJ09,"CYGNET HOSPITAL HARROGATE",0,0,0,0,0,0,0,0,0,0,0,0,0,0,0,0,0,0,0,0,0,0,0,0,0,0,0,,0,0,0,0,0,0,0,0,0,0,0,0,0,0,0,0,0,0,0,0,0,0,0,0,0,0,0,0,0,0,,0,0,0,0,0,0,0,0,0
No,"North East and Yorkshire",NMJ12,"CYGNET HOSPITAL WYKE",0,0,0,0,0,0,0,0,0,0,0,0,0,0,0,0,,,0,0,0,0,0,0,0,0,0,0,0,0,0,0,0,0,0,0,0,0,0,0,0,0,0,0,0,0,0,0,0,0,0,0,0,0,0,0,0,0,,0,0,0,0,0,0,0,0,0
No,"North East and Yorkshire",NMJ23,"CYGNET HOSPITAL SHEFFIELD",0,0,0,0,0,0,0,0,0,0,0,0,0,0,0,0,0,0,0,0,0,0,0,0,0,0,0,0,0,0,0,0,0,0,,0,0,0,0,0,0,0,0,0,0,0,0,0,0,0,0,0,0,0,0,0,0,0,0,0,0,0,0,0,0,0,0,0
No,"North East and Yorkshire",NMJ50,"CYGNET APPLETREE",,,,,,,,,,,,,,,,,,,,,,,,,,,,,,,,,,,,,,,,,,,,,,,,,,,,,,,,,,,,,,,,,,,,
No,"North East and Yorkshire",NMJ90,"CYGNET OAKS",0,0,0,0,0,0,0,0,0,0,0,0,0,0,0,0,0,,0,0,0,0,0,0,0,0,0,0,0,0,0,0,,0,0,0,0,0,0,0,0,0,0,0,0,0,0,0,0,0,0,0,0,0,0,0,0,0,0,0,0,0,0,0,0,0,0,0
No,"North East and Yorkshire",NNF,"CITY HEALTH CARE PARTNERSHIP CIC",0,0,0,0,0,0,0,0,0,0,0,0,0,0,0,0,0,0,0,0,0,0,0,0,0,0,0,0,0,0,0,0,0,0,0,0,0,0,0,0,0,0,0,0,0,0,0,0,0,0,0,0,0,0,0,0,0,0,0,0,0,0,0,0,0,0,0,0
No,"North East and Yorkshire",NQL,"NAVIGO HEALTH AND SOCIAL CARE CIC",0,0,0,0,0,0,0,0,0,0,0,0,0,0,0,0,0,0,0,0,0,0,0,0,0,0,0,0,0,0,0,0,0,0,0,0,0,0,0,0,0,0,0,0,0,0,,0,0,0,0,0,0,0,0,0,0,0,,0,0,0,0,0,0,0,0,0
No,"North East and Yorkshire",NRN,"CHESWOLD PARK HOSPITAL",,,,,,,,,,,,,,,,,,,,,,,,,,,,,,,0,,,,,,,,,,,,,,,,,,,,,,,,,,,,,,,,,,,,,
No,"North East and Yorkshire",NRN01,"CHESWOLD PARK HOSPITAL (DONCASTER)",0,0,0,0,0,0,0,0,0,0,0,0,0,,0,0,0,0,0,0,0,0,0,0,0,0,0,0,0,0,,0,0,0,0,0,,,0,0,0,0,0,0,0,0,0,0,0,0,0,0,0,0,0,0,0,0,0,0,0,0,0,0,0,0,0,0
Yes,"North East and Yorkshire",R0B,"SOUTH TYNESIDE AND SUNDERLAND NHS FOUNDATION TRUST",8,7,7,7,8,8,8,7,7,7,6,6,6,5,5,5,6,6,6,6,6,5,4,4,4,4,4,5,4,5,6,6,5,5,6,6,5,5,5,5,4,5,6,6,6,8,9,9,9,9,9,10,9,10,10,10,9,9,9,9,10,8,8,8,8,9,9,9
Yes,"North East and Yorkshire",RAE,"BRADFORD TEACHING HOSPITALS NHS FOUNDATION TRUST",4,3,2,,2,3,3,4,2,2,3,4,3,3,3,5,5,5,5,6,6,4,3,3,4,3,2,3,2,3,3,3,3,3,2,2,,,,3,2,3,1,1,1,1,2,1,0,1,1,1,1,0,0,0,0,0,0,0,0,0,0,1,1,1,1,1
Yes,"North East and Yorkshire",RCB,"YORK AND SCARBOROUGH TEACHING HOSPITALS NHS FOUNDATION TRUST",3,3,3,3,2,4,4,4,5,3,3,3,3,4,3,4,5,4,5,5,6,4,3,3,4,5,5,4,5,6,6,7,5,5,5,4,3,3,5,4,4,3,3,3,4,4,4,4,4,3,2,5,4,4,3,4,4,3,4,4,3,3,1,1,1,2,1,1
Yes,"North East and Yorkshire",RCD,"HARROGATE AND DISTRICT NHS FOUNDATION TRUST",1,1,2,2,2,2,2,2,2,3,2,1,1,1,1,1,1,1,2,1,2,2,3,3,3,3,3,3,2,2,2,2,2,2,3,3,3,3,4,4,4,5,5,5,5,5,5,3,3,2,2,2,2,2,3,4,4,5,5,5,5,5,5,4,4,4,4,3
Yes,"North East and Yorkshire",RCF,"AIREDALE NHS FOUNDATION TRUST",1,2,2,2,1,1,3,3,3,3,5,4,4,4,3,2,3,3,3,3,3,3,3,3,3,2,2,1,1,1,1,2,2,2,1,1,2,2,2,2,2,2,3,3,4,4,4,4,4,5,4,3,2,2,1,1,1,1,1,1,2,2,2,2,2,1,1,1
Yes,"North East and Yorkshire",RCU,"SHEFFIELD CHILDREN'S NHS FOUNDATION TRUST",0,0,0,0,0,0,0,0,0,0,0,0,0,0,0,0,0,0,0,0,0,0,0,0,0,0,0,0,0,0,0,0,0,0,0,0,0,0,0,0,0,0,0,0,0,1,1,0,0,0,0,1,0,0,0,0,0,0,0,0,0,0,0,0,0,1,1,1
Yes,"North East and Yorkshire",RFF,"BARNSLEY HOSPITAL NHS FOUNDATION TRUST",5,5,5,5,6,6,6,5,5,5,5,5,5,5,5,6,6,6,6,6,6,6,7,7,7,8,10,9,9,8,8,9,8,8,8,7,7,7,7,9,8,8,8,4,4,4,5,5,5,5,6,6,6,8,7,6,6,6,6,6,4,4,4,3,2,2,2,4
Yes,"North East and Yorkshire",RFR,"THE ROTHERHAM NHS FOUNDATION TRUST",0,0,0,0,0,0,1,1,1,0,0,1,2,2,2,2,2,3,3,3,2,2,2,2,3,3,2,2,2,2,2,2,3,3,3,3,3,3,3,3,3,3,3,2,2,2,2,2,1,0,0,0,1,0,0,0,0,0,0,0,0,0,0,0,0,0,1,1
No,"North East and Yorkshire",RGD,"LEEDS AND YORK PARTNERSHIP NHS FOUNDATION TRUST",0,0,0,0,0,0,0,0,0,0,0,0,0,0,0,0,0,0,0,0,0,0,0,0,0,0,0,0,0,0,0,0,0,0,0,0,0,0,0,0,0,0,0,0,0,0,0,0,0,0,0,0,0,0,0,0,0,0,0,0,0,0,0,0,0,0,0,0
Yes,"North East and Yorkshire",RHQ,"SHEFFIELD TEACHING HOSPITALS NHS FOUNDATION TRUST",14,14,12,12,11,12,15,14,14,12,14,16,14,15,15,15,14,14,14,13,13,13,13,14,11,11,9,9,8,8,8,9,8,8,8,9,8,8,9,9,9,9,9,9,8,7,8,10,8,8,8,9,10,10,13,14,14,13,14,14,14,14,12,12,8,7,6,5
Yes,"North East and Yorkshire",RJL,"NORTHERN LINCOLNSHIRE AND GOOLE NHS FOUNDATION TRUST",8,8,8,8,9,9,9,9,9,9,9,9,9,9,9,8,8,8,8,8,8,9,9,9,9,9,9,9,9,9,9,9,9,9,9,9,9,9,9,9,9,9,9,10,10,9,9,8,8,8,8,8,8,8,8,9,9,9,9,9,9,9,9,9,9,10,10,10
Yes,"North East and Yorkshire",RNN,"NORTH CUMBRIA INTEGRATED CARE NHS FOUNDATION TRUST",2,3,3,4,4,5,5,5,5,2,3,4,5,4,4,2,2,2,3,3,3,3,3,4,4,5,6,4,4,4,4,4,3,3,2,2,2,2,2,2,0,0,0,0,0,1,1,1,1,1,5,5,4,3,3,2,2,2,1,1,3,1,0,0,0,0,0,0
Yes,"North East and Yorkshire",RP5,"DONCASTER AND BASSETLAW TEACHING HOSPITALS NHS FOUNDATION TRUST",7,6,6,7,6,5,3,2,2,3,4,4,4,4,5,4,3,3,3,5,6,7,9,8,9,9,11,10,7,6,7,7,8,10,9,11,10,9,10,12,10,10,10,11,12,11,10,11,10,10,12,11,14,13,13,13,11,11,11,13,14,13,14,12,10,11,10,9
Yes,"North East and Yorkshire",RR7,"GATESHEAD HEALTH NHS FOUNDATION TRUST",5,4,5,4,4,4,5,4,4,4,5,3,2,2,2,2,3,2,3,4,4,4,6,6,6,8,8,10,9,10,5,10,5,3,4,4,2,2,5,4,3,4,4,3,3,2,2,3,3,3,2,1,1,1,1,1,1,3,3,3,3,3,3,3,2,2,2,1
Yes,"North East and Yorkshire",RR8,"LEEDS TEACHING HOSPITALS NHS TRUST",12,14,15,13,15,15,15,16,16,15,14,14,15,15,18,21,15,16,18,18,15,17,16,14,15,18,18,16,18,18,18,15,18,21,21,16,17,16,16,16,15,14,13,12,12,11,11,11,13,10,7,8,7,7,5,7,5,5,7,7,8,10,10,10,9,7,8,8
Yes,"North East and Yorkshire",RTD,"THE NEWCASTLE UPON TYNE HOSPITALS NHS FOUNDATION TRUST",13,9,11,10,11,10,10,10,9,9,8,7,7,8,7,7,6,5,7,7,6,7,8,8,8,8,8,7,7,7,8,7,6,6,8,7,5,8,8,5,6,6,5,6,6,6,7,5,7,6,6,7,8,7,8,8,8,8,7,9,8,8,9,8,7,7,8,8
Yes,"North East and Yorkshire",RTF,"NORTHUMBRIA HEALTHCARE NHS FOUNDATION TRUST",11,11,15,14,14,13,13,12,13,9,12,13,13,15,14,14,12,10,13,11,9,10,13,14,14,15,15,17,18,16,16,15,14,14,14,14,15,15,14,13,10,9,9,8,10,9,6,8,11,12,11,9,11,10,9,11,12,12,12,8,9,8,6,7,7,7,7,6
Yes,"North East and Yorkshire",RTR,"SOUTH TEES HOSPITALS NHS FOUNDATION TRUST",6,7,7,7,6,6,8,8,8,8,6,6,7,7,5,5,5,6,6,6,6,6,7,7,7,7,8,8,10,9,9,9,8,8,8,7,7,7,6,5,6,7,6,6,6,8,8,10,8,8,7,7,7,7,5,8,7,6,7,7,6,6,7,7,7,6,6,6
No,"North East and Yorkshire",RV9,"HUMBER TEACHING NHS FOUNDATION TRUST",0,0,0,0,0,0,0,0,0,0,0,0,0,0,0,0,0,0,0,0,0,0,0,0,0,0,0,0,0,0,0,0,0,0,0,0,0,0,0,0,0,0,0,0,0,0,0,0,0,0,0,0,0,0,0,0,0,0,0,0,0,0,0,0,0,0,0,0
Yes,"North East and Yorkshire",RVW,"NORTH TEES AND HARTLEPOOL NHS FOUNDATION TRUST",5,5,5,7,7,6,6,8,7,7,7,6,5,5,5,5,5,5,5,4,4,4,4,5,6,6,6,6,5,5,5,5,5,5,5,5,6,6,6,7,7,6,6,4,4,5,6,6,6,7,8,8,7,7,8,8,7,8,7,6,12,7,7,6,6,6,6,6
Yes,"North East and Yorkshire",RWA,"HULL UNIVERSITY TEACHING HOSPITALS NHS TRUST",2,2,2,2,2,2,2,4,4,2,1,2,3,3,3,3,4,6,7,7,7,8,10,10,10,9,8,7,7,6,9,9,7,4,4,6,8,8,8,8,9,8,6,8,9,9,8,6,6,6,5,5,4,6,7,6,8,7,8,8,8,10,9,9,10,10,11,8
Yes,"North East and Yorkshire",RWY,"CALDERDALE AND HUDDERSFIELD NHS FOUNDATION TRUST",10,10,10,10,10,9,9,10,9,8,7,8,7,7,6,5,5,5,7,6,7,6,6,6,6,5,5,5,5,5,5,5,5,4,4,4,3,3,3,4,4,5,5,5,4,5,5,6,6,5,6,7,7,7,5,4,5,5,5,6,6,4,5,5,5,5,5,6
No,"North East and Yorkshire",RX3,"TEES, ESK AND WEAR VALLEYS NHS FOUNDATION TRUST",0,0,0,0,0,0,0,0,0,0,0,0,0,0,0,0,0,0,0,0,0,0,0,0,0,0,0,0,0,0,0,0,0,0,0,0,0,0,0,0,0,0,0,0,0,0,0,0,0,0,0,0,0,0,0,0,0,0,0,0,0,0,0,0,0,0,0,0
No,"North East and Yorkshire",RX4,"CUMBRIA, NORTHUMBERLAND, TYNE AND WEAR NHS FOUNDATION TRUST",0,0,0,0,0,0,0,0,0,0,0,0,0,0,0,0,0,0,0,0,0,0,0,0,0,0,0,0,0,0,0,0,0,0,0,0,0,0,0,0,0,0,0,0,0,0,0,0,0,0,0,0,0,0,0,0,0,0,0,0,0,0,0,0,0,0,0,0
No,"North East and Yorkshire",RXE,"ROTHERHAM DONCASTER AND SOUTH HUMBER NHS FOUNDATION TRUST",,0,0,0,0,0,0,0,0,0,0,0,0,0,0,0,0,0,0,0,0,0,0,0,0,0,0,0,0,0,0,0,0,0,0,0,0,0,0,0,0,0,0,0,0,0,0,0,0,0,0,0,0,0,0,0,0,0,0,0,0,0,0,0,0,0,0,0
Yes,"North East and Yorkshire",RXF,"MID YORKSHIRE HOSPITALS NHS TRUST",4,4,4,4,3,2,2,2,2,2,2,2,4,5,5,4,4,4,4,4,4,4,4,4,6,5,6,5,5,6,8,9,8,8,9,9,9,6,6,6,6,5,5,5,4,3,3,3,3,3,2,3,3,4,5,5,6,5,5,5,5,,5,4,4,4,5,5
No,"North East and Yorkshire",RXG,"SOUTH WEST YORKSHIRE PARTNERSHIP NHS FOUNDATION TRUST",0,0,0,0,0,0,0,0,0,0,0,0,0,0,0,0,0,0,0,0,0,0,0,0,0,0,0,0,0,0,0,0,0,0,0,0,0,0,0,0,0,0,0,0,0,0,0,0,0,0,0,0,0,0,0,0,0,0,0,0,0,0,0,0,0,0,0,0
Yes,"North East and Yorkshire",RXP,"COUNTY DURHAM AND DARLINGTON NHS FOUNDATION TRUST",4,5,5,4,3,3,2,3,4,4,5,5,4,5,4,5,5,4,5,4,4,5,5,6,6,7,9,8,9,8,8,8,9,6,9,9,9,9,9,8,8,6,7,7,10,10,11,11,10,11,11,10,10,9,9,7,8,9,10,9,8,9,9,9,9,8,8,9
No,"North East and Yorkshire",RY6,"LEEDS COMMUNITY HEALTHCARE NHS TRUST",0,0,0,0,0,0,0,0,0,0,0,0,0,0,0,0,0,0,0,0,0,0,0,0,0,0,0,0,0,0,0,0,0,0,0,0,0,0,0,0,0,0,0,0,0,0,0,0,0,0,0,0,0,0,0,0,0,0,0,0,0,0,0,0,0,0,0,0
No,"North East and Yorkshire",TAD,"BRADFORD DISTRICT CARE NHS FOUNDATION TRUST",0,0,0,0,0,0,0,0,0,0,0,0,0,0,0,0,0,0,0,0,0,0,0,0,0,0,0,0,0,0,0,0,0,0,0,0,0,0,0,0,0,0,0,0,0,0,0,0,0,0,0,0,0,0,0,0,0,0,0,0,0,0,0,0,0,0,0,0
No,"North East and Yorkshire",TAH,"SHEFFIELD HEALTH & SOCIAL CARE NHS FOUNDATION TRUST",0,0,0,0,0,0,0,0,0,0,0,0,0,0,0,0,0,0,0,0,0,0,0,0,0,0,0,0,0,0,0,0,0,0,0,0,0,0,0,0,0,0,0,0,0,0,0,0,0,0,0,0,0,0,0,0,0,0,0,0,0,0,0,0,0,0,0,0
No,"North West",DE802,"ARBURY COURT",0,0,0,0,0,0,0,0,0,0,0,0,0,0,0,0,0,0,0,0,0,0,0,0,0,0,0,0,0,0,0,0,0,0,0,0,0,0,0,0,0,0,0,0,0,0,0,0,0,0,0,0,0,0,0,0,0,0,0,0,0,0,0,0,0,0,0,0
No,"North West",NMJ22,"CYGNET HOSPITAL BURY",0,0,0,0,0,0,0,0,0,0,0,0,0,0,0,0,0,0,0,0,0,0,0,0,0,0,0,0,0,0,0,,0,0,,0,0,0,0,0,0,0,0,0,0,0,0,0,0,0,0,0,0,0,0,0,0,0,0,0,0,0,0,0,0,0,0,0
No,"North West",NV201,"THE HUNTERCOMBE HOSPITAL - MAIDENHEAD",0,0,0,0,0,0,0,0,0,0,0,0,0,0,0,0,0,0,0,0,0,0,0,0,0,0,0,0,0,0,0,0,0,0,0,0,0,0,0,0,0,0,0,0,0,0,0,0,0,0,0,0,0,0,0,0,0,0,0,0,0,0,0,0,0,0,0,0
Yes,"North West",R0A,"MANCHESTER UNIVERSITY NHS FOUNDATION TRUST",14,14,13,13,14,13,11,11,11,12,13,13,13,14,15,15,15,15,15,16,16,13,12,12,13,16,14,13,16,15,15,16,15,16,15,14,14,17,13,12,9,10,10,11,12,13,12,12,12,10,10,9,10,9,8,10,12,12,10,11,12,10,10,11,12,12,13,13
Yes,"North West",RBL,"WIRRAL UNIVERSITY TEACHING HOSPITAL NHS FOUNDATION TRUST",3,4,4,4,4,4,6,4,3,2,2,3,5,5,5,5,5,4,2,2,2,1,1,2,2,2,2,2,2,2,2,2,4,4,3,4,3,3,3,3,3,1,2,2,2,3,3,4,3,2,2,3,2,2,2,2,3,4,3,3,4,3,4,4,4,5,5,5
Yes,"North West",RBN,"ST HELENS AND KNOWSLEY TEACHING HOSPITALS NHS TRUST",2,2,2,2,1,2,3,4,4,4,3,3,3,2,2,3,3,2,3,2,2,4,4,4,4,5,5,5,5,5,4,5,6,6,5,5,5,5,6,4,4,4,4,4,7,7,8,7,7,4,4,3,2,1,3,3,3,2,1,1,1,1,1,2,2,2,2,2
No,"North West",RBQ,"LIVERPOOL HEART AND CHEST HOSPITAL NHS FOUNDATION TRUST",0,0,0,1,1,1,1,1,1,1,1,1,0,0,0,1,1,1,1,2,2,1,0,0,1,1,1,1,1,1,1,1,2,2,2,1,1,0,0,0,0,0,0,0,0,0,1,1,1,1,0,0,0,0,0,0,0,0,0,0,0,0,0,0,0,0,0,0
Yes,"North West",RBS,"ALDER HEY CHILDREN'S NHS FOUNDATION TRUST",0,0,0,0,0,0,0,1,1,1,1,1,1,0,0,0,0,0,0,0,0,0,0,0,0,0,0,0,0,0,0,0,0,0,0,0,0,0,0,0,1,1,1,0,0,0,0,0,0,0,0,1,1,1,1,1,1,1,1,2,2,2,2,,2,1,1,1
Yes,"North West",RBT,"MID CHESHIRE HOSPITALS NHS FOUNDATION TRUST",3,3,,,3,3,2,2,1,2,3,3,3,4,4,4,3,2,1,2,2,3,2,2,3,3,3,4,4,4,3,3,4,4,3,2,3,3,3,4,6,6,6,6,4,4,4,4,2,4,3,4,4,3,3,3,4,3,5,5,6,5,5,5,5,5,5,4
No,"North West",RBV,"THE CHRISTIE NHS FOUNDATION TRUST",0,0,0,0,0,0,0,0,0,0,0,0,0,0,0,0,0,0,0,0,0,0,0,0,0,0,0,1,1,1,1,1,1,1,1,1,1,1,1,1,1,1,1,1,1,1,1,1,1,1,1,1,1,0,0,0,0,0,0,0,0,0,0,0,0,0,0,0
Yes,"North West",REM,"LIVERPOOL UNIVERSITY HOSPITALS NHS FOUNDATION TRUST",12,12,12,10,13,11,13,11,13,13,16,16,14,14,13,12,15,14,13,14,13,12,11,13,13,13,11,11,12,16,14,16,17,15,14,13,12,12,11,10,10,9,14,14,14,14,14,14,13,14,14,13,14,13,11,11,11,11,12,11,9,11,9,10,10,13,13,14
No,"North West",REN,"THE CLATTERBRIDGE CANCER CENTRE NHS FOUNDATION TRUST",0,0,0,0,,0,0,0,0,0,0,0,0,0,0,0,0,0,0,0,0,0,0,0,0,0,0,0,0,0,0,0,0,0,0,0,0,0,0,0,0,0,0,0,0,0,0,0,0,0,0,0,0,0,0,0,0,0,0,0,0,0,0,0,0,0,0,0
No,"North West",REP,"LIVERPOOL WOMEN'S NHS FOUNDATION TRUST",0,0,0,0,0,0,0,0,0,0,0,0,0,0,0,0,0,0,0,0,0,0,0,0,0,0,0,0,0,0,0,0,0,0,0,0,0,0,0,0,0,0,0,0,0,0,0,0,0,0,0,0,0,0,0,0,0,0,0,0,0,0,0,0,0,0,0,0
No,"North West",RET,"THE WALTON CENTRE NHS FOUNDATION TRUST",0,0,0,0,0,0,0,0,0,0,0,0,0,0,0,0,0,0,0,0,0,0,0,0,0,0,0,0,0,0,0,0,0,0,0,1,1,1,1,1,1,1,1,1,1,1,1,1,0,0,0,1,0,0,0,0,0,0,0,0,0,0,0,0,0,0,0,0
Yes,"North West",RJN,"EAST CHESHIRE NHS TRUST",2,2,2,1,1,1,1,1,1,0,0,0,0,1,1,1,2,2,1,1,1,1,1,1,2,3,3,3,2,1,1,1,2,2,3,3,3,3,3,3,3,3,3,3,3,2,3,3,3,3,3,3,3,2,2,2,2,2,2,2,2,1,1,1,1,2,2,2
Yes,"North West",RJR,"COUNTESS OF CHESTER HOSPITAL NHS FOUNDATION TRUST",5,5,3,3,4,5,4,5,4,5,4,4,5,5,5,5,4,4,0,5,5,4,7,7,7,7,4,6,5,5,4,4,4,4,4,4,4,4,4,3,2,3,4,5,6,6,6,7,7,6,7,7,7,6,6,5,5,6,6,6,5,6,6,4,5,5,5,4
Yes,"North West",RM3,"NORTHERN CARE ALLIANCE NHS FT",12,8,8,10,12,14,17,12,16,15,13,10,14,12,17,13,12,15,11,14,15,14,9,9,12,16,15,18,16,16,16,18,20,18,17,17,17,15,15,16,14,15,13,15,15,16,15,11,11,11,11,14,14,15,16,19,19,15,18,19,16,16,17,17,16,20,15,15
Yes,"North West",RMC,"BOLTON NHS FOUNDATION TRUST",4,4,4,4,6,6,6,7,4,5,5,6,6,5,5,4,4,4,4,5,3,2,2,2,2,2,1,3,4,5,5,6,6,5,5,3,4,5,5,4,4,5,4,5,7,6,6,6,6,6,6,6,6,7,5,7,7,6,6,6,5,5,5,7,7,7,7,6
Yes,"North West",RMP,"TAMESIDE AND GLOSSOP INTEGRATED CARE NHS FOUNDATION TRUST",0,0,0,0,0,0,0,1,1,2,3,3,3,3,4,4,4,4,4,3,2,2,3,3,2,2,2,2,2,2,2,3,2,2,2,4,3,3,3,2,2,2,4,3,3,3,3,2,1,1,1,2,2,2,3,2,3,3,3,3,2,2,2,2,2,3,3,3
Yes,"North West",RRF,"WRIGHTINGTON, WIGAN AND LEIGH NHS FOUNDATION TRUST",4,3,4,3,3,3,4,4,3,3,3,3,2,2,3,2,1,1,3,3,3,3,2,2,3,2,3,4,4,4,4,4,5,5,6,5,7,8,7,7,7,6,5,5,6,5,5,6,6,6,6,6,5,5,5,4,5,5,5,5,3,3,4,4,4,4,4,4
No,"North West",RT2,"PENNINE CARE NHS FOUNDATION TRUST",0,0,0,0,0,0,0,0,0,0,0,0,0,0,0,0,0,0,0,0,0,0,0,0,0,0,0,0,,0,0,0,0,0,0,0,0,0,0,0,0,0,0,0,0,0,0,0,0,0,0,0,0,0,0,0,0,0,0,0,0,0,0,0,0,0,0,0
No,"North West",RTV,"NORTH WEST BOROUGHS HEALTHCARE NHS FOUNDATION TRUST",,,,,,,,,,,,,,,,,,,,,,,,,,,,,,,,,,,,,,,,,,,,,,,,,,,,,,,,,,,,,,,,,,,,
Yes,"North West",RTX,"UNIVERSITY HOSPITALS OF MORECAMBE BAY NHS FOUNDATION TRUST",3,3,4,4,4,4,4,3,2,2,3,3,3,2,2,2,3,3,3,3,2,2,3,3,2,3,3,2,2,3,4,4,4,4,5,6,7,5,5,5,5,5,5,5,6,6,7,8,7,6,6,5,5,5,5,5,7,6,6,6,6,4,4,5,3,3,4,4
Yes,"North West",RVY,"SOUTHPORT AND ORMSKIRK HOSPITAL NHS TRUST",1,1,3,3,3,4,4,3,3,3,4,6,6,5,5,5,5,5,6,7,6,5,2,2,3,3,3,2,2,4,3,3,4,5,5,5,5,4,4,4,4,4,4,3,1,4,3,1,1,1,1,2,2,4,6,6,6,6,6,6,6,5,5,6,6,6,6,6
No,"North West",RW4,"MERSEY CARE NHS FOUNDATION TRUST",0,0,0,0,0,0,0,0,0,0,0,0,0,0,0,0,0,0,0,0,0,0,0,0,0,0,0,0,0,0,0,0,0,0,0,0,0,0,0,0,0,0,0,0,0,0,0,0,0,0,0,0,0,0,0,0,0,0,0,0,0,0,0,0,0,0,0,0
No,"North West",RW5,"LANCASHIRE & SOUTH CUMBRIA NHS FOUNDATION TRUST",0,0,0,0,0,0,0,0,0,0,0,0,0,0,0,0,0,0,0,0,0,0,0,0,0,0,0,0,0,0,0,0,0,0,0,0,0,0,0,0,0,0,0,0,0,0,0,0,0,0,0,0,0,0,0,0,0,0,0,0,0,0,0,0,0,0,0,0
Yes,"North West",RW6,"PENNINE ACUTE HOSPITALS NHS TRUST",,,,,,,,,,,,,,,,,,,,,,,,,,,,,,,,,,,,,,,,,,,,,,,,,,,,,,,,,,,,,,,,,,,,
Yes,"North West",RWJ,"STOCKPORT NHS FOUNDATION TRUST",5,4,4,4,4,5,5,3,4,5,4,6,8,6,4,4,5,6,6,6,5,4,3,3,3,3,2,3,3,4,4,4,5,4,4,3,4,5,5,4,5,4,3,3,3,4,4,4,4,3,3,2,2,3,3,2,2,4,3,3,3,3,3,2,3,4,3,2
Yes,"North West",RWW,"WARRINGTON AND HALTON TEACHING HOSPITALS NHS FOUNDATION TRUST",6,5,5,6,6,6,7,9,9,10,8,8,6,6,6,6,7,5,7,7,6,6,6,6,6,6,6,4,5,5,5,5,5,7,8,8,6,6,4,5,5,6,7,5,6,5,5,5,5,5,4,2,2,3,4,5,5,5,5,4,5,5,5,6,6,6,7,6
No,"North West",RXA,"CHESHIRE AND WIRRAL PARTNERSHIP NHS FOUNDATION TRUST",0,0,0,0,0,0,0,0,0,0,0,0,0,0,0,0,0,0,0,0,0,0,0,0,0,0,0,0,0,0,0,0,0,0,0,0,0,0,0,0,0,0,0,0,0,0,0,0,0,0,0,0,0,0,0,0,0,0,0,0,0,0,0,0,0,0,0,0
Yes,"North West",RXL,"BLACKPOOL TEACHING HOSPITALS NHS FOUNDATION TRUST",6,5,5,4,5,5,4,2,3,3,2,1,1,2,2,4,5,6,7,6,7,8,7,7,9,8,7,7,8,7,7,7,6,5,5,5,7,6,7,6,6,6,7,8,9,7,5,6,5,5,5,5,4,4,4,5,5,4,3,2,2,3,4,4,4,2,2,2
Yes,"North West",RXN,"LANCASHIRE TEACHING HOSPITALS NHS FOUNDATION TRUST",1,1,0,0,0,1,0,0,0,1,1,0,0,0,0,0,0,0,0,0,2,2,2,2,3,4,4,3,1,2,2,2,1,2,2,2,2,2,2,1,2,2,3,1,2,0,1,1,1,1,1,1,1,1,2,3,2,3,3,2,0,0,0,0,0,0,1,1
Yes,"North West",RXR,"EAST LANCASHIRE HOSPITALS NHS TRUST",5,6,5,0,4,4,3,4,5,4,4,5,5,5,5,5,6,5,4,5,8,8,8,10,9,11,10,10,10,10,10,10,10,10,10,10,9,12,12,13,12,12,10,12,11,11,9,8,9,8,8,7,7,7,7,7,7,9,10,9,9,9,9,8,8,8,7,7
No,"North West",RXV,"GREATER MANCHESTER MENTAL HEALTH NHS FOUNDATION TRUST",0,0,0,0,0,0,0,0,0,0,0,0,0,0,0,0,0,0,0,0,0,0,0,0,0,0,0,0,0,0,0,0,0,0,0,0,0,0,0,0,0,0,0,0,0,0,0,0,0,0,0,0,0,0,0,0,0,0,0,0,0,0,0,0,0,0,0,0
No,"North West",RY2,"BRIDGEWATER COMMUNITY HEALTHCARE NHS FOUNDATION TRUST",0,0,0,0,0,0,0,0,0,0,0,0,0,0,0,0,0,0,0,0,0,0,0,0,0,0,0,0,0,0,0,0,0,0,0,0,0,0,0,0,0,0,0,0,0,0,0,0,0,0,0,0,0,0,0,0,0,0,0,0,0,0,0,0,0,0,0,0
No,"North West",RY7,"WIRRAL COMMUNITY HEALTH AND CARE NHS FOUNDATION TRUST",0,0,0,0,0,0,0,0,0,0,0,0,0,0,0,0,0,0,0,0,0,0,0,0,0,0,0,0,0,0,0,0,0,0,0,0,0,0,0,0,0,0,0,0,0,0,0,0,0,0,0,0,0,0,0,0,0,0,0,0,0,0,0,0,0,0,0,0
No,"South East",8CM63,"ST MAGNUS HOSPITAL",0,0,0,0,0,0,,0,0,0,0,0,0,0,0,0,,,0,0,0,0,0,0,0,0,0,0,0,0,0,0,0,0,0,0,0,0,0,0,0,0,0,0,0,0,0,0,,0,0,0,0,0,0,0,0,0,0,0,0,0,0,0,0,0,0,0
No,"South East",NDJ,"FIRST COMMUNITY HEALTH AND CARE CIC",0,0,0,0,0,0,0,0,0,0,0,0,0,0,0,0,0,0,0,0,0,0,0,0,0,0,0,0,0,0,0,0,0,0,0,0,0,0,0,0,0,0,0,0,0,0,0,0,0,0,0,0,0,0,0,0,0,0,0,0,0,0,0,0,0,0,0,0
No,"South East",NMJ01,"CYGNET HOSPITAL GODDEN GREEN",0,0,0,0,0,0,0,0,0,0,0,0,0,0,0,0,0,0,0,0,0,0,0,0,0,0,0,0,0,0,0,0,0,0,0,0,0,0,0,0,0,0,0,0,0,0,0,0,0,0,0,0,0,0,0,0,0,0,0,0,0,0,0,0,0,0,0,0
No,"South East",NMJ24,"CYGNET HOSPITAL WOKING",0,0,0,0,0,0,0,0,0,0,0,0,0,0,0,0,0,0,0,0,0,0,0,0,0,0,0,0,0,0,0,0,0,0,0,,0,0,0,0,0,0,0,0,0,0,0,0,0,0,0,0,0,0,0,0,0,0,0,0,0,0,0,0,0,0,0,
No,"South East",NMJ26,"CYGNET HOSPITAL MAIDSTONE",0,0,0,0,0,0,0,0,0,0,,0,0,0,0,0,0,0,0,0,0,0,0,0,0,0,0,0,0,0,0,0,0,0,0,0,0,0,0,0,0,0,0,0,0,0,0,0,0,0,0,0,0,0,0,0,0,0,0,0,0,0,0,0,0,0,0,0
No,"South East",NQ7,"MEDWAY COMMUNITY HEALTHCARE",0,0,0,0,0,0,0,0,0,0,0,0,0,0,0,0,0,0,0,0,0,0,0,0,0,0,0,0,0,0,0,0,0,0,0,0,0,0,0,0,0,0,0,0,0,0,0,0,0,0,0,0,0,0,0,0,0,0,0,0,0,0,0,0,0,0,0,0
No,"South East",NTV,"CSH SURREY",0,0,0,0,0,0,0,0,0,0,0,0,0,0,0,0,0,0,0,0,0,0,0,0,0,,0,0,0,0,0,0,0,0,0,0,0,0,0,0,0,0,0,0,0,0,0,0,0,,,,,0,0,0,0,0,0,0,0,0,0,0,0,0,0,0
No,"South East",R1C,"SOLENT NHS TRUST",0,0,0,0,0,0,0,0,0,0,0,0,0,0,0,0,0,0,0,0,0,0,0,0,0,0,0,0,0,0,0,0,0,0,0,0,0,0,0,0,0,0,0,0,0,0,0,0,0,0,0,0,0,0,0,0,0,0,0,0,0,0,0,0,0,0,0,0
Yes,"South East",R1F,"ISLE OF WIGHT NHS TRUST",2,2,2,3,3,3,3,3,3,4,4,4,4,5,5,5,5,5,5,5,5,4,3,3,3,2,3,3,3,3,3,0,3,4,3,3,4,5,5,5,6,5,5,6,7,5,5,6,5,5,3,3,4,5,5,5,5,6,6,6,6,5,6,7,6,6,6,5
Yes,"South East",RA2,"ROYAL SURREY COUNTY HOSPITAL NHS FOUNDATION TRUST",2,2,2,2,2,2,1,2,2,2,1,1,2,1,2,2,1,1,1,1,1,1,1,1,1,1,1,1,1,1,1,1,1,3,3,2,2,2,2,3,3,3,2,1,2,2,2,3,3,3,3,3,3,2,1,1,1,2,2,2,2,3,3,3,3,3,2,2
No,"South East",RDR,"SUSSEX COMMUNITY NHS FOUNDATION TRUST",0,0,0,0,0,0,0,0,0,0,0,0,0,0,0,0,0,0,0,0,0,0,0,0,0,0,0,0,0,0,0,0,0,0,0,0,0,0,0,0,0,0,0,0,0,0,0,0,0,0,0,0,0,0,0,0,0,0,0,0,0,0,0,0,0,0,0,0
Yes,"South East",RDU,"FRIMLEY HEALTH NHS FOUNDATION TRUST",6,5,5,4,3,3,3,3,3,5,5,6,6,6,7,7,8,8,8,7,6,8,8,9,10,10,9,8,7,9,6,8,6,6,6,6,7,8,8,9,10,10,10,10,8,8,10,9,11,10,9,7,8,8,9,7,9,8,10,10,11,11,12,12,10,10,12,10
Yes,"South East",RHM,"UNIVERSITY HOSPITAL SOUTHAMPTON NHS FOUNDATION TRUST",5,6,7,7,6,7,6,6,8,7,0,7,6,7,7,8,8,9,8,8,8,8,7,8,7,6,6,6,9,9,9,9,9,12,14,13,12,12,12,14,15,17,17,18,17,17,17,17,17,16,16,14,14,13,10,10,11,10,9,7,8,8,6,5,5,4,7,8
Yes,"South East",RHU,"PORTSMOUTH HOSPITALS NHS TRUST",4,4,4,4,4,4,3,3,4,4,4,5,5,5,5,5,5,5,6,6,5,5,6,5,6,6,6,6,5,7,7,8,9,8,8,9,9,9,9,8,8,8,8,9,8,9,9,9,8,7,7,8,8,6,7,7,8,8,8,9,9,8,9,9,10,10,10,9
Yes,"South East",RHW,"ROYAL BERKSHIRE NHS FOUNDATION TRUST",0,0,0,0,0,0,0,0,0,0,1,2,2,2,2,2,2,3,4,5,5,5,5,5,5,3,2,2,2,2,2,2,1,1,1,2,2,2,2,3,2,2,2,3,4,4,2,1,2,3,5,5,7,7,8,6,5,5,4,4,4,5,3,3,3,3,3,4
Yes,"South East",RN5,"HAMPSHIRE HOSPITALS NHS FOUNDATION TRUST",2,1,1,1,1,2,2,2,2,2,2,2,2,2,2,3,3,3,3,3,3,3,3,3,3,3,3,4,6,6,6,7,7,7,7,9,8,8,7,7,6,6,6,3,3,2,1,1,1,1,1,1,1,1,1,1,1,2,2,2,1,1,3,3,3,3,3,2
Yes,"South East",RN7,"DARTFORD AND GRAVESHAM NHS TRUST",2,2,2,2,2,2,2,2,2,2,2,4,2,2,3,3,3,3,4,4,5,5,5,4,3,3,3,2,2,1,2,2,2,2,3,4,3,3,3,5,3,3,3,3,2,2,2,1,1,0,1,1,1,1,1,2,2,2,2,2,1,1,1,1,2,2,1,1
No,"South East",RNU,"OXFORD HEALTH NHS FOUNDATION TRUST",0,0,0,0,0,0,0,0,0,0,0,0,0,0,0,0,0,0,0,0,0,0,0,0,0,0,0,0,0,0,0,0,0,0,0,0,0,0,0,0,0,0,0,0,0,0,0,0,0,0,0,0,0,0,0,0,0,0,0,0,0,0,0,0,0,0,0,0
Yes,"South East",RPA,"MEDWAY NHS FOUNDATION TRUST",1,1,1,1,2,2,1,1,1,1,1,1,1,0,1,1,1,1,2,2,2,2,2,2,1,1,1,1,2,2,2,3,1,1,2,2,1,1,2,2,2,3,4,4,3,3,2,2,2,4,4,4,4,4,4,4,4,3,3,3,3,4,4,4,5,4,4,5
No,"South East",RPC,"QUEEN VICTORIA HOSPITAL NHS FOUNDATION TRUST",0,0,0,0,0,0,0,0,0,0,0,0,0,0,0,0,0,0,0,0,0,0,0,0,0,0,0,0,0,0,0,0,0,0,0,0,0,0,0,0,0,0,0,0,0,0,0,0,0,0,0,0,0,0,0,0,0,0,0,0,0,0,0,0,0,0,0,0
Yes,"South East",RTH,"OXFORD UNIVERSITY HOSPITALS NHS FOUNDATION TRUST",3,3,3,2,2,2,2,2,3,3,2,2,2,2,3,3,3,3,3,4,4,4,4,5,7,7,6,6,6,5,6,5,5,6,7,8,7,7,7,7,6,5,3,3,4,3,3,5,4,4,5,7,7,7,8,8,7,6,7,7,6,5,5,6,6,7,7,5
Yes,"South East",RTK,"ASHFORD AND ST PETER'S HOSPITALS NHS FOUNDATION TRUST",1,0,0,1,1,1,1,2,1,1,1,1,1,1,1,1,1,1,1,1,1,1,0,0,0,0,0,0,0,0,0,0,0,1,1,0,1,1,1,2,2,0,3,3,4,3,3,3,3,3,3,3,2,2,3,3,4,5,4,5,5,5,5,5,5,5,5,5
Yes,"South East",RTP,"SURREY AND SUSSEX HEALTHCARE NHS TRUST",2,1,1,1,2,2,2,2,2,2,2,2,2,2,2,2,2,1,2,2,3,3,3,3,3,3,3,3,3,3,3,3,2,3,3,3,3,2,2,2,2,2,2,2,2,1,1,1,1,1,1,1,1,1,1,0,0,0,0,0,0,0,0,0,0,0,0,1
Yes,"South East",RVV,"EAST KENT HOSPITALS UNIVERSITY NHS FOUNDATION TRUST",2,2,2,2,4,4,4,4,3,2,3,3,3,3,3,3,3,2,2,2,2,2,2,2,2,3,3,2,2,0,1,2,2,1,1,1,1,1,3,3,3,2,2,3,3,2,2,2,2,2,2,3,2,3,3,3,4,4,4,4,5,5,5,5,5,6,9,9
No,"South East",RW1,"SOUTHERN HEALTH NHS FOUNDATION TRUST",0,0,0,0,0,0,0,0,0,0,0,0,0,0,0,0,0,0,0,0,0,0,0,0,0,0,0,0,0,0,0,0,0,0,0,0,0,0,0,0,0,0,0,0,0,0,0,0,0,0,0,0,0,0,0,0,0,0,0,0,0,0,0,0,0,0,0,0
Yes,"South East",RWF,"MAIDSTONE AND TUNBRIDGE WELLS NHS TRUST",2,2,2,1,1,1,1,1,1,1,1,1,1,1,2,2,2,2,2,2,3,3,3,3,3,3,3,3,4,4,4,4,4,4,4,5,5,5,4,4,3,4,4,4,4,4,3,3,6,6,6,6,6,5,6,6,5,5,5,5,6,6,5,6,6,6,6,6
No,"South East",RWX,"BERKSHIRE HEALTHCARE NHS FOUNDATION TRUST",0,0,0,0,0,0,0,0,0,0,0,0,0,0,0,0,0,0,0,0,0,0,0,0,0,0,0,0,0,0,0,0,0,0,0,0,0,0,0,0,0,0,0,0,0,0,0,0,0,0,0,0,0,0,0,0,0,0,0,0,0,0,0,0,0,0,0,0
No,"South East",RX2,"SUSSEX PARTNERSHIP NHS FOUNDATION TRUST",0,0,0,0,0,0,0,0,0,0,0,0,0,0,0,0,0,0,0,0,0,0,0,0,0,0,0,0,0,0,0,0,0,,0,0,0,0,0,0,0,0,0,0,0,0,0,0,0,0,0,0,0,0,0,0,0,0,0,0,0,0,0,0,0,0,0,0
Yes,"South East",RXC,"EAST SUSSEX HEALTHCARE NHS TRUST",1,1,1,0,1,2,2,2,2,2,1,2,2,2,2,2,2,2,2,2,2,2,2,2,2,3,3,4,2,3,3,3,3,2,2,3,3,4,5,5,4,5,5,5,5,5,4,4,5,5,5,5,8,9,9,9,8,9,9,8,8,7,6,6,6,6,6,5
Yes,"South East",RXQ,"BUCKINGHAMSHIRE HEALTHCARE NHS TRUST",2,2,2,2,3,3,3,3,3,3,3,3,3,3,4,4,5,4,4,3,3,4,3,2,2,3,3,3,4,3,2,2,2,2,2,2,2,2,2,3,3,3,3,3,4,4,4,3,2,1,2,2,3,4,5,4,3,3,3,3,4,4,4,5,5,4,4,4
No,"South East",RXX,"SURREY AND BORDERS PARTNERSHIP NHS FOUNDATION TRUST",0,0,0,0,0,0,0,0,0,0,0,0,0,0,0,0,0,0,0,0,0,0,0,0,0,0,0,0,0,0,0,0,0,0,0,0,0,0,0,0,0,0,0,0,0,0,0,0,0,0,0,0,0,0,0,0,0,0,0,0,0,0,0,0,0,0,0,0
No,"South East",RXY,"KENT AND MEDWAY NHS AND SOCIAL CARE PARTNERSHIP TRUST",0,0,0,0,0,0,0,0,0,0,0,0,0,0,0,0,0,0,0,0,0,0,0,0,0,0,0,0,0,0,0,0,0,0,0,0,0,0,0,0,0,0,0,0,0,0,0,0,0,0,0,0,0,0,0,0,0,0,0,0,0,0,0,0,0,0,0,0
Yes,"South East",RYR,"UNIVERSITY HOSPITALS SUSSEX NHS FOUNDATION TRUST",7,7,8,8,8,8,8,8,6,7,6,7,7,7,8,8,9,9,10,11,10,12,11,11,14,15,14,12,12,11,11,11,14,15,18,18,18,17,15,15,16,14,10,10,8,9,9,9,8,11,11,9,10,10,10,9,10,10,10,10,9,10,11,10,13,13,14,14
No,"South East",RYY,"KENT COMMUNITY HEALTH NHS FOUNDATION TRUST",0,0,0,0,0,0,0,0,0,0,0,0,0,0,0,0,0,0,0,0,0,0,0,,0,0,0,0,0,0,0,0,0,0,0,0,0,0,0,0,0,0,0,0,0,0,0,0,0,0,0,0,0,0,0,0,0,0,0,0,0,0,0,0,0,0,0,0
No,"South West",AXG,"WILTSHIRE HEALTH & CARE",0,0,0,0,0,0,0,0,0,0,0,0,0,0,0,0,0,0,0,0,0,0,0,0,0,0,0,0,0,0,0,0,0,0,0,0,0,0,0,0,0,0,0,0,0,0,0,0,0,0,0,0,0,0,0,0,0,0,0,0,0,0,0,0,0,0,0,0
No,"South West",DE809,WELLESLEY,0,0,0,0,0,0,0,0,0,0,0,0,0,0,0,0,0,0,0,0,0,0,0,0,0,0,0,0,0,0,0,0,0,0,0,0,0,0,0,0,0,0,0,0,0,0,0,0,0,0,0,0,0,0,0,0,0,0,0,0,0,0,0,0,0,0,0,0
No,"South West",NLX,"SIRONA CARE & HEALTH",0,0,0,0,0,0,0,0,0,0,0,0,0,0,0,0,0,0,0,0,0,0,0,0,0,0,0,0,0,0,0,0,0,0,0,0,0,0,0,0,0,0,0,0,0,0,0,0,0,0,0,0,0,0,0,0,0,0,0,,0,0,0,0,0,0,0,0
No,"South West",NMJ03,"CYGNET HOSPITAL KEWSTOKE",0,0,0,,0,0,0,0,0,0,0,0,0,0,0,0,0,0,0,0,0,0,0,0,0,0,0,0,0,0,0,0,0,0,0,0,0,0,0,0,0,0,0,0,0,0,0,0,0,0,0,0,0,0,0,0,0,0,0,0,0,0,0,0,0,0,0,0
No,"South West",NMJ20,"CYGNET HOSPITAL TAUNTON",0,0,0,0,0,0,0,0,0,0,0,0,0,0,0,0,0,0,0,0,0,0,0,0,0,0,0,0,0,0,0,0,0,0,0,0,,0,0,0,0,0,0,0,,0,0,0,0,0,0,0,0,0,0,0,0,0,0,0,0,0,0,0,0,0,0,0
No,"South West",NMJ56,"CYGNET ALDERS CLINIC",0,0,0,0,0,0,0,0,0,0,0,0,0,0,0,0,0,0,0,0,0,0,0,0,0,0,0,0,0,0,0,0,0,0,0,0,0,0,0,0,0,0,0,0,0,0,0,0,0,0,0,0,0,0,0,0,0,0,0,0,0,0,0,0,0,0,0,0
No,"South West",NR5,"LIVEWELL SOUTHWEST",0,0,0,0,0,0,0,0,0,0,0,0,0,0,0,0,0,0,0,0,0,0,0,0,0,0,0,0,0,0,0,0,0,0,0,0,0,0,0,0,0,0,0,0,0,0,0,0,0,0,0,0,0,0,0,0,0,0,0,0,0,0,0,0,0,0,0,0
No,"South West",NRH8,"NHS NIGHTINGALE HOSPITAL EXETER TRUST",,,,,,,,,,,,,,,,,,,,,,,,,,,,,,,,,,,,,,,,,,,,,,,,,,,,,,,,,,,,,,,,,,,,
Yes,"South West",R0D,"UNIVERSITY HOSPITALS DORSET NHS FOUNDATION TRUST",0,0,0,1,1,2,3,3,3,2,2,2,2,2,3,2,3,3,3,3,3,3,2,4,3,2,3,3,3,3,5,4,6,8,7,6,6,5,5,2,3,5,7,7,5,5,5,4,5,5,5,5,5,4,6,7,6,8,5,5,5,5,6,7,7,5,4,2
Yes,"South West",RA4,"YEOVIL DISTRICT HOSPITAL NHS FOUNDATION TRUST",2,1,1,2,2,3,3,3,2,2,2,2,2,2,2,3,3,3,4,4,3,3,3,3,4,4,4,4,6,5,5,5,5,5,5,5,4,4,4,4,4,4,4,4,3,3,2,2,2,2,2,1,1,2,2,2,3,3,3,3,3,3,2,2,1,1,1,1
Yes,"South West",RA7,"UNIVERSITY HOSPITALS BRISTOL AND WESTON NHS FOUNDATION TRUST",4,4,4,4,4,4,4,6,7,5,4,6,6,7,6,6,7,7,7,7,6,8,8,7,8,9,9,8,6,6,6,6,4,3,3,2,2,2,2,3,3,5,5,5,4,2,3,4,5,6,3,3,3,5,3,3,2,2,2,2,2,2,3,3,2,2,2,1
Yes,"South West",RA9,"TORBAY AND SOUTH DEVON NHS FOUNDATION TRUST",1,0,0,0,0,0,0,0,0,1,2,2,2,2,2,3,3,3,3,2,3,3,3,2,2,2,2,2,1,1,1,1,1,1,1,1,1,1,1,3,3,3,3,4,5,4,4,5,5,6,4,3,3,3,1,1,1,1,1,1,2,2,2,2,2,3,3,3
Yes,"South West",RBD,"DORSET COUNTY HOSPITAL NHS FOUNDATION TRUST",4,3,2,3,3,2,3,3,4,3,5,6,4,4,3,2,2,2,2,2,2,2,0,1,3,4,5,5,4,4,5,4,4,3,4,3,2,2,2,2,2,2,1,2,2,2,2,3,3,4,4,3,3,2,3,2,2,4,,3,4,4,4,5,4,4,3,3
Yes,"South West",RBZ,"NORTHERN DEVON HEALTHCARE NHS TRUST",1,1,1,1,0,0,0,0,0,0,0,1,1,1,1,2,1,1,1,1,0,0,0,0,0,0,0,0,0,0,0,0,1,1,1,2,2,2,2,2,3,3,3,2,2,2,2,2,2,2,2,2,2,3,2,2,2,2,2,2,2,1,1,1,2,2,2,0
Yes,"South West",RD1,"ROYAL UNITED HOSPITALS BATH NHS FOUNDATION TRUST",5,4,5,6,6,6,7,7,7,7,5,5,5,6,5,5,5,6,6,7,6,5,5,5,6,7,7,7,6,6,6,5,5,5,3,4,4,5,5,6,6,6,5,,7,7,5,5,5,5,6,5,6,7,7,6,5,3,3,1,3,4,4,5,6,6,6,7
No,"South West",RDY,"DORSET HEALTHCARE UNIVERSITY NHS FOUNDATION TRUST",0,0,0,0,0,0,0,0,0,0,0,0,0,0,0,0,0,0,0,0,0,0,0,0,0,0,0,0,0,0,0,0,0,0,0,0,0,0,0,0,0,0,0,0,0,0,0,0,0,0,0,0,0,0,0,0,0,0,0,0,0,0,0,0,0,0,0,0
Yes,"South West",REF,"ROYAL CORNWALL HOSPITALS NHS TRUST",5,5,5,4,4,4,4,4,3,3,4,4,5,5,6,5,3,5,5,4,4,6,6,4,3,4,5,4,5,4,5,6,6,6,6,6,5,5,5,4,4,4,3,3,3,3,3,3,3,1,1,2,1,2,2,2,2,2,3,2,2,3,3,2,2,3,3,2
Yes,"South West",RH5,"SOMERSET NHS FOUNDATION TRUST",3,5,3,3,3,4,4,4,4,4,4,4,4,4,1,1,2,3,2,2,2,2,2,2,3,2,1,1,3,3,3,6,6,6,6,6,6,6,7,7,7,6,6,5,4,5,5,4,3,4,4,4,4,5,5,4,5,5,5,4,4,5,5,5,5,6,6,6
Yes,"South West",RH8,"ROYAL DEVON AND EXETER NHS FOUNDATION TRUST",1,1,1,1,1,1,0,0,0,0,1,1,0,0,1,1,2,2,1,2,2,1,1,2,1,1,1,2,4,4,5,4,3,3,3,3,3,3,3,3,2,3,2,5,4,4,4,5,4,4,3,3,4,2,4,4,4,4,4,3,2,2,2,2,1,2,4,4
No,"South West",RJ8,"CORNWALL PARTNERSHIP NHS FOUNDATION TRUST",0,0,0,0,0,0,0,0,0,0,0,0,0,0,0,0,0,0,0,0,0,0,0,0,0,0,0,0,0,0,0,0,0,0,0,0,0,0,0,0,0,0,0,0,0,0,0,0,0,0,0,0,0,0,0,0,0,0,0,0,0,0,0,0,0,0,0,0
Yes,"South West",RK9,"UNIVERSITY HOSPITALS PLYMOUTH NHS TRUST",5,5,5,6,6,5,6,6,6,6,6,6,5,5,4,4,4,5,5,5,5,6,4,5,5,5,5,4,4,4,6,6,6,6,6,6,6,6,5,5,5,5,5,6,6,6,8,9,8,6,7,9,8,8,8,9,7,8,9,6,6,6,5,5,5,5,7,9
Yes,"South West",RN3,"GREAT WESTERN HOSPITALS NHS FOUNDATION TRUST",1,2,3,3,4,3,4,5,5,5,5,5,5,5,3,5,5,6,7,9,9,8,7,6,6,4,5,5,4,5,6,6,4,6,6,5,6,4,4,6,5,6,5,5,6,5,3,3,3,3,3,4,4,4,4,3,3,4,4,4,2,2,3,2,3,2,2,2
Yes,"South West",RNZ,"SALISBURY NHS FOUNDATION TRUST",2,1,1,1,1,1,2,2,2,2,1,1,1,1,1,2,2,2,2,2,2,3,3,2,3,3,3,3,4,6,6,7,6,6,5,5,5,4,4,3,3,1,1,2,2,2,4,3,2,2,2,2,2,2,2,2,2,2,2,1,1,2,2,3,3,3,2,2
Yes,"South West",RTE,"GLOUCESTERSHIRE HOSPITALS NHS FOUNDATION TRUST",3,3,3,3,3,3,4,2,3,2,3,3,3,3,3,2,3,3,4,7,6,4,4,5,6,6,6,7,7,6,6,7,7,6,8,6,7,7,6,6,4,3,3,4,4,3,3,3,5,5,5,7,7,4,4,3,4,4,3,3,3,3,3,3,3,4,4,5
No,"South West",RTQ,"GLOUCESTERSHIRE HEALTH AND CARE NHS FOUNDATION TRUST",0,0,0,0,0,0,0,0,0,0,0,0,0,0,0,0,0,0,0,0,0,0,0,0,0,0,0,0,0,0,0,0,0,0,0,0,0,0,0,0,0,0,0,0,0,0,0,0,0,0,0,0,0,0,0,0,0,0,0,0,0,0,0,0,0,0,0,0
Yes,"South West",RVJ,"NORTH BRISTOL NHS TRUST",13,2,2,2,3,4,4,6,6,5,5,5,6,5,7,8,9,9,8,8,8,8,6,5,5,7,8,10,10,10,10,9,10,11,10,8,8,8,8,7,8,9,9,9,9,9,10,10,10,10,10,10,11,9,9,8,6,6,6,8,7,7,11,14,12,12,11,11
No,"South West",RVN,"AVON AND WILTSHIRE MENTAL HEALTH PARTNERSHIP NHS TRUST",0,0,0,0,0,0,0,0,0,0,0,0,0,0,0,0,0,0,0,0,0,0,0,0,0,0,0,0,0,0,0,0,0,0,0,0,0,0,0,0,0,0,0,0,0,0,0,0,0,0,0,0,0,0,0,0,0,0,0,0,0,0,0,0,0,0,0,0
No,"South West",RWV,"DEVON PARTNERSHIP NHS TRUST",0,0,0,0,0,0,0,0,0,0,0,0,0,0,0,0,0,0,0,0,0,0,0,0,0,0,0,0,0,0,0,0,0,0,0,0,0,0,0,0,0,0,0,0,0,0,0,0,0,0,0,0,0,0,0,0,0,0,0,0,0,0,0,0,0,0,0,0
,,,,,,,,,,,,,,,,,,,,,,,,,,,,,,,,,,,,,,,,,,,,,,,,,,,,,,,,,,,,,,,,,,,,,,,
,,,,,,,,,,,,,,,,,,,,,,,,,,,,,,,,,,,,,,,,,,,,,,,,,,,,,,,,,,,,,,,,,,,,,,,
,,,,,,,,,,,,,,,,,,,,,,,,,,,,,,,,,,,,,,,,,,,,,,,,,,,,,,,,,,,,,,,,,,,,,,,
,,,,,,,,,,,,,,,,,,,,,,,,,,,,,,,,,,,,,,,,,,,,,,,,,,,,,,,,,,,,,,,,,,,,,,,
,,,,,,,,,,,,,,,,,,,,,,,,,,,,,,,,,,,,,,,,,,,,,,,,,,,,,,,,,,,,,,,,,,,,,,,
,,,,,,,,,,,,,,,,,,,,,,,,,,,,,,,,,,,,,,,,,,,,,,,,,,,,,,,,,,,,,,,,,,,,,,,
,,,,,,,,,,,,,,,,,,,,,,,,,,,,,,,,,,,,,,,,,,,,,,,,,,,,,,,,,,,,,,,,,,,,,,,
,,,,,,,,,,,,,,,,,,,,,,,,,,,,,,,,,,,,,,,,,,,,,,,,,,,,,,,,,,,,,,,,,,,,,,,
,,,,,,,,,,,,,,,,,,,,,,,,,,,,,,,,,,,,,,,,,,,,,,,,,,,,,,,,,,,,,,,,,,,,,,,
,,,,,,,,,,,,,,,,,,,,,,,,,,,,,,,,,,,,,,,,,,,,,,,,,,,,,,,,,,,,,,,,,,,,,,,
,,,,,,,,,,,,,,,,,,,,,,,,,,,,,,,,,,,,,,,,,,,,,,,,,,,,,,,,,,,,,,,,,,,,,,,
,,,,,,,,,,,,,,,,,,,,,,,,,,,,,,,,,,,,,,,,,,,,,,,,,,,,,,,,,,,,,,,,,,,,,,,
,,,,,,,,,,,,,,,,,,,,,,,,,,,,,,,,,,,,,,,,,,,,,,,,,,,,,,,,,,,,,,,,,,,,,,,
,,,,,,,,,,,,,,,,,,,,,,,,,,,,,,,,,,,,,,,,,,,,,,,,,,,,,,,,,,,,,,,,,,,,,,,
,,,,,,,,,,,,,,,,,,,,,,,,,,,,,,,,,,,,,,,,,,,,,,,,,,,,,,,,,,,,,,,,,,,,,,,
,,,,,,,,,,,,,,,,,,,,,,,,,,,,,,,,,,,,,,,,,,,,,,,,,,,,,,,,,,,,,,,,,,,,,,,
,,,,,,,,,,,,,,,,,,,,,,,,,,,,,,,,,,,,,,,,,,,,,,,,,,,,,,,,,,,,,,,,,,,,,,,
,,,,,,,,,,,,,,,,,,,,,,,,,,,,,,,,,,,,,,,,,,,,,,,,,,,,,,,,,,,,,,,,,,,,,,,
,,,,,,,,,,,,,,,,,,,,,,,,,,,,,,,,,,,,,,,,,,,,,,,,,,,,,,,,,,,,,,,,,,,,,,,
,,,,,,,,,,,,,,,,,,,,,,,,,,,,,,,,,,,,,,,,,,,,,,,,,,,,,,,,,,,,,,,,,,,,,,,
,,,,,,,,,,,,,,,,,,,,,,,,,,,,,,,,,,,,,,,,,,,,,,,,,,,,,,,,,,,,,,,,,,,,,,,
,,,,,,,,,,,,,,,,,,,,,,,,,,,,,,,,,,,,,,,,,,,,,,,,,,,,,,,,,,,,,,,,,,,,,,,
,,,,,,,,,,,,,,,,,,,,,,,,,,,,,,,,,,,,,,,,,,,,,,,,,,,,,,,,,,,,,,,,,,,,,,,
,,,,,,,,,,,,,,,,,,,,,,,,,,,,,,,,,,,,,,,,,,,,,,,,,,,,,,,,,,,,,,,,,,,,,,,
,,,,,,,,,,,,,,,,,,,,,,,,,,,,,,,,,,,,,,,,,,,,,,,,,,,,,,,,,,,,,,,,,,,,,,,
,,,,,,,,,,,,,,,,,,,,,,,,,,,,,,,,,,,,,,,,,,,,,,,,,,,,,,,,,,,,,,,,,,,,,,,
,,,,,,,,,,,,,,,,,,,,,,,,,,,,,,,,,,,,,,,,,,,,,,,,,,,,,,,,,,,,,,,,,,,,,,,
,,,,,,,,,,,,,,,,,,,,,,,,,,,,,,,,,,,,,,,,,,,,,,,,,,,,,,,,,,,,,,,,,,,,,,,
,,,,,,,,,,,,,,,,,,,,,,,,,,,,,,,,,,,,,,,,,,,,,,,,,,,,,,,,,,,,,,,,,,,,,,,
,,,,,,,,,,,,,,,,,,,,,,,,,,,,,,,,,,,,,,,,,,,,,,,,,,,,,,,,,,,,,,,,,,,,,,,
,,,,,,,,,,,,,,,,,,,,,,,,,,,,,,,,,,,,,,,,,,,,,,,,,,,,,,,,,,,,,,,,,,,,,,,
,,,,,,,,,,,,,,,,,,,,,,,,,,,,,,,,,,,,,,,,,,,,,,,,,,,,,,,,,,,,,,,,,,,,,,,
,,,,,,,,,,,,,,,,,,,,,,,,,,,,,,,,,,,,,,,,,,,,,,,,,,,,,,,,,,,,,,,,,,,,,,,
,,,,,,,,,,,,,,,,,,,,,,,,,,,,,,,,,,,,,,,,,,,,,,,,,,,,,,,,,,,,,,,,,,,,,,,
,,,,,,,,,,,,,,,,,,,,,,,,,,,,,,,,,,,,,,,,,,,,,,,,,,,,,,,,,,,,,,,,,,,,,,,
,,,,,,,,,,,,,,,,,,,,,,,,,,,,,,,,,,,,,,,,,,,,,,,,,,,,,,,,,,,,,,,,,,,,,,,
,,,,,,,,,,,,,,,,,,,,,,,,,,,,,,,,,,,,,,,,,,,,,,,,,,,,,,,,,,,,,,,,,,,,,,,
,,,,,,,,,,,,,,,,,,,,,,,,,,,,,,,,,,,,,,,,,,,,,,,,,,,,,,,,,,,,,,,,,,,,,,,
,,,,,,,,,,,,,,,,,,,,,,,,,,,,,,,,,,,,,,,,,,,,,,,,,,,,,,,,,,,,,,,,,,,,,,,
,,,,,,,,,,,,,,,,,,,,,,,,,,,,,,,,,,,,,,,,,,,,,,,,,,,,,,,,,,,,,,,,,,,,,,,
,,,,,,,,,,,,,,,,,,,,,,,,,,,,,,,,,,,,,,,,,,,,,,,,,,,,,,,,,,,,,,,,,,,,,,,
,,,,,,,,,,,,,,,,,,,,,,,,,,,,,,,,,,,,,,,,,,,,,,,,,,,,,,,,,,,,,,,,,,,,,,,
,,,,,,,,,,,,,,,,,,,,,,,,,,,,,,,,,,,,,,,,,,,,,,,,,,,,,,,,,,,,,,,,,,,,,,,
,,,,,,,,,,,,,,,,,,,,,,,,,,,,,,,,,,,,,,,,,,,,,,,,,,,,,,,,,,,,,,,,,,,,,,,
,,,,,,,,,,,,,,,,,,,,,,,,,,,,,,,,,,,,,,,,,,,,,,,,,,,,,,,,,,,,,,,,,,,,,,,
,,,,,,,,,,,,,,,,,,,,,,,,,,,,,,,,,,,,,,,,,,,,,,,,,,,,,,,,,,,,,,,,,,,,,,,
,,,,,,,,,,,,,,,,,,,,,,,,,,,,,,,,,,,,,,,,,,,,,,,,,,,,,,,,,,,,,,,,,,,,,,,
,,,,,,,,,,,,,,,,,,,,,,,,,,,,,,,,,,,,,,,,,,,,,,,,,,,,,,,,,,,,,,,,,,,,,,,
,,,,,,,,,,,,,,,,,,,,,,,,,,,,,,,,,,,,,,,,,,,,,,,,,,,,,,,,,,,,,,,,,,,,,,,
,,,,,,,,,,,,,,,,,,,,,,,,,,,,,,,,,,,,,,,,,,,,,,,,,,,,,,,,,,,,,,,,,,,,,,,
,,,,,,,,,,,,,,,,,,,,,,,,,,,,,,,,,,,,,,,,,,,,,,,,,,,,,,,,,,,,,,,,,,,,,,,
,,,,,,,,,,,,,,,,,,,,,,,,,,,,,,,,,,,,,,,,,,,,,,,,,,,,,,,,,,,,,,,,,,,,,,,
,,,,,,,,,,,,,,,,,,,,,,,,,,,,,,,,,,,,,,,,,,,,,,,,,,,,,,,,,,,,,,,,,,,,,,,
,,,,,,,,,,,,,,,,,,,,,,,,,,,,,,,,,,,,,,,,,,,,,,,,,,,,,,,,,,,,,,,,,,,,,,,
,,,,,,,,,,,,,,,,,,,,,,,,,,,,,,,,,,,,,,,,,,,,,,,,,,,,,,,,,,,,,,,,,,,,,,,
,,,,,,,,,,,,,,,,,,,,,,,,,,,,,,,,,,,,,,,,,,,,,,,,,,,,,,,,,,,,,,,,,,,,,,,
,,,,,,,,,,,,,,,,,,,,,,,,,,,,,,,,,,,,,,,,,,,,,,,,,,,,,,,,,,,,,,,,,,,,,,,
,,,,,,,,,,,,,,,,,,,,,,,,,,,,,,,,,,,,,,,,,,,,,,,,,,,,,,,,,,,,,,,,,,,,,,,
,,,,,,,,,,,,,,,,,,,,,,,,,,,,,,,,,,,,,,,,,,,,,,,,,,,,,,,,,,,,,,,,,,,,,,,
,,,,,,,,,,,,,,,,,,,,,,,,,,,,,,,,,,,,,,,,,,,,,,,,,,,,,,,,,,,,,,,,,,,,,,,
,,,,,,,,,,,,,,,,,,,,,,,,,,,,,,,,,,,,,,,,,,,,,,,,,,,,,,,,,,,,,,,,,,,,,,,
,,,,,,,,,,,,,,,,,,,,,,,,,,,,,,,,,,,,,,,,,,,,,,,,,,,,,,,,,,,,,,,,,,,,,,,
,,,,,,,,,,,,,,,,,,,,,,,,,,,,,,,,,,,,,,,,,,,,,,,,,,,,,,,,,,,,,,,,,,,,,,,
,,,,,,,,,,,,,,,,,,,,,,,,,,,,,,,,,,,,,,,,,,,,,,,,,,,,,,,,,,,,,,,,,,,,,,,
,,,,,,,,,,,,,,,,,,,,,,,,,,,,,,,,,,,,,,,,,,,,,,,,,,,,,,,,,,,,,,,,,,,,,,,
,,,,,,,,,,,,,,,,,,,,,,,,,,,,,,,,,,,,,,,,,,,,,,,,,,,,,,,,,,,,,,,,,,,,,,,
,,,,,,,,,,,,,,,,,,,,,,,,,,,,,,,,,,,,,,,,,,,,,,,,,,,,,,,,,,,,,,,,,,,,,,,
,,,,,,,,,,,,,,,,,,,,,,,,,,,,,,,,,,,,,,,,,,,,,,,,,,,,,,,,,,,,,,,,,,,,,,,
,,,,,,,,,,,,,,,,,,,,,,,,,,,,,,,,,,,,,,,,,,,,,,,,,,,,,,,,,,,,,,,,,,,,,,,
,,,,,,,,,,,,,,,,,,,,,,,,,,,,,,,,,,,,,,,,,,,,,,,,,,,,,,,,,,,,,,,,,,,,,,,
,,,,,,,,,,,,,,,,,,,,,,,,,,,,,,,,,,,,,,,,,,,,,,,,,,,,,,,,,,,,,,,,,,,,,,,
,,,,,,,,,,,,,,,,,,,,,,,,,,,,,,,,,,,,,,,,,,,,,,,,,,,,,,,,,,,,,,,,,,,,,,,
,,,,,,,,,,,,,,,,,,,,,,,,,,,,,,,,,,,,,,,,,,,,,,,,,,,,,,,,,,,,,,,,,,,,,,,
,,,,,,,,,,,,,,,,,,,,,,,,,,,,,,,,,,,,,,,,,,,,,,,,,,,,,,,,,,,,,,,,,,,,,,,
,,,,,,,,,,,,,,,,,,,,,,,,,,,,,,,,,,,,,,,,,,,,,,,,,,,,,,,,,,,,,,,,,,,,,,,
,,,,,,,,,,,,,,,,,,,,,,,,,,,,,,,,,,,,,,,,,,,,,,,,,,,,,,,,,,,,,,,,,,,,,,,
,,,,,,,,,,,,,,,,,,,,,,,,,,,,,,,,,,,,,,,,,,,,,,,,,,,,,,,,,,,,,,,,,,,,,,,
,,,,,,,,,,,,,,,,,,,,,,,,,,,,,,,,,,,,,,,,,,,,,,,,,,,,,,,,,,,,,,,,,,,,,,,
,,,,,,,,,,,,,,,,,,,,,,,,,,,,,,,,,,,,,,,,,,,,,,,,,,,,,,,,,,,,,,,,,,,,,,,
,,,,,,,,,,,,,,,,,,,,,,,,,,,,,,,,,,,,,,,,,,,,,,,,,,,,,,,,,,,,,,,,,,,,,,,
,,,,,,,,,,,,,,,,,,,,,,,,,,,,,,,,,,,,,,,,,,,,,,,,,,,,,,,,,,,,,,,,,,,,,,,
,,,,,,,,,,,,,,,,,,,,,,,,,,,,,,,,,,,,,,,,,,,,,,,,,,,,,,,,,,,,,,,,,,,,,,,
,,,,,,,,,,,,,,,,,,,,,,,,,,,,,,,,,,,,,,,,,,,,,,,,,,,,,,,,,,,,,,,,,,,,,,,
,,,,,,,,,,,,,,,,,,,,,,,,,,,,,,,,,,,,,,,,,,,,,,,,,,,,,,,,,,,,,,,,,,,,,,,
,,,,,,,,,,,,,,,,,,,,,,,,,,,,,,,,,,,,,,,,,,,,,,,,,,,,,,,,,,,,,,,,,,,,,,,
,,,,,,,,,,,,,,,,,,,,,,,,,,,,,,,,,,,,,,,,,,,,,,,,,,,,,,,,,,,,,,,,,,,,,,,
,,,,,,,,,,,,,,,,,,,,,,,,,,,,,,,,,,,,,,,,,,,,,,,,,,,,,,,,,,,,,,,,,,,,,,,
,,,,,,,,,,,,,,,,,,,,,,,,,,,,,,,,,,,,,,,,,,,,,,,,,,,,,,,,,,,,,,,,,,,,,,,
,,,,,,,,,,,,,,,,,,,,,,,,,,,,,,,,,,,,,,,,,,,,,,,,,,,,,,,,,,,,,,,,,,,,,,,
,,,,,,,,,,,,,,,,,,,,,,,,,,,,,,,,,,,,,,,,,,,,,,,,,,,,,,,,,,,,,,,,,,,,,,,
,,,,,,,,,,,,,,,,,,,,,,,,,,,,,,,,,,,,,,,,,,,,,,,,,,,,,,,,,,,,,,,,,,,,,,,
,,,,,,,,,,,,,,,,,,,,,,,,,,,,,,,,,,,,,,,,,,,,,,,,,,,,,,,,,,,,,,,,,,,,,,,
,,,,,,,,,,,,,,,,,,,,,,,,,,,,,,,,,,,,,,,,,,,,,,,,,,,,,,,,,,,,,,,,,,,,,,,
,,,,,,,,,,,,,,,,,,,,,,,,,,,,,,,,,,,,,,,,,,,,,,,,,,,,,,,,,,,,,,,,,,,,,,,
,,,,,,,,,,,,,,,,,,,,,,,,,,,,,,,,,,,,,,,,,,,,,,,,,,,,,,,,,,,,,,,,,,,,,,,
,,,,,,,,,,,,,,,,,,,,,,,,,,,,,,,,,,,,,,,,,,,,,,,,,,,,,,,,,,,,,,,,,,,,,,,
,,,,,,,,,,,,,,,,,,,,,,,,,,,,,,,,,,,,,,,,,,,,,,,,,,,,,,,,,,,,,,,,,,,,,,,
,,,,,,,,,,,,,,,,,,,,,,,,,,,,,,,,,,,,,,,,,,,,,,,,,,,,,,,,,,,,,,,,,,,,,,,
,,,,,,,,,,,,,,,,,,,,,,,,,,,,,,,,,,,,,,,,,,,,,,,,,,,,,,,,,,,,,,,,,,,,,,,
,,,,,,,,,,,,,,,,,,,,,,,,,,,,,,,,,,,,,,,,,,,,,,,,,,,,,,,,,,,,,,,,,,,,,,,
,,,,,,,,,,,,,,,,,,,,,,,,,,,,,,,,,,,,,,,,,,,,,,,,,,,,,,,,,,,,,,,,,,,,,,,
,,,,,,,,,,,,,,,,,,,,,,,,,,,,,,,,,,,,,,,,,,,,,,,,,,,,,,,,,,,,,,,,,,,,,,,
,,,,,,,,,,,,,,,,,,,,,,,,,,,,,,,,,,,,,,,,,,,,,,,,,,,,,,,,,,,,,,,,,,,,,,,
,,,,,,,,,,,,,,,,,,,,,,,,,,,,,,,,,,,,,,,,,,,,,,,,,,,,,,,,,,,,,,,,,,,,,,,
,,,,,,,,,,,,,,,,,,,,,,,,,,,,,,,,,,,,,,,,,,,,,,,,,,,,,,,,,,,,,,,,,,,,,,,
,,,,,,,,,,,,,,,,,,,,,,,,,,,,,,,,,,,,,,,,,,,,,,,,,,,,,,,,,,,,,,,,,,,,,,,
,,,,,,,,,,,,,,,,,,,,,,,,,,,,,,,,,,,,,,,,,,,,,,,,,,,,,,,,,,,,,,,,,,,,,,,
,,,,,,,,,,,,,,,,,,,,,,,,,,,,,,,,,,,,,,,,,,,,,,,,,,,,,,,,,,,,,,,,,,,,,,,
,,,,,,,,,,,,,,,,,,,,,,,,,,,,,,,,,,,,,,,,,,,,,,,,,,,,,,,,,,,,,,,,,,,,,,,
,,,,,,,,,,,,,,,,,,,,,,,,,,,,,,,,,,,,,,,,,,,,,,,,,,,,,,,,,,,,,,,,,,,,,,,
,,,,,,,,,,,,,,,,,,,,,,,,,,,,,,,,,,,,,,,,,,,,,,,,,,,,,,,,,,,,,,,,,,,,,,,
,,,,,,,,,,,,,,,,,,,,,,,,,,,,,,,,,,,,,,,,,,,,,,,,,,,,,,,,,,,,,,,,,,,,,,,
,,,,,,,,,,,,,,,,,,,,,,,,,,,,,,,,,,,,,,,,,,,,,,,,,,,,,,,,,,,,,,,,,,,,,,,
,,,,,,,,,,,,,,,,,,,,,,,,,,,,,,,,,,,,,,,,,,,,,,,,,,,,,,,,,,,,,,,,,,,,,,,
,,,,,,,,,,,,,,,,,,,,,,,,,,,,,,,,,,,,,,,,,,,,,,,,,,,,,,,,,,,,,,,,,,,,,,,
,,,,,,,,,,,,,,,,,,,,,,,,,,,,,,,,,,,,,,,,,,,,,,,,,,,,,,,,,,,,,,,,,,,,,,,
,,,,,,,,,,,,,,,,,,,,,,,,,,,,,,,,,,,,,,,,,,,,,,,,,,,,,,,,,,,,,,,,,,,,,,,
,,,,,,,,,,,,,,,,,,,,,,,,,,,,,,,,,,,,,,,,,,,,,,,,,,,,,,,,,,,,,,,,,,,,,,,
,,,,,,,,,,,,,,,,,,,,,,,,,,,,,,,,,,,,,,,,,,,,,,,,,,,,,,,,,,,,,,,,,,,,,,,
,,,,,,,,,,,,,,,,,,,,,,,,,,,,,,,,,,,,,,,,,,,,,,,,,,,,,,,,,,,,,,,,,,,,,,,
,,,,,,,,,,,,,,,,,,,,,,,,,,,,,,,,,,,,,,,,,,,,,,,,,,,,,,,,,,,,,,,,,,,,,,,
,,,,,,,,,,,,,,,,,,,,,,,,,,,,,,,,,,,,,,,,,,,,,,,,,,,,,,,,,,,,,,,,,,,,,,,
,,,,,,,,,,,,,,,,,,,,,,,,,,,,,,,,,,,,,,,,,,,,,,,,,,,,,,,,,,,,,,,,,,,,,,,
,,,,,,,,,,,,,,,,,,,,,,,,,,,,,,,,,,,,,,,,,,,,,,,,,,,,,,,,,,,,,,,,,,,,,,,
,,,,,,,,,,,,,,,,,,,,,,,,,,,,,,,,,,,,,,,,,,,,,,,,,,,,,,,,,,,,,,,,,,,,,,,
,,,,,,,,,,,,,,,,,,,,,,,,,,,,,,,,,,,,,,,,,,,,,,,,,,,,,,,,,,,,,,,,,,,,,,,
,,,,,,,,,,,,,,,,,,,,,,,,,,,,,,,,,,,,,,,,,,,,,,,,,,,,,,,,,,,,,,,,,,,,,,,
,,,,,,,,,,,,,,,,,,,,,,,,,,,,,,,,,,,,,,,,,,,,,,,,,,,,,,,,,,,,,,,,,,,,,,,
,,,,,,,,,,,,,,,,,,,,,,,,,,,,,,,,,,,,,,,,,,,,,,,,,,,,,,,,,,,,,,,,,,,,,,,
,,,,,,,,,,,,,,,,,,,,,,,,,,,,,,,,,,,,,,,,,,,,,,,,,,,,,,,,,,,,,,,,,,,,,,,
,,,,,,,,,,,,,,,,,,,,,,,,,,,,,,,,,,,,,,,,,,,,,,,,,,,,,,,,,,,,,,,,,,,,,,,
,,,,,,,,,,,,,,,,,,,,,,,,,,,,,,,,,,,,,,,,,,,,,,,,,,,,,,,,,,,,,,,,,,,,,,,
,,,,,,,,,,,,,,,,,,,,,,,,,,,,,,,,,,,,,,,,,,,,,,,,,,,,,,,,,,,,,,,,,,,,,,,
,,,,,,,,,,,,,,,,,,,,,,,,,,,,,,,,,,,,,,,,,,,,,,,,,,,,,,,,,,,,,,,,,,,,,,,
,,,,,,,,,,,,,,,,,,,,,,,,,,,,,,,,,,,,,,,,,,,,,,,,,,,,,,,,,,,,,,,,,,,,,,,
,,,,,,,,,,,,,,,,,,,,,,,,,,,,,,,,,,,,,,,,,,,,,,,,,,,,,,,,,,,,,,,,,,,,,,,
,,,,,,,,,,,,,,,,,,,,,,,,,,,,,,,,,,,,,,,,,,,,,,,,,,,,,,,,,,,,,,,,,,,,,,,
,,,,,,,,,,,,,,,,,,,,,,,,,,,,,,,,,,,,,,,,,,,,,,,,,,,,,,,,,,,,,,,,,,,,,,,
,,,,,,,,,,,,,,,,,,,,,,,,,,,,,,,,,,,,,,,,,,,,,,,,,,,,,,,,,,,,,,,,,,,,,,,
,,,,,,,,,,,,,,,,,,,,,,,,,,,,,,,,,,,,,,,,,,,,,,,,,,,,,,,,,,,,,,,,,,,,,,,
,,,,,,,,,,,,,,,,,,,,,,,,,,,,,,,,,,,,,,,,,,,,,,,,,,,,,,,,,,,,,,,,,,,,,,,
,,,,,,,,,,,,,,,,,,,,,,,,,,,,,,,,,,,,,,,,,,,,,,,,,,,,,,,,,,,,,,,,,,,,,,,
,,,,,,,,,,,,,,,,,,,,,,,,,,,,,,,,,,,,,,,,,,,,,,,,,,,,,,,,,,,,,,,,,,,,,,,
,,,,,,,,,,,,,,,,,,,,,,,,,,,,,,,,,,,,,,,,,,,,,,,,,,,,,,,,,,,,,,,,,,,,,,,
,,,,,,,,,,,,,,,,,,,,,,,,,,,,,,,,,,,,,,,,,,,,,,,,,,,,,,,,,,,,,,,,,,,,,,,
,,,,,,,,,,,,,,,,,,,,,,,,,,,,,,,,,,,,,,,,,,,,,,,,,,,,,,,,,,,,,,,,,,,,,,,
,,,,,,,,,,,,,,,,,,,,,,,,,,,,,,,,,,,,,,,,,,,,,,,,,,,,,,,,,,,,,,,,,,,,,,,
,,,,,,,,,,,,,,,,,,,,,,,,,,,,,,,,,,,,,,,,,,,,,,,,,,,,,,,,,,,,,,,,,,,,,,,
,,,,,,,,,,,,,,,,,,,,,,,,,,,,,,,,,,,,,,,,,,,,,,,,,,,,,,,,,,,,,,,,,,,,,,,
,,,,,,,,,,,,,,,,,,,,,,,,,,,,,,,,,,,,,,,,,,,,,,,,,,,,,,,,,,,,,,,,,,,,,,,
,,,,,,,,,,,,,,,,,,,,,,,,,,,,,,,,,,,,,,,,,,,,,,,,,,,,,,,,,,,,,,,,,,,,,,,
,,,,,,,,,,,,,,,,,,,,,,,,,,,,,,,,,,,,,,,,,,,,,,,,,,,,,,,,,,,,,,,,,,,,,,,
,,,,,,,,,,,,,,,,,,,,,,,,,,,,,,,,,,,,,,,,,,,,,,,,,,,,,,,,,,,,,,,,,,,,,,,
,,,,,,,,,,,,,,,,,,,,,,,,,,,,,,,,,,,,,,,,,,,,,,,,,,,,,,,,,,,,,,,,,,,,,,,
,,,,,,,,,,,,,,,,,,,,,,,,,,,,,,,,,,,,,,,,,,,,,,,,,,,,,,,,,,,,,,,,,,,,,,,
,,,,,,,,,,,,,,,,,,,,,,,,,,,,,,,,,,,,,,,,,,,,,,,,,,,,,,,,,,,,,,,,,,,,,,,
,,,,,,,,,,,,,,,,,,,,,,,,,,,,,,,,,,,,,,,,,,,,,,,,,,,,,,,,,,,,,,,,,,,,,,,
,,,,,,,,,,,,,,,,,,,,,,,,,,,,,,,,,,,,,,,,,,,,,,,,,,,,,,,,,,,,,,,,,,,,,,,
,,,,,,,,,,,,,,,,,,,,,,,,,,,,,,,,,,,,,,,,,,,,,,,,,,,,,,,,,,,,,,,,,,,,,,,
,,,,,,,,,,,,,,,,,,,,,,,,,,,,,,,,,,,,,,,,,,,,,,,,,,,,,,,,,,,,,,,,,,,,,,,
,,,,,,,,,,,,,,,,,,,,,,,,,,,,,,,,,,,,,,,,,,,,,,,,,,,,,,,,,,,,,,,,,,,,,,,
,,,,,,,,,,,,,,,,,,,,,,,,,,,,,,,,,,,,,,,,,,,,,,,,,,,,,,,,,,,,,,,,,,,,,,,
,,,,,,,,,,,,,,,,,,,,,,,,,,,,,,,,,,,,,,,,,,,,,,,,,,,,,,,,,,,,,,,,,,,,,,,
,,,,,,,,,,,,,,,,,,,,,,,,,,,,,,,,,,,,,,,,,,,,,,,,,,,,,,,,,,,,,,,,,,,,,,,
,,,,,,,,,,,,,,,,,,,,,,,,,,,,,,,,,,,,,,,,,,,,,,,,,,,,,,,,,,,,,,,,,,,,,,,
,,,,,,,,,,,,,,,,,,,,,,,,,,,,,,,,,,,,,,,,,,,,,,,,,,,,,,,,,,,,,,,,,,,,,,,
,,,,,,,,,,,,,,,,,,,,,,,,,,,,,,,,,,,,,,,,,,,,,,,,,,,,,,,,,,,,,,,,,,,,,,,
,,,,,,,,,,,,,,,,,,,,,,,,,,,,,,,,,,,,,,,,,,,,,,,,,,,,,,,,,,,,,,,,,,,,,,,
,,,,,,,,,,,,,,,,,,,,,,,,,,,,,,,,,,,,,,,,,,,,,,,,,,,,,,,,,,,,,,,,,,,,,,,
,,,,,,,,,,,,,,,,,,,,,,,,,,,,,,,,,,,,,,,,,,,,,,,,,,,,,,,,,,,,,,,,,,,,,,,
,,,,,,,,,,,,,,,,,,,,,,,,,,,,,,,,,,,,,,,,,,,,,,,,,,,,,,,,,,,,,,,,,,,,,,,
,,,,,,,,,,,,,,,,,,,,,,,,,,,,,,,,,,,,,,,,,,,,,,,,,,,,,,,,,,,,,,,,,,,,,,,
,,,,,,,,,,,,,,,,,,,,,,,,,,,,,,,,,,,,,,,,,,,,,,,,,,,,,,,,,,,,,,,,,,,,,,,
,,,,,,,,,,,,,,,,,,,,,,,,,,,,,,,,,,,,,,,,,,,,,,,,,,,,,,,,,,,,,,,,,,,,,,,
,,,,,,,,,,,,,,,,,,,,,,,,,,,,,,,,,,,,,,,,,,,,,,,,,,,,,,,,,,,,,,,,,,,,,,,
,,,,,,,,,,,,,,,,,,,,,,,,,,,,,,,,,,,,,,,,,,,,,,,,,,,,,,,,,,,,,,,,,,,,,,,
,,,,,,,,,,,,,,,,,,,,,,,,,,,,,,,,,,,,,,,,,,,,,,,,,,,,,,,,,,,,,,,,,,,,,,,
,,,,,,,,,,,,,,,,,,,,,,,,,,,,,,,,,,,,,,,,,,,,,,,,,,,,,,,,,,,,,,,,,,,,,,,
,,,,,,,,,,,,,,,,,,,,,,,,,,,,,,,,,,,,,,,,,,,,,,,,,,,,,,,,,,,,,,,,,,,,,,,
,,,,,,,,,,,,,,,,,,,,,,,,,,,,,,,,,,,,,,,,,,,,,,,,,,,,,,,,,,,,,,,,,,,,,,,
,,,,,,,,,,,,,,,,,,,,,,,,,,,,,,,,,,,,,,,,,,,,,,,,,,,,,,,,,,,,,,,,,,,,,,,
,,,,,,,,,,,,,,,,,,,,,,,,,,,,,,,,,,,,,,,,,,,,,,,,,,,,,,,,,,,,,,,,,,,,,,,
,,,,,,,,,,,,,,,,,,,,,,,,,,,,,,,,,,,,,,,,,,,,,,,,,,,,,,,,,,,,,,,,,,,,,,,
,,,,,,,,,,,,,,,,,,,,,,,,,,,,,,,,,,,,,,,,,,,,,,,,,,,,,,,,,,,,,,,,,,,,,,,
,,,,,,,,,,,,,,,,,,,,,,,,,,,,,,,,,,,,,,,,,,,,,,,,,,,,,,,,,,,,,,,,,,,,,,,
,,,,,,,,,,,,,,,,,,,,,,,,,,,,,,,,,,,,,,,,,,,,,,,,,,,,,,,,,,,,,,,,,,,,,,,
,,,,,,,,,,,,,,,,,,,,,,,,,,,,,,,,,,,,,,,,,,,,,,,,,,,,,,,,,,,,,,,,,,,,,,,
,,,,,,,,,,,,,,,,,,,,,,,,,,,,,,,,,,,,,,,,,,,,,,,,,,,,,,,,,,,,,,,,,,,,,,,
,,,,,,,,,,,,,,,,,,,,,,,,,,,,,,,,,,,,,,,,,,,,,,,,,,,,,,,,,,,,,,,,,,,,,,,
,,,,,,,,,,,,,,,,,,,,,,,,,,,,,,,,,,,,,,,,,,,,,,,,,,,,,,,,,,,,,,,,,,,,,,,
,,,,,,,,,,,,,,,,,,,,,,,,,,,,,,,,,,,,,,,,,,,,,,,,,,,,,,,,,,,,,,,,,,,,,,,
,,,,,,,,,,,,,,,,,,,,,,,,,,,,,,,,,,,,,,,,,,,,,,,,,,,,,,,,,,,,,,,,,,,,,,,
,,,,,,,,,,,,,,,,,,,,,,,,,,,,,,,,,,,,,,,,,,,,,,,,,,,,,,,,,,,,,,,,,,,,,,,
,,,,,,,,,,,,,,,,,,,,,,,,,,,,,,,,,,,,,,,,,,,,,,,,,,,,,,,,,,,,,,,,,,,,,,,
,,,,,,,,,,,,,,,,,,,,,,,,,,,,,,,,,,,,,,,,,,,,,,,,,,,,,,,,,,,,,,,,,,,,,,,
,,,,,,,,,,,,,,,,,,,,,,,,,,,,,,,,,,,,,,,,,,,,,,,,,,,,,,,,,,,,,,,,,,,,,,,
,,,,,,,,,,,,,,,,,,,,,,,,,,,,,,,,,,,,,,,,,,,,,,,,,,,,,,,,,,,,,,,,,,,,,,,
,,,,,,,,,,,,,,,,,,,,,,,,,,,,,,,,,,,,,,,,,,,,,,,,,,,,,,,,,,,,,,,,,,,,,,,
,,,,,,,,,,,,,,,,,,,,,,,,,,,,,,,,,,,,,,,,,,,,,,,,,,,,,,,,,,,,,,,,,,,,,,,
,,,,,,,,,,,,,,,,,,,,,,,,,,,,,,,,,,,,,,,,,,,,,,,,,,,,,,,,,,,,,,,,,,,,,,,
,,,,,,,,,,,,,,,,,,,,,,,,,,,,,,,,,,,,,,,,,,,,,,,,,,,,,,,,,,,,,,,,,,,,,,,
,,,,,,,,,,,,,,,,,,,,,,,,,,,,,,,,,,,,,,,,,,,,,,,,,,,,,,,,,,,,,,,,,,,,,,,
,,,,,,,,,,,,,,,,,,,,,,,,,,,,,,,,,,,,,,,,,,,,,,,,,,,,,,,,,,,,,,,,,,,,,,,
,,,,,,,,,,,,,,,,,,,,,,,,,,,,,,,,,,,,,,,,,,,,,,,,,,,,,,,,,,,,,,,,,,,,,,,
,,,,,,,,,,,,,,,,,,,,,,,,,,,,,,,,,,,,,,,,,,,,,,,,,,,,,,,,,,,,,,,,,,,,,,,
,,,,,,,,,,,,,,,,,,,,,,,,,,,,,,,,,,,,,,,,,,,,,,,,,,,,,,,,,,,,,,,,,,,,,,,
,,,,,,,,,,,,,,,,,,,,,,,,,,,,,,,,,,,,,,,,,,,,,,,,,,,,,,,,,,,,,,,,,,,,,,,
,,,,,,,,,,,,,,,,,,,,,,,,,,,,,,,,,,,,,,,,,,,,,,,,,,,,,,,,,,,,,,,,,,,,,,,
,,,,,,,,,,,,,,,,,,,,,,,,,,,,,,,,,,,,,,,,,,,,,,,,,,,,,,,,,,,,,,,,,,,,,,,
,,,,,,,,,,,,,,,,,,,,,,,,,,,,,,,,,,,,,,,,,,,,,,,,,,,,,,,,,,,,,,,,,,,,,,,
,,,,,,,,,,,,,,,,,,,,,,,,,,,,,,,,,,,,,,,,,,,,,,,,,,,,,,,,,,,,,,,,,,,,,,,
,,,,,,,,,,,,,,,,,,,,,,,,,,,,,,,,,,,,,,,,,,,,,,,,,,,,,,,,,,,,,,,,,,,,,,,
,,,,,,,,,,,,,,,,,,,,,,,,,,,,,,,,,,,,,,,,,,,,,,,,,,,,,,,,,,,,,,,,,,,,,,,
,,,,,,,,,,,,,,,,,,,,,,,,,,,,,,,,,,,,,,,,,,,,,,,,,,,,,,,,,,,,,,,,,,,,,,,
,,,,,,,,,,,,,,,,,,,,,,,,,,,,,,,,,,,,,,,,,,,,,,,,,,,,,,,,,,,,,,,,,,,,,,,
,,,,,,,,,,,,,,,,,,,,,,,,,,,,,,,,,,,,,,,,,,,,,,,,,,,,,,,,,,,,,,,,,,,,,,,
,,,,,,,,,,,,,,,,,,,,,,,,,,,,,,,,,,,,,,,,,,,,,,,,,,,,,,,,,,,,,,,,,,,,,,,
,,,,,,,,,,,,,,,,,,,,,,,,,,,,,,,,,,,,,,,,,,,,,,,,,,,,,,,,,,,,,,,,,,,,,,,
,,,,,,,,,,,,,,,,,,,,,,,,,,,,,,,,,,,,,,,,,,,,,,,,,,,,,,,,,,,,,,,,,,,,,,,
,,,,,,,,,,,,,,,,,,,,,,,,,,,,,,,,,,,,,,,,,,,,,,,,,,,,,,,,,,,,,,,,,,,,,,,
,,,,,,,,,,,,,,,,,,,,,,,,,,,,,,,,,,,,,,,,,,,,,,,,,,,,,,,,,,,,,,,,,,,,,,,
,,,,,,,,,,,,,,,,,,,,,,,,,,,,,,,,,,,,,,,,,,,,,,,,,,,,,,,,,,,,,,,,,,,,,,,
,,,,,,,,,,,,,,,,,,,,,,,,,,,,,,,,,,,,,,,,,,,,,,,,,,,,,,,,,,,,,,,,,,,,,,,
,,,,,,,,,,,,,,,,,,,,,,,,,,,,,,,,,,,,,,,,,,,,,,,,,,,,,,,,,,,,,,,,,,,,,,,
,,,,,,,,,,,,,,,,,,,,,,,,,,,,,,,,,,,,,,,,,,,,,,,,,,,,,,,,,,,,,,,,,,,,,,,
,,,,,,,,,,,,,,,,,,,,,,,,,,,,,,,,,,,,,,,,,,,,,,,,,,,,,,,,,,,,,,,,,,,,,,,
,,,,,,,,,,,,,,,,,,,,,,,,,,,,,,,,,,,,,,,,,,,,,,,,,,,,,,,,,,,,,,,,,,,,,,,
,,,,,,,,,,,,,,,,,,,,,,,,,,,,,,,,,,,,,,,,,,,,,,,,,,,,,,,,,,,,,,,,,,,,,,,
,,,,,,,,,,,,,,,,,,,,,,,,,,,,,,,,,,,,,,,,,,,,,,,,,,,,,,,,,,,,,,,,,,,,,,,
,,,,,,,,,,,,,,,,,,,,,,,,,,,,,,,,,,,,,,,,,,,,,,,,,,,,,,,,,,,,,,,,,,,,,,,
,,,,,,,,,,,,,,,,,,,,,,,,,,,,,,,,,,,,,,,,,,,,,,,,,,,,,,,,,,,,,,,,,,,,,,,
,,,,,,,,,,,,,,,,,,,,,,,,,,,,,,,,,,,,,,,,,,,,,,,,,,,,,,,,,,,,,,,,,,,,,,,
,,,,,,,,,,,,,,,,,,,,,,,,,,,,,,,,,,,,,,,,,,,,,,,,,,,,,,,,,,,,,,,,,,,,,,,
,,,,,,,,,,,,,,,,,,,,,,,,,,,,,,,,,,,,,,,,,,,,,,,,,,,,,,,,,,,,,,,,,,,,,,,
,,,,,,,,,,,,,,,,,,,,,,,,,,,,,,,,,,,,,,,,,,,,,,,,,,,,,,,,,,,,,,,,,,,,,,,
,,,,,,,,,,,,,,,,,,,,,,,,,,,,,,,,,,,,,,,,,,,,,,,,,,,,,,,,,,,,,,,,,,,,,,,
,,,,,,,,,,,,,,,,,,,,,,,,,,,,,,,,,,,,,,,,,,,,,,,,,,,,,,,,,,,,,,,,,,,,,,,
,,,,,,,,,,,,,,,,,,,,,,,,,,,,,,,,,,,,,,,,,,,,,,,,,,,,,,,,,,,,,,,,,,,,,,,
,,,,,,,,,,,,,,,,,,,,,,,,,,,,,,,,,,,,,,,,,,,,,,,,,,,,,,,,,,,,,,,,,,,,,,,
,,,,,,,,,,,,,,,,,,,,,,,,,,,,,,,,,,,,,,,,,,,,,,,,,,,,,,,,,,,,,,,,,,,,,,,
,,,,,,,,,,,,,,,,,,,,,,,,,,,,,,,,,,,,,,,,,,,,,,,,,,,,,,,,,,,,,,,,,,,,,,,
,,,,,,,,,,,,,,,,,,,,,,,,,,,,,,,,,,,,,,,,,,,,,,,,,,,,,,,,,,,,,,,,,,,,,,,
,,,,,,,,,,,,,,,,,,,,,,,,,,,,,,,,,,,,,,,,,,,,,,,,,,,,,,,,,,,,,,,,,,,,,,,
,,,,,,,,,,,,,,,,,,,,,,,,,,,,,,,,,,,,,,,,,,,,,,,,,,,,,,,,,,,,,,,,,,,,,,,
,,,,,,,,,,,,,,,,,,,,,,,,,,,,,,,,,,,,,,,,,,,,,,,,,,,,,,,,,,,,,,,,,,,,,,,
,,,,,,,,,,,,,,,,,,,,,,,,,,,,,,,,,,,,,,,,,,,,,,,,,,,,,,,,,,,,,,,,,,,,,,,
,,,,,,,,,,,,,,,,,,,,,,,,,,,,,,,,,,,,,,,,,,,,,,,,,,,,,,,,,,,,,,,,,,,,,,,
,,,,,,,,,,,,,,,,,,,,,,,,,,,,,,,,,,,,,,,,,,,,,,,,,,,,,,,,,,,,,,,,,,,,,,,
,,,,,,,,,,,,,,,,,,,,,,,,,,,,,,,,,,,,,,,,,,,,,,,,,,,,,,,,,,,,,,,,,,,,,,,
,,,,,,,,,,,,,,,,,,,,,,,,,,,,,,,,,,,,,,,,,,,,,,,,,,,,,,,,,,,,,,,,,,,,,,,
,,,,,,,,,,,,,,,,,,,,,,,,,,,,,,,,,,,,,,,,,,,,,,,,,,,,,,,,,,,,,,,,,,,,,,,
,,,,,,,,,,,,,,,,,,,,,,,,,,,,,,,,,,,,,,,,,,,,,,,,,,,,,,,,,,,,,,,,,,,,,,,
,,,,,,,,,,,,,,,,,,,,,,,,,,,,,,,,,,,,,,,,,,,,,,,,,,,,,,,,,,,,,,,,,,,,,,,
,,,,,,,,,,,,,,,,,,,,,,,,,,,,,,,,,,,,,,,,,,,,,,,,,,,,,,,,,,,,,,,,,,,,,,,
,,,,,,,,,,,,,,,,,,,,,,,,,,,,,,,,,,,,,,,,,,,,,,,,,,,,,,,,,,,,,,,,,,,,,,,
,,,,,,,,,,,,,,,,,,,,,,,,,,,,,,,,,,,,,,,,,,,,,,,,,,,,,,,,,,,,,,,,,,,,,,,
,,,,,,,,,,,,,,,,,,,,,,,,,,,,,,,,,,,,,,,,,,,,,,,,,,,,,,,,,,,,,,,,,,,,,,,
,,,,,,,,,,,,,,,,,,,,,,,,,,,,,,,,,,,,,,,,,,,,,,,,,,,,,,,,,,,,,,,,,,,,,,,
,,,,,,,,,,,,,,,,,,,,,,,,,,,,,,,,,,,,,,,,,,,,,,,,,,,,,,,,,,,,,,,,,,,,,,,
,,,,,,,,,,,,,,,,,,,,,,,,,,,,,,,,,,,,,,,,,,,,,,,,,,,,,,,,,,,,,,,,,,,,,,,
,,,,,,,,,,,,,,,,,,,,,,,,,,,,,,,,,,,,,,,,,,,,,,,,,,,,,,,,,,,,,,,,,,,,,,,
,,,,,,,,,,,,,,,,,,,,,,,,,,,,,,,,,,,,,,,,,,,,,,,,,,,,,,,,,,,,,,,,,,,,,,,
,,,,,,,,,,,,,,,,,,,,,,,,,,,,,,,,,,,,,,,,,,,,,,,,,,,,,,,,,,,,,,,,,,,,,,,
,,,,,,,,,,,,,,,,,,,,,,,,,,,,,,,,,,,,,,,,,,,,,,,,,,,,,,,,,,,,,,,,,,,,,,,
,,,,,,,,,,,,,,,,,,,,,,,,,,,,,,,,,,,,,,,,,,,,,,,,,,,,,,,,,,,,,,,,,,,,,,,
,,,,,,,,,,,,,,,,,,,,,,,,,,,,,,,,,,,,,,,,,,,,,,,,,,,,,,,,,,,,,,,,,,,,,,,
,,,,,,,,,,,,,,,,,,,,,,,,,,,,,,,,,,,,,,,,,,,,,,,,,,,,,,,,,,,,,,,,,,,,,,,
,,,,,,,,,,,,,,,,,,,,,,,,,,,,,,,,,,,,,,,,,,,,,,,,,,,,,,,,,,,,,,,,,,,,,,,
,,,,,,,,,,,,,,,,,,,,,,,,,,,,,,,,,,,,,,,,,,,,,,,,,,,,,,,,,,,,,,,,,,,,,,,
,,,,,,,,,,,,,,,,,,,,,,,,,,,,,,,,,,,,,,,,,,,,,,,,,,,,,,,,,,,,,,,,,,,,,,,
,,,,,,,,,,,,,,,,,,,,,,,,,,,,,,,,,,,,,,,,,,,,,,,,,,,,,,,,,,,,,,,,,,,,,,,
,,,,,,,,,,,,,,,,,,,,,,,,,,,,,,,,,,,,,,,,,,,,,,,,,,,,,,,,,,,,,,,,,,,,,,,
,,,,,,,,,,,,,,,,,,,,,,,,,,,,,,,,,,,,,,,,,,,,,,,,,,,,,,,,,,,,,,,,,,,,,,,
,,,,,,,,,,,,,,,,,,,,,,,,,,,,,,,,,,,,,,,,,,,,,,,,,,,,,,,,,,,,,,,,,,,,,,,
,,,,,,,,,,,,,,,,,,,,,,,,,,,,,,,,,,,,,,,,,,,,,,,,,,,,,,,,,,,,,,,,,,,,,,,
,,,,,,,,,,,,,,,,,,,,,,,,,,,,,,,,,,,,,,,,,,,,,,,,,,,,,,,,,,,,,,,,,,,,,,,
,,,,,,,,,,,,,,,,,,,,,,,,,,,,,,,,,,,,,,,,,,,,,,,,,,,,,,,,,,,,,,,,,,,,,,,
,,,,,,,,,,,,,,,,,,,,,,,,,,,,,,,,,,,,,,,,,,,,,,,,,,,,,,,,,,,,,,,,,,,,,,,
,,,,,,,,,,,,,,,,,,,,,,,,,,,,,,,,,,,,,,,,,,,,,,,,,,,,,,,,,,,,,,,,,,,,,,,
,,,,,,,,,,,,,,,,,,,,,,,,,,,,,,,,,,,,,,,,,,,,,,,,,,,,,,,,,,,,,,,,,,,,,,,
,,,,,,,,,,,,,,,,,,,,,,,,,,,,,,,,,,,,,,,,,,,,,,,,,,,,,,,,,,,,,,,,,,,,,,,
,,,,,,,,,,,,,,,,,,,,,,,,,,,,,,,,,,,,,,,,,,,,,,,,,,,,,,,,,,,,,,,,,,,,,,,
,,,,,,,,,,,,,,,,,,,,,,,,,,,,,,,,,,,,,,,,,,,,,,,,,,,,,,,,,,,,,,,,,,,,,,,
,,,,,,,,,,,,,,,,,,,,,,,,,,,,,,,,,,,,,,,,,,,,,,,,,,,,,,,,,,,,,,,,,,,,,,,
,,,,,,,,,,,,,,,,,,,,,,,,,,,,,,,,,,,,,,,,,,,,,,,,,,,,,,,,,,,,,,,,,,,,,,,
,,,,,,,,,,,,,,,,,,,,,,,,,,,,,,,,,,,,,,,,,,,,,,,,,,,,,,,,,,,,,,,,,,,,,,,
,,,,,,,,,,,,,,,,,,,,,,,,,,,,,,,,,,,,,,,,,,,,,,,,,,,,,,,,,,,,,,,,,,,,,,,
,,,,,,,,,,,,,,,,,,,,,,,,,,,,,,,,,,,,,,,,,,,,,,,,,,,,,,,,,,,,,,,,,,,,,,,
,,,,,,,,,,,,,,,,,,,,,,,,,,,,,,,,,,,,,,,,,,,,,,,,,,,,,,,,,,,,,,,,,,,,,,,
,,,,,,,,,,,,,,,,,,,,,,,,,,,,,,,,,,,,,,,,,,,,,,,,,,,,,,,,,,,,,,,,,,,,,,,
,,,,,,,,,,,,,,,,,,,,,,,,,,,,,,,,,,,,,,,,,,,,,,,,,,,,,,,,,,,,,,,,,,,,,,,
,,,,,,,,,,,,,,,,,,,,,,,,,,,,,,,,,,,,,,,,,,,,,,,,,,,,,,,,,,,,,,,,,,,,,,,
,,,,,,,,,,,,,,,,,,,,,,,,,,,,,,,,,,,,,,,,,,,,,,,,,,,,,,,,,,,,,,,,,,,,,,,
,,,,,,,,,,,,,,,,,,,,,,,,,,,,,,,,,,,,,,,,,,,,,,,,,,,,,,,,,,,,,,,,,,,,,,,
,,,,,,,,,,,,,,,,,,,,,,,,,,,,,,,,,,,,,,,,,,,,,,,,,,,,,,,,,,,,,,,,,,,,,,,
,,,,,,,,,,,,,,,,,,,,,,,,,,,,,,,,,,,,,,,,,,,,,,,,,,,,,,,,,,,,,,,,,,,,,,,
,,,,,,,,,,,,,,,,,,,,,,,,,,,,,,,,,,,,,,,,,,,,,,,,,,,,,,,,,,,,,,,,,,,,,,,
,,,,,,,,,,,,,,,,,,,,,,,,,,,,,,,,,,,,,,,,,,,,,,,,,,,,,,,,,,,,,,,,,,,,,,,
,,,,,,,,,,,,,,,,,,,,,,,,,,,,,,,,,,,,,,,,,,,,,,,,,,,,,,,,,,,,,,,,,,,,,,,
,,,,,,,,,,,,,,,,,,,,,,,,,,,,,,,,,,,,,,,,,,,,,,,,,,,,,,,,,,,,,,,,,,,,,,,
,,,,,,,,,,,,,,,,,,,,,,,,,,,,,,,,,,,,,,,,,,,,,,,,,,,,,,,,,,,,,,,,,,,,,,,
,,,,,,,,,,,,,,,,,,,,,,,,,,,,,,,,,,,,,,,,,,,,,,,,,,,,,,,,,,,,,,,,,,,,,,,
,,,,,,,,,,,,,,,,,,,,,,,,,,,,,,,,,,,,,,,,,,,,,,,,,,,,,,,,,,,,,,,,,,,,,,,
,,,,,,,,,,,,,,,,,,,,,,,,,,,,,,,,,,,,,,,,,,,,,,,,,,,,,,,,,,,,,,,,,,,,,,,
,,,,,,,,,,,,,,,,,,,,,,,,,,,,,,,,,,,,,,,,,,,,,,,,,,,,,,,,,,,,,,,,,,,,,,,
,,,,,,,,,,,,,,,,,,,,,,,,,,,,,,,,,,,,,,,,,,,,,,,,,,,,,,,,,,,,,,,,,,,,,,,
,,,,,,,,,,,,,,,,,,,,,,,,,,,,,,,,,,,,,,,,,,,,,,,,,,,,,,,,,,,,,,,,,,,,,,,
,,,,,,,,,,,,,,,,,,,,,,,,,,,,,,,,,,,,,,,,,,,,,,,,,,,,,,,,,,,,,,,,,,,,,,,
,,,,,,,,,,,,,,,,,,,,,,,,,,,,,,,,,,,,,,,,,,,,,,,,,,,,,,,,,,,,,,,,,,,,,,,
,,,,,,,,,,,,,,,,,,,,,,,,,,,,,,,,,,,,,,,,,,,,,,,,,,,,,,,,,,,,,,,,,,,,,,,
,,,,,,,,,,,,,,,,,,,,,,,,,,,,,,,,,,,,,,,,,,,,,,,,,,,,,,,,,,,,,,,,,,,,,,,
,,,,,,,,,,,,,,,,,,,,,,,,,,,,,,,,,,,,,,,,,,,,,,,,,,,,,,,,,,,,,,,,,,,,,,,
,,,,,,,,,,,,,,,,,,,,,,,,,,,,,,,,,,,,,,,,,,,,,,,,,,,,,,,,,,,,,,,,,,,,,,,
,,,,,,,,,,,,,,,,,,,,,,,,,,,,,,,,,,,,,,,,,,,,,,,,,,,,,,,,,,,,,,,,,,,,,,,
,,,,,,,,,,,,,,,,,,,,,,,,,,,,,,,,,,,,,,,,,,,,,,,,,,,,,,,,,,,,,,,,,,,,,,,
,,,,,,,,,,,,,,,,,,,,,,,,,,,,,,,,,,,,,,,,,,,,,,,,,,,,,,,,,,,,,,,,,,,,,,,
,,,,,,,,,,,,,,,,,,,,,,,,,,,,,,,,,,,,,,,,,,,,,,,,,,,,,,,,,,,,,,,,,,,,,,,
,,,,,,,,,,,,,,,,,,,,,,,,,,,,,,,,,,,,,,,,,,,,,,,,,,,,,,,,,,,,,,,,,,,,,,,
,,,,,,,,,,,,,,,,,,,,,,,,,,,,,,,,,,,,,,,,,,,,,,,,,,,,,,,,,,,,,,,,,,,,,,,
,,,,,,,,,,,,,,,,,,,,,,,,,,,,,,,,,,,,,,,,,,,,,,,,,,,,,,,,,,,,,,,,,,,,,,,
,,,,,,,,,,,,,,,,,,,,,,,,,,,,,,,,,,,,,,,,,,,,,,,,,,,,,,,,,,,,,,,,,,,,,,,
,,,,,,,,,,,,,,,,,,,,,,,,,,,,,,,,,,,,,,,,,,,,,,,,,,,,,,,,,,,,,,,,,,,,,,,
,,,,,,,,,,,,,,,,,,,,,,,,,,,,,,,,,,,,,,,,,,,,,,,,,,,,,,,,,,,,,,,,,,,,,,,
,,,,,,,,,,,,,,,,,,,,,,,,,,,,,,,,,,,,,,,,,,,,,,,,,,,,,,,,,,,,,,,,,,,,,,,
,,,,,,,,,,,,,,,,,,,,,,,,,,,,,,,,,,,,,,,,,,,,,,,,,,,,,,,,,,,,,,,,,,,,,,,
,,,,,,,,,,,,,,,,,,,,,,,,,,,,,,,,,,,,,,,,,,,,,,,,,,,,,,,,,,,,,,,,,,,,,,,
,,,,,,,,,,,,,,,,,,,,,,,,,,,,,,,,,,,,,,,,,,,,,,,,,,,,,,,,,,,,,,,,,,,,,,,
,,,,,,,,,,,,,,,,,,,,,,,,,,,,,,,,,,,,,,,,,,,,,,,,,,,,,,,,,,,,,,,,,,,,,,,
,,,,,,,,,,,,,,,,,,,,,,,,,,,,,,,,,,,,,,,,,,,,,,,,,,,,,,,,,,,,,,,,,,,,,,,
,,,,,,,,,,,,,,,,,,,,,,,,,,,,,,,,,,,,,,,,,,,,,,,,,,,,,,,,,,,,,,,,,,,,,,,
,,,,,,,,,,,,,,,,,,,,,,,,,,,,,,,,,,,,,,,,,,,,,,,,,,,,,,,,,,,,,,,,,,,,,,,
,,,,,,,,,,,,,,,,,,,,,,,,,,,,,,,,,,,,,,,,,,,,,,,,,,,,,,,,,,,,,,,,,,,,,,,
,,,,,,,,,,,,,,,,,,,,,,,,,,,,,,,,,,,,,,,,,,,,,,,,,,,,,,,,,,,,,,,,,,,,,,,
,,,,,,,,,,,,,,,,,,,,,,,,,,,,,,,,,,,,,,,,,,,,,,,,,,,,,,,,,,,,,,,,,,,,,,,
,,,,,,,,,,,,,,,,,,,,,,,,,,,,,,,,,,,,,,,,,,,,,,,,,,,,,,,,,,,,,,,,,,,,,,,
,,,,,,,,,,,,,,,,,,,,,,,,,,,,,,,,,,,,,,,,,,,,,,,,,,,,,,,,,,,,,,,,,,,,,,,
,,,,,,,,,,,,,,,,,,,,,,,,,,,,,,,,,,,,,,,,,,,,,,,,,,,,,,,,,,,,,,,,,,,,,,,
,,,,,,,,,,,,,,,,,,,,,,,,,,,,,,,,,,,,,,,,,,,,,,,,,,,,,,,,,,,,,,,,,,,,,,,
,,,,,,,,,,,,,,,,,,,,,,,,,,,,,,,,,,,,,,,,,,,,,,,,,,,,,,,,,,,,,,,,,,,,,,,
,,,,,,,,,,,,,,,,,,,,,,,,,,,,,,,,,,,,,,,,,,,,,,,,,,,,,,,,,,,,,,,,,,,,,,,
,,,,,,,,,,,,,,,,,,,,,,,,,,,,,,,,,,,,,,,,,,,,,,,,,,,,,,,,,,,,,,,,,,,,,,,
,,,,,,,,,,,,,,,,,,,,,,,,,,,,,,,,,,,,,,,,,,,,,,,,,,,,,,,,,,,,,,,,,,,,,,,
,,,,,,,,,,,,,,,,,,,,,,,,,,,,,,,,,,,,,,,,,,,,,,,,,,,,,,,,,,,,,,,,,,,,,,,
,,,,,,,,,,,,,,,,,,,,,,,,,,,,,,,,,,,,,,,,,,,,,,,,,,,,,,,,,,,,,,,,,,,,,,,
,,,,,,,,,,,,,,,,,,,,,,,,,,,,,,,,,,,,,,,,,,,,,,,,,,,,,,,,,,,,,,,,,,,,,,,
,,,,,,,,,,,,,,,,,,,,,,,,,,,,,,,,,,,,,,,,,,,,,,,,,,,,,,,,,,,,,,,,,,,,,,,
,,,,,,,,,,,,,,,,,,,,,,,,,,,,,,,,,,,,,,,,,,,,,,,,,,,,,,,,,,,,,,,,,,,,,,,
,,,,,,,,,,,,,,,,,,,,,,,,,,,,,,,,,,,,,,,,,,,,,,,,,,,,,,,,,,,,,,,,,,,,,,,
,,,,,,,,,,,,,,,,,,,,,,,,,,,,,,,,,,,,,,,,,,,,,,,,,,,,,,,,,,,,,,,,,,,,,,,
,,,,,,,,,,,,,,,,,,,,,,,,,,,,,,,,,,,,,,,,,,,,,,,,,,,,,,,,,,,,,,,,,,,,,,,
,,,,,,,,,,,,,,,,,,,,,,,,,,,,,,,,,,,,,,,,,,,,,,,,,,,,,,,,,,,,,,,,,,,,,,,
,,,,,,,,,,,,,,,,,,,,,,,,,,,,,,,,,,,,,,,,,,,,,,,,,,,,,,,,,,,,,,,,,,,,,,,
,,,,,,,,,,,,,,,,,,,,,,,,,,,,,,,,,,,,,,,,,,,,,,,,,,,,,,,,,,,,,,,,,,,,,,,
,,,,,,,,,,,,,,,,,,,,,,,,,,,,,,,,,,,,,,,,,,,,,,,,,,,,,,,,,,,,,,,,,,,,,,,
,,,,,,,,,,,,,,,,,,,,,,,,,,,,,,,,,,,,,,,,,,,,,,,,,,,,,,,,,,,,,,,,,,,,,,,
,,,,,,,,,,,,,,,,,,,,,,,,,,,,,,,,,,,,,,,,,,,,,,,,,,,,,,,,,,,,,,,,,,,,,,,
,,,,,,,,,,,,,,,,,,,,,,,,,,,,,,,,,,,,,,,,,,,,,,,,,,,,,,,,,,,,,,,,,,,,,,,
,,,,,,,,,,,,,,,,,,,,,,,,,,,,,,,,,,,,,,,,,,,,,,,,,,,,,,,,,,,,,,,,,,,,,,,
,,,,,,,,,,,,,,,,,,,,,,,,,,,,,,,,,,,,,,,,,,,,,,,,,,,,,,,,,,,,,,,,,,,,,,,
,,,,,,,,,,,,,,,,,,,,,,,,,,,,,,,,,,,,,,,,,,,,,,,,,,,,,,,,,,,,,,,,,,,,,,,
,,,,,,,,,,,,,,,,,,,,,,,,,,,,,,,,,,,,,,,,,,,,,,,,,,,,,,,,,,,,,,,,,,,,,,,
,,,,,,,,,,,,,,,,,,,,,,,,,,,,,,,,,,,,,,,,,,,,,,,,,,,,,,,,,,,,,,,,,,,,,,,
,,,,,,,,,,,,,,,,,,,,,,,,,,,,,,,,,,,,,,,,,,,,,,,,,,,,,,,,,,,,,,,,,,,,,,,
,,,,,,,,,,,,,,,,,,,,,,,,,,,,,,,,,,,,,,,,,,,,,,,,,,,,,,,,,,,,,,,,,,,,,,,
,,,,,,,,,,,,,,,,,,,,,,,,,,,,,,,,,,,,,,,,,,,,,,,,,,,,,,,,,,,,,,,,,,,,,,,
,,,,,,,,,,,,,,,,,,,,,,,,,,,,,,,,,,,,,,,,,,,,,,,,,,,,,,,,,,,,,,,,,,,,,,,
,,,,,,,,,,,,,,,,,,,,,,,,,,,,,,,,,,,,,,,,,,,,,,,,,,,,,,,,,,,,,,,,,,,,,,,
,,,,,,,,,,,,,,,,,,,,,,,,,,,,,,,,,,,,,,,,,,,,,,,,,,,,,,,,,,,,,,,,,,,,,,,
,,,,,,,,,,,,,,,,,,,,,,,,,,,,,,,,,,,,,,,,,,,,,,,,,,,,,,,,,,,,,,,,,,,,,,,
,,,,,,,,,,,,,,,,,,,,,,,,,,,,,,,,,,,,,,,,,,,,,,,,,,,,,,,,,,,,,,,,,,,,,,,
,,,,,,,,,,,,,,,,,,,,,,,,,,,,,,,,,,,,,,,,,,,,,,,,,,,,,,,,,,,,,,,,,,,,,,,
,,,,,,,,,,,,,,,,,,,,,,,,,,,,,,,,,,,,,,,,,,,,,,,,,,,,,,,,,,,,,,,,,,,,,,,
,,,,,,,,,,,,,,,,,,,,,,,,,,,,,,,,,,,,,,,,,,,,,,,,,,,,,,,,,,,,,,,,,,,,,,,
,,,,,,,,,,,,,,,,,,,,,,,,,,,,,,,,,,,,,,,,,,,,,,,,,,,,,,,,,,,,,,,,,,,,,,,
,,,,,,,,,,,,,,,,,,,,,,,,,,,,,,,,,,,,,,,,,,,,,,,,,,,,,,,,,,,,,,,,,,,,,,,
,,,,,,,,,,,,,,,,,,,,,,,,,,,,,,,,,,,,,,,,,,,,,,,,,,,,,,,,,,,,,,,,,,,,,,,
,,,,,,,,,,,,,,,,,,,,,,,,,,,,,,,,,,,,,,,,,,,,,,,,,,,,,,,,,,,,,,,,,,,,,,,
,,,,,,,,,,,,,,,,,,,,,,,,,,,,,,,,,,,,,,,,,,,,,,,,,,,,,,,,,,,,,,,,,,,,,,,
,,,,,,,,,,,,,,,,,,,,,,,,,,,,,,,,,,,,,,,,,,,,,,,,,,,,,,,,,,,,,,,,,,,,,,,
,,,,,,,,,,,,,,,,,,,,,,,,,,,,,,,,,,,,,,,,,,,,,,,,,,,,,,,,,,,,,,,,,,,,,,,
,,,,,,,,,,,,,,,,,,,,,,,,,,,,,,,,,,,,,,,,,,,,,,,,,,,,,,,,,,,,,,,,,,,,,,,
,,,,,,,,,,,,,,,,,,,,,,,,,,,,,,,,,,,,,,,,,,,,,,,,,,,,,,,,,,,,,,,,,,,,,,,
,,,,,,,,,,,,,,,,,,,,,,,,,,,,,,,,,,,,,,,,,,,,,,,,,,,,,,,,,,,,,,,,,,,,,,,
,,,,,,,,,,,,,,,,,,,,,,,,,,,,,,,,,,,,,,,,,,,,,,,,,,,,,,,,,,,,,,,,,,,,,,,
,,,,,,,,,,,,,,,,,,,,,,,,,,,,,,,,,,,,,,,,,,,,,,,,,,,,,,,,,,,,,,,,,,,,,,,
,,,,,,,,,,,,,,,,,,,,,,,,,,,,,,,,,,,,,,,,,,,,,,,,,,,,,,,,,,,,,,,,,,,,,,,
,,,,,,,,,,,,,,,,,,,,,,,,,,,,,,,,,,,,,,,,,,,,,,,,,,,,,,,,,,,,,,,,,,,,,,,
,,,,,,,,,,,,,,,,,,,,,,,,,,,,,,,,,,,,,,,,,,,,,,,,,,,,,,,,,,,,,,,,,,,,,,,
,,,,,,,,,,,,,,,,,,,,,,,,,,,,,,,,,,,,,,,,,,,,,,,,,,,,,,,,,,,,,,,,,,,,,,,
,,,,,,,,,,,,,,,,,,,,,,,,,,,,,,,,,,,,,,,,,,,,,,,,,,,,,,,,,,,,,,,,,,,,,,,
,,,,,,,,,,,,,,,,,,,,,,,,,,,,,,,,,,,,,,,,,,,,,,,,,,,,,,,,,,,,,,,,,,,,,,,
,,,,,,,,,,,,,,,,,,,,,,,,,,,,,,,,,,,,,,,,,,,,,,,,,,,,,,,,,,,,,,,,,,,,,,,
,,,,,,,,,,,,,,,,,,,,,,,,,,,,,,,,,,,,,,,,,,,,,,,,,,,,,,,,,,,,,,,,,,,,,,,
,,,,,,,,,,,,,,,,,,,,,,,,,,,,,,,,,,,,,,,,,,,,,,,,,,,,,,,,,,,,,,,,,,,,,,,
,,,,,,,,,,,,,,,,,,,,,,,,,,,,,,,,,,,,,,,,,,,,,,,,,,,,,,,,,,,,,,,,,,,,,,,
,,,,,,,,,,,,,,,,,,,,,,,,,,,,,,,,,,,,,,,,,,,,,,,,,,,,,,,,,,,,,,,,,,,,,,,
,,,,,,,,,,,,,,,,,,,,,,,,,,,,,,,,,,,,,,,,,,,,,,,,,,,,,,,,,,,,,,,,,,,,,,,
,,,,,,,,,,,,,,,,,,,,,,,,,,,,,,,,,,,,,,,,,,,,,,,,,,,,,,,,,,,,,,,,,,,,,,,
,,,,,,,,,,,,,,,,,,,,,,,,,,,,,,,,,,,,,,,,,,,,,,,,,,,,,,,,,,,,,,,,,,,,,,,
,,,,,,,,,,,,,,,,,,,,,,,,,,,,,,,,,,,,,,,,,,,,,,,,,,,,,,,,,,,,,,,,,,,,,,,
,,,,,,,,,,,,,,,,,,,,,,,,,,,,,,,,,,,,,,,,,,,,,,,,,,,,,,,,,,,,,,,,,,,,,,,
,,,,,,,,,,,,,,,,,,,,,,,,,,,,,,,,,,,,,,,,,,,,,,,,,,,,,,,,,,,,,,,,,,,,,,,
,,,,,,,,,,,,,,,,,,,,,,,,,,,,,,,,,,,,,,,,,,,,,,,,,,,,,,,,,,,,,,,,,,,,,,,
,,,,,,,,,,,,,,,,,,,,,,,,,,,,,,,,,,,,,,,,,,,,,,,,,,,,,,,,,,,,,,,,,,,,,,,
,,,,,,,,,,,,,,,,,,,,,,,,,,,,,,,,,,,,,,,,,,,,,,,,,,,,,,,,,,,,,,,,,,,,,,,
,,,,,,,,,,,,,,,,,,,,,,,,,,,,,,,,,,,,,,,,,,,,,,,,,,,,,,,,,,,,,,,,,,,,,,,
,,,,,,,,,,,,,,,,,,,,,,,,,,,,,,,,,,,,,,,,,,,,,,,,,,,,,,,,,,,,,,,,,,,,,,,
,,,,,,,,,,,,,,,,,,,,,,,,,,,,,,,,,,,,,,,,,,,,,,,,,,,,,,,,,,,,,,,,,,,,,,,
,,,,,,,,,,,,,,,,,,,,,,,,,,,,,,,,,,,,,,,,,,,,,,,,,,,,,,,,,,,,,,,,,,,,,,,
,,,,,,,,,,,,,,,,,,,,,,,,,,,,,,,,,,,,,,,,,,,,,,,,,,,,,,,,,,,,,,,,,,,,,,,
,,,,,,,,,,,,,,,,,,,,,,,,,,,,,,,,,,,,,,,,,,,,,,,,,,,,,,,,,,,,,,,,,,,,,,,
,,,,,,,,,,,,,,,,,,,,,,,,,,,,,,,,,,,,,,,,,,,,,,,,,,,,,,,,,,,,,,,,,,,,,,,
,,,,,,,,,,,,,,,,,,,,,,,,,,,,,,,,,,,,,,,,,,,,,,,,,,,,,,,,,,,,,,,,,,,,,,,
,,,,,,,,,,,,,,,,,,,,,,,,,,,,,,,,,,,,,,,,,,,,,,,,,,,,,,,,,,,,,,,,,,,,,,,
,,,,,,,,,,,,,,,,,,,,,,,,,,,,,,,,,,,,,,,,,,,,,,,,,,,,,,,,,,,,,,,,,,,,,,,
,,,,,,,,,,,,,,,,,,,,,,,,,,,,,,,,,,,,,,,,,,,,,,,,,,,,,,,,,,,,,,,,,,,,,,,
,,,,,,,,,,,,,,,,,,,,,,,,,,,,,,,,,,,,,,,,,,,,,,,,,,,,,,,,,,,,,,,,,,,,,,,
,,,,,,,,,,,,,,,,,,,,,,,,,,,,,,,,,,,,,,,,,,,,,,,,,,,,,,,,,,,,,,,,,,,,,,,
,,,,,,,,,,,,,,,,,,,,,,,,,,,,,,,,,,,,,,,,,,,,,,,,,,,,,,,,,,,,,,,,,,,,,,,
,,,,,,,,,,,,,,,,,,,,,,,,,,,,,,,,,,,,,,,,,,,,,,,,,,,,,,,,,,,,,,,,,,,,,,,
,,,,,,,,,,,,,,,,,,,,,,,,,,,,,,,,,,,,,,,,,,,,,,,,,,,,,,,,,,,,,,,,,,,,,,,
,,,,,,,,,,,,,,,,,,,,,,,,,,,,,,,,,,,,,,,,,,,,,,,,,,,,,,,,,,,,,,,,,,,,,,,
,,,,,,,,,,,,,,,,,,,,,,,,,,,,,,,,,,,,,,,,,,,,,,,,,,,,,,,,,,,,,,,,,,,,,,,
,,,,,,,,,,,,,,,,,,,,,,,,,,,,,,,,,,,,,,,,,,,,,,,,,,,,,,,,,,,,,,,,,,,,,,,
,,,,,,,,,,,,,,,,,,,,,,,,,,,,,,,,,,,,,,,,,,,,,,,,,,,,,,,,,,,,,,,,,,,,,,,
,,,,,,,,,,,,,,,,,,,,,,,,,,,,,,,,,,,,,,,,,,,,,,,,,,,,,,,,,,,,,,,,,,,,,,,
,,,,,,,,,,,,,,,,,,,,,,,,,,,,,,,,,,,,,,,,,,,,,,,,,,,,,,,,,,,,,,,,,,,,,,,
,,,,,,,,,,,,,,,,,,,,,,,,,,,,,,,,,,,,,,,,,,,,,,,,,,,,,,,,,,,,,,,,,,,,,,,
,,,,,,,,,,,,,,,,,,,,,,,,,,,,,,,,,,,,,,,,,,,,,,,,,,,,,,,,,,,,,,,,,,,,,,,
,,,,,,,,,,,,,,,,,,,,,,,,,,,,,,,,,,,,,,,,,,,,,,,,,,,,,,,,,,,,,,,,,,,,,,,
,,,,,,,,,,,,,,,,,,,,,,,,,,,,,,,,,,,,,,,,,,,,,,,,,,,,,,,,,,,,,,,,,,,,,,,
,,,,,,,,,,,,,,,,,,,,,,,,,,,,,,,,,,,,,,,,,,,,,,,,,,,,,,,,,,,,,,,,,,,,,,,
,,,,,,,,,,,,,,,,,,,,,,,,,,,,,,,,,,,,,,,,,,,,,,,,,,,,,,,,,,,,,,,,,,,,,,,
,,,,,,,,,,,,,,,,,,,,,,,,,,,,,,,,,,,,,,,,,,,,,,,,,,,,,,,,,,,,,,,,,,,,,,,
,,,,,,,,,,,,,,,,,,,,,,,,,,,,,,,,,,,,,,,,,,,,,,,,,,,,,,,,,,,,,,,,,,,,,,,
,,,,,,,,,,,,,,,,,,,,,,,,,,,,,,,,,,,,,,,,,,,,,,,,,,,,,,,,,,,,,,,,,,,,,,,
,,,,,,,,,,,,,,,,,,,,,,,,,,,,,,,,,,,,,,,,,,,,,,,,,,,,,,,,,,,,,,,,,,,,,,,
,,,,,,,,,,,,,,,,,,,,,,,,,,,,,,,,,,,,,,,,,,,,,,,,,,,,,,,,,,,,,,,,,,,,,,,
,,,,,,,,,,,,,,,,,,,,,,,,,,,,,,,,,,,,,,,,,,,,,,,,,,,,,,,,,,,,,,,,,,,,,,,
,,,,,,,,,,,,,,,,,,,,,,,,,,,,,,,,,,,,,,,,,,,,,,,,,,,,,,,,,,,,,,,,,,,,,,,
,,,,,,,,,,,,,,,,,,,,,,,,,,,,,,,,,,,,,,,,,,,,,,,,,,,,,,,,,,,,,,,,,,,,,,,
,,,,,,,,,,,,,,,,,,,,,,,,,,,,,,,,,,,,,,,,,,,,,,,,,,,,,,,,,,,,,,,,,,,,,,,
,,,,,,,,,,,,,,,,,,,,,,,,,,,,,,,,,,,,,,,,,,,,,,,,,,,,,,,,,,,,,,,,,,,,,,,
,,,,,,,,,,,,,,,,,,,,,,,,,,,,,,,,,,,,,,,,,,,,,,,,,,,,,,,,,,,,,,,,,,,,,,,
