Title:,"COVID-19 daily situation report COVID-19 admissions estimates in England",,,,,,,,,,,,,,,,,,,,,,,,,,,,,,,,,,,,,,,,,,,,,,,,,,,,,,,,,,,,,,,,,,,,
Summary:,"Total reported admissions to hospital and diagnoses in hospital",,,,,,,,,,,,,,,,,,,,,,,,,,,,,,,,,,,,,,,,,,,,,,,,,,,,,,,,,,,,,,,,,,,,
Period:,"01 October 2021 to 05 December 2021",,,,,,,,,,,,,,,,,,,,,,,,,,,,,,,,,,,,,,,,,,,,,,,,,,,,,,,,,,,,,,,,,,,,
Source:,"COVID-19 NHS Situation Report",,,,,,,,,,,,,,,,,,,,,,,,,,,,,,,,,,,,,,,,,,,,,,,,,,,,,,,,,,,,,,,,,,,,
Basis:,Provider,,,,,,,,,,,,,,,,,,,,,,,,,,,,,,,,,,,,,,,,,,,,,,,,,,,,,,,,,,,,,,,,,,,,
Published:,2021/12/09,,,,,,,,,,,,,,,,,,,,,,,,,,,,,,,,,,,,,,,,,,,,,,,,,,,,,,,,,,,,,,,,,,,,
Status:,Published,,,,,,,,,,,,,,,,,,,,,,,,,,,,,,,,,,,,,,,,,,,,,,,,,,,,,,,,,,,,,,,,,,,,
Contact:,england.covid-data@nhs.net,,,,,,,,,,,,,,,,,,,,,,,,,,,,,,,,,,,,,,,,,,,,,,,,,,,,,,,,,,,,,,,,,,,,
,,,,,,,,,,,,,,,,,,,,,,,,,,,,,,,,,,,,,,,,,,,,,,,,,,,,,,,,,,,,,,,,,,,,,
"1. Total reported admissions to hospital and diagnoses in hospital",,,,,,,,,,,,,,,,,,,,,,,,,,,,,,,,,,,,,,,,,,,,,,,,,,,,,,,,,,,,,,,,,,,,,
"For NHS trusts and independent sector providers",,,,,,,,,,,,,,,,,,,,,,,,,,,,,,,,,,,,,,,,,,,,,,,,,,,,,,,,,,,,,,,,,,,,,
"Shows the number of patients admitted in previous 24 hours where patient known to have COVID-19 plus patients diagnosed in hospital with COVID-19 in previous 24 hours",,,,,,,,,,,,,,,,,,,,,,,,,,,,,,,,,,,,,,,,,,,,,,,,,,,,,,,,,,,,,,,,,,,,,
,,,,,,,,,,,,,,,,,,,,,,,,,,,,,,,,,,,,,,,,,,,,,,,,,,,,,,,,,,,,,,,,,,,,,
"Type 1 Acute?","NHS England Region",Code,Name,2021/10/01,2021/10/02,2021/10/03,2021/10/04,2021/10/05,2021/10/06,2021/10/07,2021/10/08,2021/10/09,2021/10/10,2021/10/11,2021/10/12,2021/10/13,2021/10/14,2021/10/15,2021/10/16,2021/10/17,2021/10/18,2021/10/19,2021/10/20,2021/10/21,2021/10/22,2021/10/23,2021/10/24,2021/10/25,2021/10/26,2021/10/27,2021/10/28,2021/10/29,2021/10/30,2021/10/31,2021/11/01,2021/11/02,2021/11/03,2021/11/04,2021/11/05,2021/11/06,2021/11/07,2021/11/08,2021/11/09,2021/11/10,2021/11/11,2021/11/12,2021/11/13,2021/11/14,2021/11/15,2021/11/16,2021/11/17,2021/11/18,2021/11/19,2021/11/20,2021/11/21,2021/11/22,2021/11/23,2021/11/24,2021/11/25,2021/11/26,2021/11/27,2021/11/28,2021/11/29,2021/11/30,2021/12/01,2021/12/02,2021/12/03,2021/12/04,2021/12/05
,,-,ENGLAND,520,549,577,627,658,632,634,619,613,606,685,760,752,730,752,743,828,896,894,903,799,760,756,829,865,911,955,888,840,741,860,899,891,807,717,686,688,739,850,808,821,797,729,655,678,695,713,727,697,637,611,648,602,659,752,650,620,609,607,669,699,698,719,624,635,728
,,,,,,,,,,,,,,,,,,,,,,,,,,,,,,,,,,,,,,,,,,,,,,,,,,,,,,,,,,,,,,,,,,,,,
,,,"East of England",37,37,36,49,58,49,45,65,64,72,71,53,58,68,58,84,95,79,91,83,73,69,97,98,75,96,102,117,95,85,88,95,100,83,82,67,69,90,84,79,88,82,64,78,57,73,56,76,61,54,72,63,52,53,98,61,46,79,58,62,67,59,57,79,73,88
,,,London,70,82,57,87,74,76,84,78,67,58,75,93,97,105,99,100,106,94,105,101,71,109,93,96,98,107,98,88,92,80,103,108,100,82,81,82,89,90,121,96,99,106,90,83,105,115,92,96,104,76,86,86,73,81,108,90,106,94,106,101,105,114,100,114,116,120
,,,Midlands,121,99,130,127,128,119,135,128,132,116,154,149,138,142,163,159,137,148,188,170,173,149,129,131,140,165,173,173,143,139,146,187,168,177,148,130,122,136,157,162,157,148,135,123,124,128,147,133,156,132,91,111,123,142,127,132,127,116,121,126,123,144,154,108,128,133
,,,"North East and Yorkshire",97,130,141,129,166,141,133,144,146,130,131,166,175,160,143,151,161,223,166,194,180,137,154,173,164,197,226,179,172,129,183,166,167,135,122,127,132,124,155,152,148,135,144,124,125,117,120,111,126,111,116,127,89,113,118,95,83,98,89,100,104,96,97,89,80,97
,,,"North West",87,99,97,93,88,93,87,77,83,85,102,116,106,109,132,90,126,132,121,158,121,149,100,119,139,134,131,119,144,122,129,131,130,121,121,113,108,102,114,114,124,102,94,107,87,97,116,110,80,94,78,83,76,90,88,88,89,69,72,84,80,88,87,66,85,83
,,,"South East",44,47,57,63,52,77,56,44,50,74,77,94,81,75,89,81,98,102,123,100,83,82,87,119,116,94,124,116,92,91,108,98,137,117,95,83,92,99,115,109,108,123,116,82,114,87,106,94,103,99,78,104,98,99,115,94,97,78,103,117,123,118,147,100,90,126
,,,"South West",64,55,59,79,92,77,94,83,71,71,75,89,97,71,68,78,105,118,100,97,98,65,96,93,133,118,101,96,102,95,103,114,89,92,68,84,76,98,104,96,97,101,86,58,66,78,76,107,67,71,90,74,91,81,98,90,72,75,58,79,97,79,77,68,63,81
No,"East of England",DE810,"CHADWICK LODGE",0,0,0,0,0,0,0,0,0,0,0,0,0,0,0,0,0,0,0,0,0,0,0,0,0,0,0,0,0,0,0,0,0,0,0,0,0,0,0,0,0,0,0,0,0,0,0,0,0,0,0,0,0,0,0,0,0,0,0,0,0,0,0,0,0,0
No,"East of England",DE816,"POTTERS BAR",0,0,0,0,0,0,0,0,0,0,0,0,0,0,0,0,0,0,0,0,0,0,0,0,0,0,0,0,0,0,0,0,0,0,0,0,0,0,0,0,0,0,0,0,0,0,0,0,0,0,0,0,0,0,0,0,0,0,0,0,0,0,0,0,0,0
No,"East of England",NAX,"EAST COAST COMMUNITY HEALTHCARE C.I.C",0,0,0,0,0,0,0,0,0,0,0,0,0,0,1,1,1,0,0,0,0,0,0,0,0,0,0,0,0,0,0,0,0,0,0,0,0,0,0,0,0,0,0,0,0,0,0,0,0,0,0,0,0,0,0,0,0,0,0,0,0,0,0,0,0,0
No,"East of England",NMJ11,"CYGNET HOSPITAL STEVENAGE",0,0,0,0,0,0,0,0,0,0,0,0,0,0,0,0,0,0,0,0,0,0,0,0,0,0,0,0,0,0,0,0,0,0,0,0,0,0,0,0,0,0,0,0,0,0,0,0,0,0,0,0,0,0,0,0,0,0,0,0,0,0,0,0,0,0
No,"East of England",NMJ44,"CYGNET HOSPITAL COLCHESTER",0,0,0,0,0,0,0,0,0,0,0,0,0,0,0,0,0,0,0,0,0,0,0,0,0,0,0,0,0,0,0,0,0,0,0,0,0,0,0,0,0,0,0,0,0,0,0,0,0,0,0,0,0,0,0,0,0,0,0,0,0,0,0,0,0,0
No,"East of England",NQ1,"ANGLIAN COMMUNITY ENTERPRISE COMMUNITY INTEREST COMPANY (ACE CIC)",,,,,,,,,,,,,,,,,,,,,,,,,,,,,,,,,,,,,,,,,,,,,,,,,,,,,,,,,,,,,,,,,,
No,"East of England",NQA,PROVIDE,0,0,0,0,0,0,0,0,0,0,0,0,0,0,0,0,0,0,0,0,0,0,0,0,0,0,0,0,0,0,0,0,0,0,0,0,0,0,0,0,0,0,0,0,0,0,0,0,0,0,0,0,0,0,0,0,0,0,0,0,0,0,0,0,0,0
No,"East of England",NYA02,"ST ANDREW'S HEALTHCARE - ESSEX",0,0,0,0,0,0,0,0,0,0,0,0,0,0,0,0,0,0,0,0,0,0,0,0,0,0,0,3,0,3,0,0,0,0,0,0,0,1,0,0,0,0,0,0,0,0,0,0,0,0,0,0,0,0,0,0,0,0,0,0,0,0,0,0,0,0
No,"East of England",R1L,"ESSEX PARTNERSHIP UNIVERSITY NHS FOUNDATION TRUST",2,2,3,0,0,0,0,0,0,0,0,0,0,0,0,0,1,1,0,0,0,0,0,1,0,0,0,1,2,0,0,2,2,0,0,0,0,0,0,0,1,0,0,3,0,1,3,0,0,0,0,0,0,0,0,0,0,0,0,2,0,0,0,0,0,0
Yes,"East of England",RAJ,"MID AND SOUTH ESSEX NHS FOUNDATION TRUST",9,5,6,8,13,8,6,6,11,14,13,9,10,5,9,10,15,13,13,15,16,6,13,23,13,14,22,12,18,12,12,15,21,14,13,16,12,8,18,11,11,8,14,16,13,13,8,12,11,9,10,12,16,6,17,10,9,16,11,15,15,9,11,14,19,19
Yes,"East of England",RC9,"BEDFORDSHIRE HOSPITALS NHS FOUNDATION TRUST",4,5,6,6,5,2,6,8,9,12,11,4,9,6,7,9,12,9,10,13,11,6,6,9,6,17,13,19,15,11,15,22,19,18,11,8,7,29,16,21,18,10,10,14,5,9,5,5,6,7,18,14,5,10,12,8,6,14,11,2,9,3,4,18,2,10
Yes,"East of England",RCX,"THE QUEEN ELIZABETH HOSPITAL, KING'S LYNN, NHS FOUNDATION TRUST",0,2,2,2,6,4,4,2,4,2,3,2,1,0,0,10,2,6,3,5,3,4,2,8,2,3,4,5,5,2,2,7,5,0,7,2,3,3,4,1,3,5,2,3,3,4,5,6,3,2,4,3,0,1,4,4,2,1,4,4,2,1,6,1,3,10
Yes,"East of England",RD8,"MILTON KEYNES UNIVERSITY HOSPITAL NHS FOUNDATION TRUST",5,0,2,3,5,3,1,4,6,5,1,2,3,4,3,5,10,5,4,3,3,1,7,4,4,7,11,6,5,5,6,2,7,10,5,4,3,4,1,3,3,4,2,2,1,6,2,3,2,4,6,2,2,2,6,4,4,5,3,3,3,2,5,4,7,1
Yes,"East of England",RDE,"EAST SUFFOLK AND NORTH ESSEX NHS FOUNDATION TRUST",2,3,4,6,4,4,2,6,2,6,6,2,7,8,8,12,14,6,4,8,10,9,17,11,7,13,11,13,5,7,8,4,9,6,4,2,10,8,6,8,9,16,7,8,5,6,9,11,9,4,5,6,5,4,12,5,8,8,5,4,9,14,8,10,4,9
No,"East of England",RGM,"ROYAL PAPWORTH HOSPITAL NHS FOUNDATION TRUST",0,0,0,0,0,1,0,0,0,0,2,1,0,2,0,1,1,0,1,0,0,0,0,0,0,0,0,0,2,0,0,0,0,0,0,1,0,1,0,1,1,1,0,0,0,0,0,1,0,0,0,0,0,0,0,0,0,0,0,1,0,0,0,0,1,0
Yes,"East of England",RGN,"NORTH WEST ANGLIA NHS FOUNDATION TRUST",2,2,3,4,7,5,5,6,8,5,5,4,6,9,4,7,14,13,18,17,10,2,17,9,8,11,12,12,6,7,15,15,6,9,11,5,8,5,7,5,7,11,2,16,10,6,8,9,7,6,5,4,4,3,11,6,1,3,6,7,6,6,6,3,7,6
Yes,"East of England",RGP,"JAMES PAGET UNIVERSITY HOSPITALS NHS FOUNDATION TRUST",2,3,0,4,1,2,2,2,3,1,2,2,1,3,2,1,2,0,0,3,2,7,3,3,3,1,4,4,2,3,4,1,6,7,3,1,1,2,3,1,2,0,3,4,2,0,1,2,3,5,1,4,0,1,1,3,3,2,1,1,1,2,2,4,4,2
Yes,"East of England",RGR,"WEST SUFFOLK NHS FOUNDATION TRUST",1,0,1,1,1,3,2,1,5,3,1,5,3,4,2,3,4,7,5,2,5,4,6,4,5,3,1,10,3,8,4,4,4,2,6,0,4,3,3,5,4,4,2,2,1,8,4,6,1,3,1,4,3,1,4,3,1,2,0,1,1,1,3,1,0,3
Yes,"East of England",RGT,"CAMBRIDGE UNIVERSITY HOSPITALS NHS FOUNDATION TRUST",2,2,2,4,4,2,4,9,3,6,8,6,4,3,4,4,1,2,3,4,2,2,10,6,8,12,10,9,8,3,4,7,4,2,7,4,4,5,6,8,4,9,5,2,1,3,3,4,3,2,6,3,4,4,6,4,1,6,8,8,6,6,5,5,5,9
Yes,"East of England",RM1,"NORFOLK AND NORWICH UNIVERSITY HOSPITALS NHS FOUNDATION TRUST",,2,1,0,2,3,3,5,5,4,4,5,5,7,4,5,5,3,7,3,4,6,4,5,6,6,6,10,4,2,4,6,3,9,7,6,4,2,4,6,5,2,4,2,4,8,1,5,3,4,6,4,5,6,7,3,3,2,2,6,4,6,2,5,4,5
No,"East of England",RMY,"NORFOLK AND SUFFOLK NHS FOUNDATION TRUST",0,0,0,0,0,0,0,0,0,0,0,0,0,0,0,0,0,0,0,0,0,0,0,0,0,0,0,0,0,0,0,0,0,0,0,0,0,0,0,0,0,0,0,0,0,0,0,0,0,0,0,0,0,0,0,0,0,0,0,0,0,0,0,0,0,0
Yes,"East of England",RQW,"THE PRINCESS ALEXANDRA HOSPITAL NHS TRUST",0,1,0,4,3,4,5,2,0,3,1,0,2,5,2,0,3,2,8,0,0,3,3,3,3,1,2,2,7,5,4,2,0,0,2,3,1,9,4,0,4,4,4,0,0,0,0,2,2,0,2,0,1,6,7,3,2,2,0,1,3,4,1,5,8,3
No,"East of England",RT1,"CAMBRIDGESHIRE AND PETERBOROUGH NHS FOUNDATION TRUST",0,0,0,0,1,0,0,0,1,0,0,0,1,0,0,0,0,0,1,0,0,0,0,1,0,0,0,0,0,0,0,2,1,1,0,0,0,0,1,2,0,0,0,0,0,0,2,0,0,0,0,0,1,0,1,0,0,0,0,0,0,0,0,0,0,0
Yes,"East of England",RWG,"WEST HERTFORDSHIRE HOSPITALS NHS TRUST",6,6,3,4,5,5,4,7,4,4,8,4,3,7,8,9,6,9,9,6,7,14,5,7,8,2,3,6,6,8,5,4,6,3,3,10,6,4,6,2,6,4,3,5,4,6,5,4,7,5,4,4,2,5,6,7,5,11,0,3,3,2,1,4,4,6
Yes,"East of England",RWH,"EAST AND NORTH HERTFORDSHIRE NHS TRUST",2,4,3,3,1,3,1,7,2,6,5,6,2,4,3,6,4,3,5,4,0,5,4,4,2,6,3,5,7,9,4,2,5,2,3,5,6,6,5,5,7,4,6,1,7,1,0,6,4,3,3,3,4,4,4,1,1,7,7,4,5,3,3,5,5,4
No,"East of England",RWR,"HERTFORDSHIRE PARTNERSHIP UNIVERSITY NHS FOUNDATION TRUST",0,0,0,0,0,0,0,0,0,0,0,0,0,0,0,0,0,0,0,0,0,0,0,0,0,0,0,0,0,0,0,0,0,0,0,0,0,0,0,0,0,0,0,0,0,0,0,0,0,0,0,0,0,0,0,0,0,0,0,0,0,0,0,0,0,0
No,"East of England",RY3,"NORFOLK COMMUNITY HEALTH AND CARE NHS TRUST",0,0,0,0,0,0,0,0,0,0,0,0,0,0,0,0,0,0,0,0,0,0,0,0,0,0,0,0,0,0,1,0,2,0,0,0,0,0,0,0,3,0,0,0,1,2,0,0,0,0,1,0,0,0,0,0,0,0,0,0,0,0,0,0,0,0
No,"East of England",RY4,"HERTFORDSHIRE COMMUNITY NHS TRUST",0,0,0,0,0,0,0,0,1,1,1,1,1,1,1,1,0,0,0,0,0,0,0,0,0,0,0,0,0,0,0,0,0,0,0,0,0,0,0,0,0,0,0,0,0,0,0,0,0,0,0,0,0,0,0,0,0,0,0,0,0,0,0,0,0,1
No,"East of England",RYV,"CAMBRIDGESHIRE COMMUNITY SERVICES NHS TRUST",0,0,0,0,0,0,0,0,0,0,0,0,0,0,0,0,0,0,0,0,0,0,0,0,0,0,0,0,0,0,0,0,0,0,0,0,0,0,0,0,0,0,0,0,0,0,0,0,0,0,0,0,0,0,0,0,0,0,0,0,0,0,0,0,0,0
No,London,8A580,"ELLERN MEDE CENTRE FOR EATING DISORDERS",0,0,0,0,0,0,0,0,0,0,0,0,0,0,0,0,0,,,,,,,,,,,,,,,,,,,,,,,,,,,,,,,,,,,,,,,,,,,,,,,,,
No,London,8JC73,"ELLERN MEDE RIDGEWAY",0,0,0,0,0,0,0,0,0,0,0,0,0,0,0,0,0,,,,,,,,,,,,,,,,,,,,,,,,,,,,,,,,,,,,,,,,,,,,,,,,,
No,London,DE804,"BROMLEY ROAD",0,0,0,0,0,0,0,0,0,0,0,0,0,0,0,0,0,0,0,0,0,0,0,0,0,0,0,0,0,0,0,0,0,0,0,0,0,0,0,0,0,0,0,0,0,0,0,0,0,0,0,0,0,0,0,0,0,0,0,0,0,0,0,0,0,0
No,London,DN703,"ELLERN MEDE RIDGEWAY",,,,,,,,,,,,,,,,,0,0,0,0,0,0,0,0,0,0,0,0,0,0,0,0,0,0,0,0,0,0,0,0,0,0,0,0,0,0,0,0,0,0,0,0,0,0,0,0,0,0,0,0,0,0,0,0,0,0
No,London,NMJ04,"CYGNET HOSPITAL BECKTON",0,0,0,0,0,0,0,0,0,0,0,0,0,0,0,0,0,0,0,0,0,0,0,0,0,0,0,0,0,0,0,0,0,0,0,0,0,0,0,0,0,0,0,0,0,0,0,0,0,0,0,0,0,0,0,0,0,0,0,0,0,0,0,0,0,0
No,London,NMJ05,"CYGNET WING BLACKHEATH",0,0,0,0,0,0,0,0,0,0,0,0,0,0,0,0,0,0,0,0,0,0,0,0,0,0,0,0,0,0,0,0,0,0,0,0,0,0,0,0,0,0,0,0,0,0,0,0,0,0,0,0,0,0,0,0,0,0,0,0,0,0,0,0,0,0
No,London,NMJ08,"CYGNET HOSPITAL EALING",0,0,0,0,0,0,0,0,0,0,0,0,0,0,0,0,0,0,0,0,0,0,0,0,0,0,0,0,0,0,0,0,0,0,0,0,0,0,0,0,0,0,0,0,0,0,0,0,0,0,0,0,0,0,0,0,0,0,0,0,0,0,0,0,0,0
No,London,NMJ0D,"BOSTALL HOUSE",0,0,0,0,0,0,0,0,0,0,0,0,0,0,0,0,0,0,0,0,0,0,0,0,0,0,0,0,0,0,0,0,0,0,0,0,0,0,0,0,0,0,0,0,0,0,0,0,0,0,0,0,0,0,0,0,0,0,0,0,0,0,0,0,0,0
No,London,NMJ10,"CYGNET HOSPITAL HARROW",0,0,0,0,0,0,0,0,0,0,0,0,0,0,0,0,0,0,0,0,0,0,0,0,0,0,0,0,0,0,0,0,0,0,0,0,0,0,0,0,0,0,0,0,0,0,0,0,0,0,0,0,0,0,0,0,0,0,0,0,0,0,0,0,0,0
No,London,NMJ13,"CYGNET LODGE LEWISHAM",0,0,0,0,0,0,0,0,0,0,0,0,0,0,0,0,0,0,0,0,0,0,0,0,0,0,0,0,0,0,0,0,0,0,0,0,0,0,0,0,0,0,0,0,0,0,0,0,0,0,0,0,0,0,0,0,0,0,0,0,0,0,0,0,0,0
No,London,NMJ14,"CYGNET LODGE KENTON",0,0,0,0,0,0,0,0,0,0,0,0,0,0,0,0,0,0,0,0,0,0,0,0,0,0,0,0,0,0,0,0,0,0,0,0,0,0,0,0,0,0,0,0,0,0,0,0,0,0,0,0,0,0,0,0,0,0,0,0,0,0,0,0,0,0
No,London,NMJ91,"CYGNET CHURCHILL",0,0,0,0,0,0,0,0,0,0,0,0,0,0,0,0,0,0,0,0,0,0,0,0,0,0,0,0,0,0,0,0,0,0,0,0,0,0,0,0,0,0,0,0,0,0,0,0,0,0,0,0,0,0,0,0,0,0,0,0,0,0,0,0,0,0
No,London,NNV,"YOUR HEALTHCARE",0,0,0,0,0,0,0,0,0,0,0,0,0,0,0,0,0,0,0,0,0,0,0,0,0,0,0,0,0,0,0,0,0,0,0,0,0,0,0,0,0,0,0,0,0,0,0,0,0,1,0,0,0,0,1,1,1,1,1,1,0,0,0,0,0,0
No,London,NQV,"BROMLEY HEALTHCARE",0,0,0,0,0,0,0,0,0,0,0,0,0,0,0,0,0,0,0,0,0,0,0,0,0,0,0,0,0,0,0,0,0,0,0,0,0,0,0,0,0,0,0,0,0,0,0,0,0,0,0,0,0,0,0,0,0,0,0,0,0,0,0,0,0,0
Yes,London,R1H,"BARTS HEALTH NHS TRUST",5,5,4,8,5,10,9,13,4,4,8,11,10,11,9,8,12,8,13,11,11,19,16,6,15,12,10,5,4,7,14,11,9,13,9,5,10,13,12,12,8,11,15,12,5,20,7,6,10,10,6,6,8,6,10,6,16,12,11,5,9,15,10,16,10,11
Yes,London,R1K,"LONDON NORTH WEST UNIVERSITY HEALTHCARE NHS TRUST",4,4,9,5,5,5,8,10,2,5,7,11,8,9,11,7,8,8,10,7,7,8,7,6,7,8,9,5,4,9,8,8,7,7,5,6,7,8,9,6,12,11,7,6,11,8,4,11,8,6,10,14,3,5,10,6,5,7,12,17,11,7,9,10,12,9
Yes,London,RAL,"ROYAL FREE LONDON NHS FOUNDATION TRUST",6,3,1,7,4,5,8,3,10,8,8,8,10,10,10,12,14,10,5,7,8,11,5,10,13,11,9,10,11,6,9,8,11,6,5,7,5,7,7,11,13,6,13,3,7,7,7,9,10,8,9,2,9,8,11,7,9,7,4,5,5,5,4,5,5,6
No,London,RAN,"ROYAL NATIONAL ORTHOPAEDIC HOSPITAL NHS TRUST",0,0,0,0,0,0,0,1,0,0,0,0,0,0,0,0,0,0,0,0,0,0,0,0,0,0,0,0,0,0,0,0,0,0,0,0,0,0,0,0,0,0,0,0,0,0,0,0,0,0,0,0,0,0,0,0,0,0,0,0,0,0,0,0,0,0
Yes,London,RAP,"NORTH MIDDLESEX UNIVERSITY HOSPITAL NHS TRUST",6,6,1,0,2,3,4,5,8,4,2,3,3,5,8,2,3,1,4,5,2,3,3,3,3,7,3,7,2,7,4,10,4,3,5,2,3,4,3,4,3,7,4,3,3,6,3,2,3,0,1,5,2,4,2,7,3,5,3,3,1,3,2,4,6,6
Yes,London,RAS,"THE HILLINGDON HOSPITALS NHS FOUNDATION TRUST",6,8,4,8,11,1,2,0,2,2,1,1,2,3,3,2,3,0,1,2,1,1,3,1,3,3,1,0,1,1,2,2,5,5,3,3,3,5,3,2,3,0,1,2,4,0,3,4,6,1,2,3,0,3,1,2,2,2,7,5,2,3,3,6,5,7
No,London,RAT,"NORTH EAST LONDON NHS FOUNDATION TRUST",0,0,0,0,0,0,0,0,0,2,0,0,0,0,0,0,1,0,0,0,0,0,0,0,0,1,0,0,0,0,0,0,0,0,0,0,0,0,0,2,0,0,0,0,0,0,1,0,0,0,0,0,0,0,0,0,0,0,0,0,3,2,2,2,3,2
Yes,London,RAX,"KINGSTON HOSPITAL NHS FOUNDATION TRUST",2,1,4,2,3,3,0,1,2,0,3,2,2,4,2,1,5,4,2,1,3,0,1,0,6,7,1,7,1,2,1,7,1,2,1,2,6,2,1,6,7,3,2,0,4,1,3,2,2,2,3,3,2,1,5,3,5,1,0,3,1,3,3,0,0,1
Yes,London,RF4,"BARKING, HAVERING AND REDBRIDGE UNIVERSITY HOSPITALS NHS TRUST",8,10,2,6,2,3,9,6,2,2,3,6,8,1,4,7,3,9,12,5,5,15,4,7,5,9,4,4,12,8,6,5,3,1,7,3,1,4,8,2,2,7,9,8,5,9,3,6,3,4,8,2,3,4,4,9,4,9,1,4,8,5,8,7,17,7
Yes,London,RJ1,"GUY'S AND ST THOMAS' NHS FOUNDATION TRUST",1,1,1,2,4,5,2,1,0,3,4,2,1,1,0,4,5,0,2,0,0,2,1,3,0,0,3,3,2,5,3,4,5,5,0,3,6,1,3,3,2,3,4,6,5,3,1,7,2,1,6,3,0,2,2,1,6,5,1,3,3,5,3,2,3,3
Yes,London,RJ2,"LEWISHAM AND GREENWICH NHS TRUST",2,5,2,3,2,2,4,6,1,1,2,5,7,9,3,3,3,4,9,5,6,8,6,6,5,5,5,3,5,5,9,7,5,7,5,7,4,6,5,6,5,5,3,2,4,5,2,8,11,4,3,6,5,4,7,3,10,5,9,3,8,5,7,9,4,10
Yes,London,RJ6,"CROYDON HEALTH SERVICES NHS TRUST",8,4,4,3,3,8,6,6,9,2,3,4,5,3,0,9,7,1,5,3,3,1,5,3,6,1,5,3,3,5,6,3,4,0,3,3,2,4,6,4,3,5,3,7,7,3,5,2,5,3,2,3,4,2,8,2,4,1,5,5,3,3,5,7,5,3
Yes,London,RJ7,"ST GEORGE'S UNIVERSITY HOSPITALS NHS FOUNDATION TRUST",2,5,4,3,1,1,3,1,3,1,6,3,3,2,3,1,3,3,1,3,5,5,4,7,2,1,3,5,9,3,8,5,9,2,3,6,4,8,12,0,3,4,1,0,5,4,4,0,3,0,5,3,4,1,3,4,1,7,7,1,4,4,4,3,2,3
Yes,London,RJZ,"KING'S COLLEGE HOSPITAL NHS FOUNDATION TRUST",6,8,4,5,10,7,7,3,4,4,3,11,6,11,9,11,11,7,12,11,3,8,11,7,9,5,2,10,10,7,7,4,11,7,7,9,5,9,10,7,6,13,3,12,5,10,5,11,13,8,4,3,10,10,10,11,10,8,13,12,8,14,12,14,16,12
Yes,London,RKE,"WHITTINGTON HEALTH NHS TRUST",2,0,3,2,3,1,4,1,2,2,3,1,2,0,1,3,2,5,3,4,2,1,1,2,3,7,4,4,5,2,5,7,0,0,2,2,2,6,3,1,1,2,1,1,0,2,3,3,2,2,6,4,3,4,2,1,2,0,5,5,6,6,5,1,0,2
No,London,RKL,"WEST LONDON NHS TRUST",0,0,0,2,0,2,0,1,0,1,0,1,0,2,0,0,1,1,0,0,1,0,1,0,0,0,0,0,0,0,0,0,0,0,0,2,1,0,1,0,1,0,0,0,1,1,0,0,0,1,2,0,0,0,1,1,1,0,0,0,0,2,1,0,1,3
No,London,RNK,"TAVISTOCK AND PORTMAN NHS FOUNDATION TRUST",,0,0,0,0,0,0,,0,0,0,0,0,0,,0,0,0,0,0,0,,0,0,0,0,0,0,,0,0,0,0,0,0,,0,0,0,0,0,0,,0,0,0,0,0,0,,0,0,0,0,0,0,,0,0,0,0,0,0,,0,0
No,London,RP4,"GREAT ORMOND STREET HOSPITAL FOR CHILDREN NHS FOUNDATION TRUST",0,0,1,0,1,0,0,2,0,0,0,1,0,0,0,0,1,0,1,2,0,0,0,1,0,0,0,0,0,0,1,1,0,2,1,0,0,0,5,2,0,3,1,0,1,0,0,0,0,0,2,0,0,0,1,0,1,0,0,0,3,3,2,1,0,1
No,London,RP6,"MOORFIELDS EYE HOSPITAL NHS FOUNDATION TRUST",0,0,0,0,0,0,0,0,0,0,0,0,0,0,0,0,0,0,0,0,0,0,0,0,0,0,0,0,0,0,0,0,0,0,0,0,0,0,0,0,0,0,0,0,0,0,0,0,0,0,0,0,0,0,0,0,0,0,0,0,0,0,0,0,0,0
No,London,RPG,"OXLEAS NHS FOUNDATION TRUST",0,0,0,0,0,0,0,0,0,0,0,0,0,0,0,0,0,0,0,0,0,0,0,0,0,0,0,0,0,0,0,0,0,0,0,0,0,0,0,0,0,0,0,0,0,0,0,0,0,0,0,0,0,0,0,0,0,0,0,0,0,0,0,0,0,0
No,London,RPY,"THE ROYAL MARSDEN NHS FOUNDATION TRUST",0,0,1,0,0,0,1,0,0,0,0,0,1,0,0,0,0,0,0,0,0,0,0,0,0,0,0,0,0,0,0,0,0,0,0,0,0,0,1,0,0,0,0,0,0,1,0,0,0,0,0,0,0,0,0,0,0,0,1,0,0,0,0,0,0,0
Yes,London,RQM,"CHELSEA AND WESTMINSTER HOSPITAL NHS FOUNDATION TRUST",4,4,2,6,5,3,5,6,6,1,3,5,7,8,7,10,5,4,2,4,4,4,5,7,4,6,5,8,8,3,4,4,4,5,4,5,8,2,9,2,6,4,7,6,11,6,10,7,9,4,4,11,7,6,12,5,6,7,8,8,3,6,3,6,7,5
Yes,London,RQX,"HOMERTON UNIVERSITY HOSPITAL NHS FOUNDATION TRUST",0,5,1,2,4,5,2,2,2,4,2,4,3,4,2,1,2,1,1,4,4,3,3,9,1,2,8,5,1,4,2,4,3,1,1,1,1,1,2,3,3,4,2,1,4,2,5,1,3,4,0,0,1,3,0,4,1,0,3,4,5,4,3,4,2,0
No,London,RQY,"SOUTH WEST LONDON AND ST GEORGE'S MENTAL HEALTH NHS TRUST",1,0,0,0,0,0,0,0,0,0,0,0,0,0,0,0,1,0,0,0,0,0,0,0,0,0,0,0,0,0,0,0,0,0,0,0,0,0,0,0,0,0,0,0,0,0,0,0,0,0,0,0,0,0,0,0,0,0,0,0,0,0,0,0,1,1
No,London,RRP,"BARNET, ENFIELD AND HARINGEY MENTAL HEALTH NHS TRUST",0,0,0,0,0,0,0,0,0,0,0,0,0,0,0,0,0,0,1,1,0,1,0,0,1,0,0,0,0,0,0,0,0,1,0,0,0,0,0,0,0,0,0,0,1,2,3,0,1,1,0,0,0,1,1,1,1,0,0,0,0,0,0,0,0,0
Yes,London,RRV,"UNIVERSITY COLLEGE LONDON HOSPITALS NHS FOUNDATION TRUST",0,4,4,4,2,3,1,1,2,2,3,2,3,4,2,0,1,7,3,8,0,1,5,5,2,4,2,1,2,1,6,5,5,6,1,0,2,1,7,7,7,4,2,2,6,2,5,4,3,2,4,7,2,4,3,7,4,4,4,2,3,4,2,4,4,4
No,London,RV3,"CENTRAL AND NORTH WEST LONDON NHS FOUNDATION TRUST",0,0,0,0,0,0,1,0,0,0,1,0,1,0,0,1,1,1,1,1,0,1,0,0,1,3,6,0,0,0,0,1,0,2,1,4,0,2,1,1,3,3,1,1,3,3,0,1,1,0,0,0,0,0,1,0,0,0,1,1,1,1,0,0,0,0
No,London,RV5,"SOUTH LONDON AND MAUDSLEY NHS FOUNDATION TRUST",0,1,0,1,0,0,0,0,1,2,0,0,0,0,1,0,2,1,1,1,1,2,1,0,1,0,0,0,0,0,1,2,2,2,5,1,0,1,0,1,0,0,1,1,1,2,2,0,0,2,0,1,0,1,0,0,0,0,0,1,1,0,1,0,0,2
Yes,London,RVR,"EPSOM AND ST HELIER UNIVERSITY HOSPITALS NHS TRUST",2,5,2,6,2,5,2,5,2,4,6,2,8,6,14,8,3,5,7,7,3,9,6,7,7,8,4,2,5,0,3,6,6,0,7,7,6,3,8,6,3,4,4,1,4,10,7,2,1,4,4,4,3,5,5,3,5,3,3,4,6,4,4,2,4,6
No,London,RWK,"EAST LONDON NHS FOUNDATION TRUST",0,0,0,0,0,0,0,0,0,0,0,0,1,1,0,0,1,2,0,0,0,0,1,0,0,0,1,0,0,0,0,0,0,0,0,0,3,0,1,4,2,1,1,1,1,1,0,0,1,0,0,0,0,1,1,2,3,5,3,2,2,0,1,1,1,2
No,London,RY9,"HOUNSLOW AND RICHMOND COMMUNITY HEALTHCARE NHS TRUST",0,0,0,0,0,1,0,0,0,0,0,0,0,0,0,0,0,0,1,0,0,0,0,0,0,0,0,0,0,0,0,0,0,0,0,0,0,0,0,0,0,0,0,0,0,0,0,0,0,0,0,0,0,0,0,0,0,0,0,0,0,0,0,0,0,0
Yes,London,RYJ,"IMPERIAL COLLEGE HEALTHCARE NHS TRUST",5,3,3,12,4,3,6,4,5,4,7,10,6,11,10,9,8,12,8,9,2,6,4,6,4,7,12,6,7,5,4,4,6,5,6,4,10,3,4,4,6,6,5,8,7,7,9,10,7,8,5,6,7,6,7,4,6,5,4,7,9,10,6,10,8,14
No,London,RYX,"CENTRAL LONDON COMMUNITY HEALTHCARE NHS TRUST",0,0,0,0,0,0,0,0,0,0,0,0,0,0,0,0,0,0,0,0,0,0,0,0,0,0,0,0,0,0,0,0,0,0,0,0,0,0,0,0,0,0,0,0,0,0,0,0,0,0,0,0,0,0,0,0,0,0,0,0,0,0,0,0,0,0
No,London,TAF,"CAMDEN AND ISLINGTON NHS FOUNDATION TRUST",0,0,0,0,1,0,0,0,0,0,0,0,0,0,0,1,0,0,0,0,0,0,0,0,0,0,1,0,0,0,0,0,0,0,0,0,0,0,0,0,0,0,0,0,0,0,0,0,0,0,0,0,0,0,0,0,0,0,0,0,0,0,0,0,0,0
No,Midlands,ATM01,"NEWBRIDGE CARE SYSTEMS",0,0,0,0,0,0,0,0,0,0,0,0,0,0,0,0,0,0,0,0,0,0,0,0,0,0,0,0,0,0,0,0,0,0,0,,0,0,0,0,0,0,,,,0,0,0,0,,,0,0,0,,0,0,0,0,0,0,,0,0,0,0
No,Midlands,DE826,"FARNDON UNIT",0,0,0,0,0,0,0,0,0,0,0,0,0,0,0,0,0,0,0,0,0,0,0,0,0,0,0,0,0,0,0,0,0,0,0,0,0,0,0,0,0,0,0,0,0,0,0,0,0,0,0,0,0,0,0,0,0,0,0,0,0,0,0,0,0,0
No,Midlands,DE875,"COTSWOLD SPA",0,0,0,0,0,0,0,0,0,0,0,0,0,0,0,0,0,0,0,0,0,0,0,0,0,0,0,0,0,0,0,0,0,0,0,0,0,0,0,0,0,0,0,0,0,0,0,0,0,0,0,0,0,0,0,0,0,0,0,0,0,0,0,0,0,0
No,Midlands,NFJ06,BROOMHILL,,,,,,,,,,,,,,,,,,,,,,,,,,,,,,,,,,,,,,,,,,,,,,,,,,,,,,,,,,,,,,,,,,
No,Midlands,NFJ09,"THE DALLINGTONS",,,,,,,,,,,,,,,,,,,,,,,,,,,,,,,,,,,,,,,,,,,,,,,,,,,,,,,,,,,,,,,,,,
No,Midlands,NMJ07,"CYGNET HOSPITAL DERBY",0,0,0,0,0,0,0,0,0,0,0,0,0,0,0,0,0,0,0,0,0,0,0,0,0,0,0,0,0,0,0,0,0,0,0,0,0,0,0,0,0,0,0,0,0,0,0,0,0,0,0,0,0,0,0,0,0,0,0,0,0,0,0,0,0,0
No,Midlands,NMJ0F,"CEDAR VALE HOSPITAL",0,0,0,0,0,0,0,0,0,0,0,0,0,0,0,0,0,0,0,0,0,0,0,0,0,0,0,0,0,0,0,0,0,0,0,0,0,0,0,0,0,0,0,0,0,0,0,0,0,0,0,0,0,0,0,0,0,0,0,0,0,0,0,0,0,0
No,Midlands,NMJ0Y,"WAST HILLS HOSPITAL",0,0,0,0,0,0,0,0,0,0,0,0,0,0,0,0,0,0,0,0,0,0,0,0,0,0,0,0,0,0,0,0,0,0,0,0,0,0,0,0,0,0,0,0,0,0,0,0,0,0,0,0,0,0,0,0,0,0,0,0,0,0,0,0,0,0
No,Midlands,NMJ28,"CYGNET ELMS",0,0,0,0,0,0,0,0,0,0,0,0,0,0,0,0,0,0,0,0,0,0,0,0,0,0,0,0,0,0,0,0,0,0,0,0,0,0,0,0,0,0,0,0,0,0,0,0,0,0,0,0,0,0,0,0,0,0,0,0,0,0,0,0,0,0
No,Midlands,NMJ29,"CYGNET RAGLAN HOUSE",0,0,0,0,0,0,0,0,0,0,0,0,0,0,0,0,0,0,0,0,0,0,0,0,0,0,0,0,0,0,0,0,0,0,0,0,0,0,0,0,0,0,0,0,0,0,0,0,0,0,0,0,0,0,0,0,0,0,0,0,0,0,0,0,0,0
No,Midlands,NMJ30,"CYGNET HEATHERS",0,0,0,0,0,0,0,0,0,0,0,0,0,0,0,0,0,0,0,0,0,0,0,0,0,0,0,0,0,0,0,0,0,0,0,0,0,0,0,0,0,0,0,0,0,0,0,0,0,0,0,0,0,0,0,0,0,0,0,0,0,0,0,0,0,0
No,Midlands,NMJ31,"CYGNET CEDARS",0,0,0,0,0,0,0,0,0,0,0,0,0,0,0,0,0,0,0,0,0,0,0,0,0,0,0,0,0,0,0,0,0,0,0,0,0,0,0,0,0,0,0,0,0,0,0,0,0,0,0,0,0,0,0,0,0,0,0,0,0,0,0,0,0,0
No,Midlands,NMJ46,"CYGNET VIEWS",0,0,0,0,0,0,0,0,0,0,0,0,0,0,0,0,0,0,0,0,0,0,,0,0,0,0,0,0,0,0,0,0,0,0,0,0,0,0,0,0,0,0,0,0,0,0,0,0,0,0,0,0,0,0,0,0,0,0,0,0,0,0,0,0,0
No,Midlands,NMJ47,"CYGNET STORTHFIELD HOUSE",0,0,0,0,0,0,0,0,0,0,0,0,0,0,0,0,0,0,0,0,0,0,,0,0,0,0,0,0,0,0,0,0,0,0,0,0,0,0,0,0,0,0,0,0,0,0,0,0,0,0,0,0,0,0,0,0,0,0,0,0,0,0,0,0,0
No,Midlands,NMJ71,"CYGNET HOSPITAL CLIFTON",0,0,0,0,0,0,0,0,0,0,0,0,0,0,0,0,0,0,0,0,0,0,0,0,0,0,0,0,0,0,0,0,0,0,0,0,0,0,0,0,0,0,0,0,0,0,0,0,0,0,0,0,0,0,0,0,0,0,0,0,0,0,0,0,0,0
No,Midlands,NMJ75,"CYGNET MANOR",0,0,0,0,0,0,0,0,0,0,0,0,0,0,0,0,0,0,0,0,0,0,0,0,0,0,0,0,0,0,0,,0,0,0,0,0,0,0,0,0,0,0,0,0,0,0,0,0,0,0,0,0,0,0,0,0,0,0,0,0,0,0,0,0,0
No,Midlands,NMJ77,"CYGNET SHERWOOD HOUSE",0,0,0,0,0,0,0,0,0,0,0,0,0,0,0,0,0,0,0,0,0,0,0,0,0,0,0,0,0,0,0,0,0,0,0,0,0,0,0,0,0,0,0,0,0,0,0,0,0,0,0,0,0,0,0,0,0,0,0,0,0,0,0,0,0,0
No,Midlands,NMJ86,"CYGNET ACER CLINIC",0,0,0,0,0,0,0,0,0,0,0,0,0,0,0,0,0,0,0,0,0,0,0,0,0,0,0,0,0,0,0,0,0,0,0,0,0,0,0,0,0,0,0,0,0,0,0,0,0,0,0,0,0,0,0,0,0,0,0,0,0,0,0,0,0,0
No,Midlands,NMJ98,"CYGNET ST. AUGUSTINE'S",0,0,0,0,0,0,0,0,0,0,0,0,0,0,0,0,0,0,0,0,0,0,0,0,0,0,0,0,0,0,0,0,0,0,0,0,0,0,0,0,0,0,0,0,0,0,0,0,0,0,0,0,0,0,0,0,0,0,0,0,0,0,0,0,0,0
No,Midlands,NR3,"NOTTINGHAM CITYCARE PARTNERSHIP",0,0,0,0,0,0,0,0,0,0,0,0,0,0,0,0,0,0,0,0,0,0,0,0,0,0,0,0,0,0,0,0,0,0,0,0,0,0,0,0,0,0,0,0,0,0,0,0,0,0,0,0,0,0,0,0,0,0,0,0,0,0,0,0,0,0
No,Midlands,NV203,"THE HUNTERCOMBE HOSPITAL - STAFFORD",0,0,0,0,0,0,0,0,0,0,0,0,0,0,0,0,0,0,0,0,0,0,0,0,0,0,0,0,0,0,0,0,0,0,0,0,0,0,0,0,0,0,0,0,0,0,0,0,0,0,0,0,0,0,0,0,0,0,0,0,0,0,0,0,0,0
No,Midlands,NYA01,"ST ANDREW'S HEALTHCARE - NORTHAMPTON",1,0,0,0,0,0,0,0,0,0,0,0,0,0,0,0,0,0,0,0,0,0,1,0,0,0,0,0,0,0,0,0,0,0,0,0,0,0,0,0,0,0,0,0,0,0,0,0,0,0,0,0,0,0,0,0,0,0,0,0,0,0,0,0,0,0
No,Midlands,NYA03,"ST ANDREW'S HEALTHCARE - BIRMINGHAM",0,0,0,0,0,0,0,0,0,0,0,0,0,0,0,0,0,0,0,0,0,0,0,0,0,0,0,0,0,0,0,1,0,0,0,0,0,0,0,0,0,0,0,0,0,0,0,0,0,0,0,0,0,0,0,0,0,0,0,0,0,0,0,0,0,0
No,Midlands,NYA04,"ST ANDREW'S HEALTHCARE NOTTINGHAMSHIRE",0,0,0,0,0,0,0,0,0,0,0,0,0,0,0,0,0,0,0,0,0,0,0,0,0,0,0,0,0,0,0,0,0,0,0,0,0,0,0,0,0,0,0,0,0,0,0,0,0,0,0,0,0,0,0,0,0,0,0,0,0,0,0,0,0,0
No,Midlands,R1A,"HEREFORDSHIRE AND WORCESTERSHIRE HEALTH AND CARE NHS TRUST",0,0,0,0,0,0,0,0,0,0,1,0,0,0,1,0,0,0,0,1,1,0,0,0,0,0,0,0,0,0,0,1,1,1,1,1,3,1,0,4,0,4,3,0,0,1,1,1,0,0,0,0,0,1,0,1,0,0,0,2,0,0,0,1,0,0
No,Midlands,R1D,"SHROPSHIRE COMMUNITY HEALTH NHS TRUST",0,0,0,0,1,1,0,1,0,1,0,0,0,0,0,1,0,0,1,2,2,1,0,0,1,1,1,0,1,1,0,0,3,0,2,1,0,0,0,2,1,0,0,1,0,0,0,1,1,1,0,1,1,0,1,0,0,1,2,0,1,0,2,0,1,0
Yes,Midlands,RBK,"WALSALL HEALTHCARE NHS TRUST",5,4,1,3,7,7,3,0,4,1,7,5,7,7,2,8,7,9,9,15,6,4,2,4,4,8,9,7,7,4,3,7,7,8,14,1,2,3,4,6,7,6,0,7,4,2,10,3,0,1,3,2,5,4,3,6,4,1,4,3,2,1,6,5,1,2
Yes,Midlands,RFS,"CHESTERFIELD ROYAL HOSPITAL NHS FOUNDATION TRUST",1,1,4,4,2,2,2,2,3,9,7,5,3,3,12,14,4,0,14,5,4,8,0,1,7,5,7,4,4,2,4,7,3,1,5,6,7,6,8,6,4,2,5,4,2,4,2,2,3,1,2,1,4,3,3,3,3,5,2,4,3,7,4,1,2,2
No,Midlands,RHA,"NOTTINGHAMSHIRE HEALTHCARE NHS FOUNDATION TRUST",0,0,0,0,0,0,0,0,0,0,0,3,0,0,0,0,0,0,0,1,0,2,0,2,0,5,1,0,0,0,2,0,0,1,1,0,0,0,0,0,0,1,0,0,0,1,0,0,0,1,0,0,0,1,0,4,0,2,0,0,0,3,1,0,1,0
Yes,Midlands,RJC,"SOUTH WARWICKSHIRE NHS FOUNDATION TRUST",5,1,0,2,5,2,2,1,2,1,1,4,4,4,3,1,0,5,5,2,1,8,4,1,1,4,1,2,2,1,4,2,2,2,2,0,3,1,6,4,2,4,2,2,1,2,0,4,2,2,0,1,3,4,1,7,0,2,1,2,1,3,1,5,13,3
Yes,Midlands,RJE,"UNIVERSITY HOSPITALS OF NORTH MIDLANDS NHS TRUST",13,6,11,22,13,7,10,12,18,11,17,14,12,17,18,14,18,11,14,17,11,16,9,20,10,12,16,20,10,9,10,10,14,10,16,7,12,9,11,18,15,15,9,9,8,7,12,16,19,12,5,9,6,7,8,12,6,7,11,9,12,3,9,5,7,6
Yes,Midlands,RK5,"SHERWOOD FOREST HOSPITALS NHS FOUNDATION TRUST",1,2,3,7,2,1,2,4,1,3,8,9,4,5,1,8,6,11,3,4,4,4,4,5,9,9,3,5,6,2,5,12,5,9,12,5,3,6,9,5,10,5,3,3,3,4,8,4,10,8,1,6,10,4,3,4,0,2,4,13,4,7,6,6,3,7
Yes,Midlands,RKB,"UNIVERSITY HOSPITALS COVENTRY AND WARWICKSHIRE NHS TRUST",7,8,6,6,5,8,7,6,13,6,7,8,7,6,10,5,7,9,14,9,9,7,5,4,6,7,6,10,9,7,1,6,12,15,7,3,4,8,3,6,7,7,7,5,11,9,3,6,3,8,7,3,2,4,5,4,5,2,4,4,7,5,6,4,2,1
No,Midlands,RL1,"THE ROBERT JONES AND AGNES HUNT ORTHOPAEDIC HOSPITAL NHS FOUNDATION TRUST",0,0,0,0,0,0,0,0,0,0,0,0,0,0,0,0,0,0,0,0,0,0,0,0,0,0,1,0,0,0,0,0,0,0,0,0,0,0,0,0,0,0,0,0,0,0,0,0,0,0,0,0,0,0,0,0,0,0,0,0,0,0,0,0,1,0
Yes,Midlands,RL4,"THE ROYAL WOLVERHAMPTON NHS TRUST",7,4,3,3,12,11,6,5,7,2,3,4,6,11,7,7,4,7,9,6,7,3,5,7,10,10,8,2,3,4,5,5,9,12,8,5,4,7,7,2,5,6,5,4,9,9,6,6,7,2,2,2,2,2,4,4,3,4,1,8,3,3,3,1,0,5
Yes,Midlands,RLQ,"WYE VALLEY NHS TRUST",6,3,1,2,2,1,8,5,5,5,0,2,1,3,3,4,2,4,3,2,3,1,6,2,0,11,4,2,4,4,3,3,3,1,3,8,3,2,3,3,2,2,1,1,1,0,2,1,2,2,2,2,1,1,1,0,2,2,3,4,3,2,9,2,4,3
Yes,Midlands,RLT,"GEORGE ELIOT HOSPITAL NHS TRUST",5,6,5,3,3,3,6,10,6,2,6,6,7,8,11,8,10,8,8,5,4,4,7,4,2,0,8,7,2,8,13,7,3,6,9,7,7,8,5,4,5,6,4,1,3,3,5,6,7,3,3,3,6,9,6,10,11,2,4,8,10,11,8,6,5,5
No,Midlands,RLY,"NORTH STAFFORDSHIRE COMBINED HEALTHCARE NHS TRUST",0,0,0,0,0,0,0,0,5,0,1,1,0,1,0,0,0,0,0,0,0,0,0,0,0,0,0,0,0,0,1,0,0,0,0,0,0,0,0,0,0,0,1,1,0,0,0,0,0,0,0,1,0,0,0,0,0,0,0,0,0,0,0,1,1,0
Yes,Midlands,RNA,"THE DUDLEY GROUP NHS FOUNDATION TRUST",4,3,4,4,6,13,5,7,6,3,4,4,0,6,4,6,6,5,7,5,5,10,7,5,4,5,4,7,2,6,7,2,4,2,3,6,7,12,8,9,8,4,9,7,3,5,6,7,4,17,4,3,3,9,7,6,10,5,3,1,5,8,9,3,3,6
Yes,Midlands,RNQ,"KETTERING GENERAL HOSPITAL NHS FOUNDATION TRUST",0,0,4,3,1,0,3,0,7,1,6,2,2,4,1,0,0,1,3,5,8,3,2,3,3,4,11,10,6,3,3,8,3,3,5,5,4,5,10,6,5,5,4,11,4,6,6,2,5,7,7,5,0,2,2,2,7,8,1,6,2,5,7,2,8,9
Yes,Midlands,RNS,"NORTHAMPTON GENERAL HOSPITAL NHS TRUST",2,0,2,4,2,1,3,3,3,1,2,2,4,2,0,1,0,3,2,1,1,3,7,5,2,2,1,1,2,5,0,4,2,6,3,0,1,2,1,3,4,3,1,1,8,4,1,0,4,1,0,1,4,3,3,3,3,5,2,1,3,4,3,4,1,1
No,Midlands,RP1,"NORTHAMPTONSHIRE HEALTHCARE NHS FOUNDATION TRUST",0,0,0,1,0,0,0,0,0,0,0,0,1,1,0,0,0,0,0,0,0,0,0,0,0,0,0,0,0,0,0,0,0,0,0,0,0,0,0,0,0,0,0,0,1,0,0,0,0,0,0,0,0,1,0,0,1,0,0,0,2,0,0,0,0,0
No,Midlands,RP7,"LINCOLNSHIRE PARTNERSHIP NHS FOUNDATION TRUST",0,0,0,0,0,0,0,0,0,0,0,0,0,0,0,0,0,0,0,0,0,0,0,0,0,0,0,0,0,0,0,0,0,0,0,0,0,0,0,0,0,0,0,0,0,0,0,0,0,0,0,0,0,0,0,0,0,0,0,0,0,0,0,0,0,0
Yes,Midlands,RQ3,"BIRMINGHAM WOMEN'S AND CHILDREN'S NHS FOUNDATION TRUST",0,1,3,0,0,0,1,3,3,3,0,0,1,0,7,2,0,1,3,0,0,1,1,1,0,1,1,2,2,1,0,0,1,0,1,0,1,1,2,1,0,1,0,0,0,0,2,3,1,1,0,1,0,2,1,1,1,4,2,1,0,3,1,0,1,2
No,Midlands,RRE,"MIDLANDS PARTNERSHIP NHS FOUNDATION TRUST",0,2,1,1,1,1,0,0,0,0,0,1,0,0,0,0,0,2,1,2,3,1,0,1,0,0,0,0,0,0,0,0,0,0,0,0,0,2,0,0,0,0,0,0,1,1,1,0,0,0,0,1,0,0,0,0,0,0,1,0,0,0,1,0,0,0
No,Midlands,RRJ,"THE ROYAL ORTHOPAEDIC HOSPITAL NHS FOUNDATION TRUST",0,0,0,0,0,0,0,0,0,0,0,0,0,0,0,0,0,1,0,0,0,0,2,0,0,1,1,0,1,1,1,0,0,1,0,0,0,0,0,0,0,0,0,0,0,0,0,0,0,0,0,0,0,0,0,0,0,0,0,0,0,1,1,0,0,0
Yes,Midlands,RRK,"UNIVERSITY HOSPITALS BIRMINGHAM NHS FOUNDATION TRUST",16,19,29,21,26,27,26,18,15,19,26,29,24,22,32,22,19,18,22,21,33,19,16,23,27,28,30,18,16,15,19,23,30,23,19,15,16,20,27,20,31,19,24,11,20,9,29,26,28,20,12,20,19,22,28,20,28,22,23,20,25,23,21,22,18,16
No,Midlands,RT5,"LEICESTERSHIRE PARTNERSHIP NHS TRUST",0,0,0,1,1,0,0,0,0,2,0,1,0,1,0,1,0,1,1,1,2,3,0,1,1,1,0,1,0,0,1,1,2,4,0,0,0,1,1,1,0,0,0,1,1,0,0,0,0,1,1,0,0,0,1,2,0,0,0,0,0,0,0,0,0,0
Yes,Midlands,RTG,"UNIVERSITY HOSPITALS OF DERBY AND BURTON NHS FOUNDATION TRUST",3,9,5,2,9,2,10,11,6,7,13,8,19,5,12,9,10,12,9,11,8,3,9,8,5,12,5,8,9,10,6,15,8,6,1,9,4,4,11,5,8,8,8,9,6,5,8,7,9,6,8,5,10,9,10,2,6,2,3,7,7,11,8,5,14,12
Yes,Midlands,RWD,"UNITED LINCOLNSHIRE HOSPITALS NHS TRUST",7,4,3,6,4,3,0,7,5,12,8,8,8,7,3,6,7,5,5,6,2,2,5,6,6,7,8,9,9,9,11,12,9,10,6,6,7,8,10,8,7,9,6,11,5,11,8,6,9,8,4,5,6,8,9,10,4,9,4,3,3,4,5,1,2,6
Yes,Midlands,RWE,"UNIVERSITY HOSPITALS OF LEICESTER NHS TRUST",9,5,12,11,5,13,12,12,6,13,11,6,7,9,11,10,12,12,16,8,21,12,14,7,12,14,14,14,10,18,12,14,10,18,9,14,11,8,9,16,5,11,10,12,8,9,8,9,10,8,8,14,5,13,7,11,7,1,14,9,8,10,10,7,18,13
Yes,Midlands,RWP,"WORCESTERSHIRE ACUTE HOSPITALS NHS TRUST",1,3,9,4,6,3,3,6,2,3,3,5,4,6,5,6,4,6,6,15,7,10,6,5,11,3,8,13,9,4,6,10,9,16,1,11,7,7,4,2,6,6,7,4,4,7,1,9,4,7,4,6,7,5,8,3,5,6,8,7,7,5,1,3,4,11
Yes,Midlands,RX1,"NOTTINGHAM UNIVERSITY HOSPITALS NHS TRUST",9,5,4,3,7,5,3,5,5,2,8,6,3,4,5,6,4,4,13,5,7,5,4,6,2,4,9,7,6,3,8,8,5,7,9,6,9,2,3,5,1,3,7,2,4,8,6,4,5,4,6,8,10,8,3,0,6,6,3,1,6,8,8,10,8,8
Yes,Midlands,RXK,"SANDWELL AND WEST BIRMINGHAM HOSPITALS NHS TRUST",5,7,14,10,3,4,11,5,4,2,9,8,7,7,8,9,7,5,7,10,10,6,4,5,3,5,7,5,3,8,2,8,5,2,5,7,2,3,4,9,6,9,7,4,3,6,2,5,11,3,5,3,6,8,3,1,2,4,14,11,3,4,9,3,3,5
No,Midlands,RXM,"DERBYSHIRE HEALTHCARE NHS FOUNDATION TRUST",0,0,0,0,0,0,0,0,0,0,0,0,0,0,0,0,0,0,0,0,0,0,0,0,0,0,0,0,0,0,0,0,0,0,0,0,0,0,0,0,0,0,0,1,0,0,0,0,0,0,0,0,2,0,0,0,0,0,0,0,0,0,0,0,0,0
No,Midlands,RXT,"BIRMINGHAM AND SOLIHULL MENTAL HEALTH NHS FOUNDATION TRUST",0,0,0,0,0,0,0,0,0,0,0,0,0,0,0,0,0,0,0,0,1,0,2,0,2,0,0,0,0,1,1,0,0,0,0,0,0,2,1,3,2,0,0,0,1,0,3,1,5,0,1,1,2,0,0,2,0,0,0,1,1,1,4,2,0,4
Yes,Midlands,RXW,"SHREWSBURY AND TELFORD HOSPITAL NHS TRUST",12,6,6,3,5,4,8,4,4,5,6,7,5,3,0,6,6,6,11,8,9,7,7,4,9,5,8,12,16,11,14,18,14,10,3,5,2,4,8,9,13,9,8,8,7,11,10,3,4,8,6,7,5,10,10,12,11,10,4,1,3,9,3,5,4,4
No,Midlands,RY5,"LINCOLNSHIRE COMMUNITY HEALTH SERVICES NHS TRUST",0,0,0,0,0,0,0,0,0,0,0,0,0,0,2,1,1,0,1,0,0,0,0,0,0,0,0,1,1,0,0,0,2,0,0,0,1,1,0,0,0,0,0,0,1,1,1,1,3,0,0,0,0,0,0,0,0,0,0,0,0,0,0,0,0,0
No,Midlands,RY8,"DERBYSHIRE COMMUNITY HEALTH SERVICES NHS FOUNDATION TRUST",2,0,0,0,0,0,1,0,1,1,0,0,2,0,0,0,0,0,0,1,0,0,0,0,0,0,0,1,0,2,2,1,1,1,1,1,1,0,0,1,1,2,0,0,1,2,1,0,0,0,0,0,0,0,0,0,0,0,0,0,0,0,0,2,0,0
No,Midlands,RYG,"COVENTRY AND WARWICKSHIRE PARTNERSHIP NHS TRUST",0,0,0,0,0,0,1,0,0,0,0,0,0,0,0,0,0,0,0,0,0,0,0,0,0,0,0,0,0,0,0,1,0,1,1,0,0,0,0,0,0,0,0,0,0,0,0,0,0,0,0,0,0,0,0,0,0,0,0,0,1,1,2,0,1,0
No,Midlands,RYW,"BIRMINGHAM COMMUNITY HEALTHCARE NHS FOUNDATION TRUST",0,0,0,1,0,0,2,1,1,0,0,1,0,0,4,4,2,2,1,1,4,5,0,0,2,1,1,5,3,0,0,1,1,1,1,1,1,1,1,4,0,1,3,3,3,1,5,0,0,0,0,0,4,2,0,2,2,4,3,0,1,2,6,2,2,0
No,Midlands,TAJ,"BLACK COUNTRY HEALTHCARE NHS FOUNDATION TRUST",0,0,0,0,0,0,0,0,0,1,0,0,0,0,1,0,1,0,0,1,0,1,0,1,1,0,0,0,0,0,2,0,0,0,0,0,0,2,1,0,2,0,1,0,1,0,0,0,0,0,0,0,0,0,0,0,0,0,0,0,0,0,0,0,0,2
No,"North East and Yorkshire",DE824,"SPRING WOOD LODGE",0,0,0,0,0,0,0,0,0,0,0,0,0,0,0,0,0,0,0,0,0,0,0,0,0,0,0,0,0,0,0,0,0,0,0,0,0,0,0,0,0,0,0,0,0,0,0,0,0,0,0,0,0,0,0,0,0,0,0,0,0,0,0,0,0,0
No,"North East and Yorkshire",NL3,"CARE PLUS GROUP",0,0,0,0,0,0,0,0,0,0,0,0,0,0,0,0,0,0,0,0,0,0,0,0,0,0,0,0,0,0,0,0,0,0,0,0,0,0,0,0,0,0,0,0,0,0,0,0,0,0,0,0,0,0,0,0,0,0,0,0,0,0,0,0,0,0
No,"North East and Yorkshire",NL8,"LOCALA COMMUNITY PARTNERSHIPS CIC",0,0,0,0,0,1,1,1,0,0,0,0,0,0,0,0,0,0,0,0,0,0,0,0,0,0,0,0,0,0,0,0,0,0,0,0,0,0,0,0,0,0,0,0,0,0,0,0,0,0,0,0,0,0,0,0,0,0,0,0,0,0,0,0,0,0
No,"North East and Yorkshire",NMJ02,"CYGNET HOSPITAL BIERLEY",0,0,0,0,0,0,0,0,0,0,0,0,0,0,0,0,0,0,0,0,0,0,0,0,0,0,0,0,0,0,0,0,0,0,0,0,0,0,0,0,0,0,0,0,0,0,0,0,0,0,0,0,0,0,0,0,0,0,0,0,0,0,0,0,0,0
No,"North East and Yorkshire",NMJ06,"CYGNET LODGE BRIGHOUSE",0,0,0,0,0,0,0,0,0,0,0,0,0,0,0,0,0,0,0,0,0,0,0,0,0,0,0,0,0,0,0,0,0,0,0,0,0,0,0,0,0,0,0,0,0,0,0,0,0,0,0,0,0,0,0,0,0,0,0,0,0,0,0,0,0,0
No,"North East and Yorkshire",NMJ09,"CYGNET HOSPITAL HARROGATE",0,0,0,0,0,0,0,0,0,0,0,0,0,0,0,0,0,0,0,0,0,0,0,0,0,0,0,0,0,0,0,0,0,0,0,0,0,0,0,0,0,0,0,0,0,0,0,0,0,0,0,0,0,0,0,0,0,0,0,0,0,0,0,0,0,0
No,"North East and Yorkshire",NMJ12,"CYGNET HOSPITAL WYKE",0,0,0,0,0,0,0,0,0,0,0,0,0,0,0,,0,0,0,0,0,0,0,0,0,0,0,0,0,0,0,0,0,0,0,0,0,0,0,0,0,0,0,0,0,0,0,0,0,0,0,0,0,0,0,0,0,0,0,0,0,0,0,0,0,0
No,"North East and Yorkshire",NMJ23,"CYGNET HOSPITAL SHEFFIELD",0,0,0,0,0,0,0,0,0,0,0,0,0,0,0,0,0,0,0,0,0,0,0,0,0,0,0,0,0,0,0,0,0,0,0,0,0,0,0,0,0,0,0,0,0,0,0,0,0,0,0,0,0,0,0,0,0,0,0,0,0,0,0,0,0,0
No,"North East and Yorkshire",NMJ50,"CYGNET APPLETREE",,,,,,,,,,,,,,,,,,,,,,,,,,,,,,,,,,,,,,,,,,,,,,,,,,,,,,,,,,,,,,,,,,
No,"North East and Yorkshire",NMJ90,"CYGNET OAKS",0,0,0,0,0,0,0,0,0,0,0,0,0,0,0,0,0,0,0,0,0,0,0,0,0,0,0,0,0,0,0,0,0,0,0,0,0,0,0,0,0,0,0,0,0,0,0,0,0,0,0,0,0,0,0,0,0,0,0,0,0,0,0,0,0,0
No,"North East and Yorkshire",NNF,"CITY HEALTH CARE PARTNERSHIP CIC",0,0,1,0,0,0,1,0,0,0,0,0,0,0,0,0,0,0,0,0,0,0,0,0,1,0,0,0,0,0,0,0,0,0,0,0,0,0,0,0,0,0,0,0,0,0,0,0,0,0,0,1,0,1,0,0,0,0,0,0,0,0,0,0,0,0
No,"North East and Yorkshire",NQL,"NAVIGO HEALTH AND SOCIAL CARE CIC",0,0,0,0,0,0,0,0,0,0,0,0,0,0,0,0,0,0,0,0,0,0,0,0,0,0,0,0,0,0,0,0,0,0,0,0,0,0,0,0,0,0,0,0,0,0,0,0,0,0,0,0,0,0,0,0,0,0,0,0,0,0,0,0,0,0
No,"North East and Yorkshire",NRN,"CHESWOLD PARK HOSPITAL",,,,,,,,,,,,,,,,,,,,,,,,,,,,,0,0,,,,,,,,,,,,,,,,,,,,,,,,,,,,,,,,,,,,
No,"North East and Yorkshire",NRN01,"CHESWOLD PARK HOSPITAL (DONCASTER)",0,0,0,0,0,0,0,0,0,0,0,0,0,0,0,0,0,0,0,0,0,0,0,0,0,0,0,0,0,0,0,0,0,0,0,,0,0,0,0,0,0,0,0,0,0,0,0,0,0,0,0,0,0,0,0,0,0,0,0,0,0,0,0,0,0
Yes,"North East and Yorkshire",R0B,"SOUTH TYNESIDE AND SUNDERLAND NHS FOUNDATION TRUST",6,9,6,7,9,10,8,6,8,5,9,10,9,10,7,4,12,15,8,16,9,12,11,10,7,13,11,14,15,12,11,14,10,5,11,7,9,13,6,11,6,6,12,9,11,8,5,10,2,4,9,10,8,11,17,7,8,3,4,3,6,5,5,5,8,2
Yes,"North East and Yorkshire",RAE,"BRADFORD TEACHING HOSPITALS NHS FOUNDATION TRUST",1,4,7,13,9,8,4,2,5,5,4,4,7,7,8,7,6,16,3,12,7,9,1,11,7,6,14,5,14,10,11,9,1,5,2,,,3,1,12,13,1,4,3,7,6,7,3,3,1,8,3,4,1,5,3,2,8,4,6,4,6,4,3,1,5
Yes,"North East and Yorkshire",RCB,"YORK AND SCARBOROUGH TEACHING HOSPITALS NHS FOUNDATION TRUST",3,5,8,7,4,6,10,3,6,2,5,5,3,5,10,4,7,11,7,8,8,7,10,10,3,7,12,9,10,6,8,5,3,7,5,6,5,4,6,6,10,10,7,6,3,4,7,7,7,5,5,2,4,6,4,5,7,2,4,0,5,6,1,3,8,4
Yes,"North East and Yorkshire",RCD,"HARROGATE AND DISTRICT NHS FOUNDATION TRUST",2,5,1,1,3,3,2,2,1,2,0,3,2,0,1,4,1,4,2,2,6,4,3,2,2,3,7,4,2,2,1,3,5,4,4,3,0,4,4,3,2,4,4,5,5,2,2,0,2,3,3,1,1,3,1,3,2,0,1,0,3,2,2,0,0,0
Yes,"North East and Yorkshire",RCF,"AIREDALE NHS FOUNDATION TRUST",2,2,1,3,8,9,3,2,0,1,6,9,9,6,2,8,6,9,8,8,8,7,4,2,5,13,12,6,3,4,9,11,6,1,4,9,9,6,6,8,9,8,9,8,5,5,5,7,7,5,5,4,8,6,5,3,7,4,8,10,9,6,4,5,4,2
Yes,"North East and Yorkshire",RCU,"SHEFFIELD CHILDREN'S NHS FOUNDATION TRUST",0,1,2,1,0,0,0,0,0,1,1,0,0,1,2,1,0,0,2,2,0,0,1,3,2,1,3,2,0,0,0,0,1,1,0,0,0,0,1,0,3,3,0,1,1,0,0,0,0,1,0,1,1,0,0,0,0,1,1,0,4,2,0,1,2,2
Yes,"North East and Yorkshire",RFF,"BARNSLEY HOSPITAL NHS FOUNDATION TRUST",0,13,16,4,11,0,0,0,10,8,5,8,3,0,0,20,6,10,4,13,0,0,11,11,13,10,14,5,11,4,18,9,14,7,0,0,18,12,12,7,6,0,0,16,4,6,4,7,0,0,16,15,2,3,7,0,0,10,3,5,2,7,0,0,2,4
Yes,"North East and Yorkshire",RFR,"THE ROTHERHAM NHS FOUNDATION TRUST",1,3,5,5,1,4,4,2,5,1,1,3,2,3,4,2,6,5,8,9,3,2,8,5,3,5,9,3,4,1,6,3,5,5,3,3,11,1,13,6,6,2,2,5,4,5,2,3,1,6,5,8,3,0,1,4,1,0,0,2,3,1,5,5,4,2
No,"North East and Yorkshire",RGD,"LEEDS AND YORK PARTNERSHIP NHS FOUNDATION TRUST",0,0,0,0,0,0,1,1,0,1,0,1,1,0,0,0,0,0,0,0,0,0,0,0,0,0,0,0,0,0,0,0,1,0,0,0,0,0,0,0,0,0,0,0,0,0,0,0,0,0,0,0,0,0,0,0,0,0,0,0,0,0,0,0,0,0
Yes,"North East and Yorkshire",RHQ,"SHEFFIELD TEACHING HOSPITALS NHS FOUNDATION TRUST",9,3,9,3,12,3,12,7,7,9,4,14,11,11,7,8,14,19,8,18,19,10,10,7,11,17,19,15,13,7,11,22,11,13,13,6,2,5,11,13,11,12,10,5,13,9,10,11,18,7,14,8,8,6,6,5,8,7,3,9,8,5,7,4,2,8
Yes,"North East and Yorkshire",RJL,"NORTHERN LINCOLNSHIRE AND GOOLE NHS FOUNDATION TRUST",5,4,4,3,9,7,2,4,5,2,5,3,6,3,5,3,5,7,4,5,3,3,6,5,1,5,4,6,3,2,6,4,2,3,2,2,1,2,7,6,2,4,1,2,2,2,6,1,3,3,3,1,1,0,2,2,5,1,1,0,7,3,6,2,3,3
Yes,"North East and Yorkshire",RNN,"NORTH CUMBRIA INTEGRATED CARE NHS FOUNDATION TRUST",3,5,4,6,9,4,5,1,6,3,4,12,11,5,9,11,7,5,6,4,2,1,5,4,8,4,5,4,4,3,1,4,5,1,3,2,2,3,3,2,1,2,3,2,1,4,0,1,5,2,0,1,1,2,2,0,2,1,2,3,3,1,1,0,0,0
Yes,"North East and Yorkshire",RP5,"DONCASTER AND BASSETLAW TEACHING HOSPITALS NHS FOUNDATION TRUST",4,7,8,8,8,8,12,11,5,11,10,11,13,6,8,8,4,9,8,9,6,5,8,6,7,12,10,8,8,3,6,4,9,8,6,3,5,12,9,10,7,6,8,6,12,6,6,8,11,4,7,12,7,10,11,5,4,9,9,4,3,4,10,3,7,6
Yes,"North East and Yorkshire",RR7,"GATESHEAD HEALTH NHS FOUNDATION TRUST",2,2,3,4,1,7,4,5,2,2,2,1,5,3,6,5,4,2,4,4,8,5,6,5,9,3,6,6,4,4,12,10,3,6,2,10,3,3,5,3,3,4,2,1,4,0,1,3,1,2,6,1,1,2,0,3,5,1,0,4,1,4,2,2,5,3
Yes,"North East and Yorkshire",RR8,"LEEDS TEACHING HOSPITALS NHS TRUST",4,9,13,10,11,12,8,14,5,11,12,10,16,21,10,16,10,17,23,18,14,15,9,5,11,22,14,21,9,14,14,13,15,16,11,12,10,10,11,12,10,13,14,4,10,8,13,11,10,14,7,6,4,12,10,10,1,5,5,9,4,8,7,13,3,8
Yes,"North East and Yorkshire",RTD,"THE NEWCASTLE UPON TYNE HOSPITALS NHS FOUNDATION TRUST",4,6,7,7,10,6,8,9,9,7,4,5,10,6,7,4,7,9,9,5,11,6,8,18,6,15,14,12,7,6,12,5,10,6,6,9,10,7,7,10,8,10,9,7,4,5,3,6,6,6,2,5,3,2,5,2,3,5,3,3,6,5,3,9,5,7
Yes,"North East and Yorkshire",RTF,"NORTHUMBRIA HEALTHCARE NHS FOUNDATION TRUST",14,6,6,10,14,8,7,10,8,6,8,8,10,7,2,8,7,9,4,10,8,6,8,8,12,12,15,9,10,7,7,7,17,7,10,8,11,5,10,8,10,12,11,9,12,6,13,9,7,4,6,8,5,8,11,9,1,3,5,3,6,5,2,3,3,3
Yes,"North East and Yorkshire",RTR,"SOUTH TEES HOSPITALS NHS FOUNDATION TRUST",4,10,4,3,9,4,6,11,8,9,7,9,4,11,12,3,6,22,8,10,7,7,7,12,7,10,12,9,8,14,11,12,13,8,11,17,9,4,4,6,8,13,9,7,5,10,8,4,9,8,3,12,8,10,3,9,8,10,4,7,4,0,6,4,5,5
No,"North East and Yorkshire",RV9,"HUMBER TEACHING NHS FOUNDATION TRUST",0,1,1,1,1,3,0,0,3,3,0,0,0,0,0,1,1,0,0,0,0,0,0,0,0,0,0,0,0,0,0,0,0,0,0,0,0,0,0,0,0,0,0,0,0,0,0,0,0,0,0,0,0,0,0,0,0,0,0,0,0,0,0,0,0,1
Yes,"North East and Yorkshire",RVW,"NORTH TEES AND HARTLEPOOL NHS FOUNDATION TRUST",2,4,3,1,2,5,4,6,4,4,5,5,6,4,6,8,4,7,8,5,10,9,5,13,9,6,3,3,12,6,8,7,5,7,5,8,6,9,3,6,5,5,8,6,6,6,3,2,10,5,3,5,6,5,3,5,4,5,4,13,5,3,7,4,2,11
Yes,"North East and Yorkshire",RWA,"HULL UNIVERSITY TEACHING HOSPITALS NHS TRUST",0,3,0,2,3,2,3,5,3,5,4,4,1,4,8,5,3,5,2,2,5,2,2,3,3,6,4,2,2,4,8,4,2,0,3,2,4,2,4,7,9,8,10,9,0,3,3,3,2,3,2,9,5,9,7,3,3,4,4,5,6,4,4,5,5,4
Yes,"North East and Yorkshire",RWY,"CALDERDALE AND HUDDERSFIELD NHS FOUNDATION TRUST",8,9,12,8,6,12,8,10,7,6,10,6,9,13,5,4,14,7,9,5,13,6,5,2,9,6,6,4,7,7,3,5,7,5,6,5,6,6,5,3,5,4,10,7,6,6,8,6,5,4,5,2,0,4,5,3,0,8,2,3,3,5,3,3,3,6
No,"North East and Yorkshire",RX3,"TEES, ESK AND WEAR VALLEYS NHS FOUNDATION TRUST",0,0,0,0,1,0,0,0,0,0,0,0,0,0,0,0,0,0,0,0,0,0,0,0,0,0,0,0,0,0,0,0,0,0,0,0,0,0,0,0,0,1,0,0,0,1,1,0,0,0,0,2,0,0,0,0,0,0,6,2,1,3,3,3,0,0
No,"North East and Yorkshire",RX4,"CUMBRIA, NORTHUMBERLAND, TYNE AND WEAR NHS FOUNDATION TRUST",0,0,0,0,0,0,0,0,1,0,0,0,0,1,0,0,0,2,2,0,4,0,1,5,1,1,0,0,0,0,0,0,1,0,0,3,4,0,4,0,0,2,1,0,1,0,0,1,1,1,0,1,0,1,5,0,0,0,0,3,1,1,2,0,1,0
No,"North East and Yorkshire",RXE,"ROTHERHAM DONCASTER AND SOUTH HUMBER NHS FOUNDATION TRUST",2,0,0,0,0,0,0,0,0,0,0,0,0,0,0,0,4,0,0,0,0,0,0,1,1,0,0,0,0,0,0,0,0,1,1,1,1,0,0,0,1,0,0,0,0,0,0,0,1,1,1,1,1,0,0,0,0,0,0,0,0,0,0,0,0,0
Yes,"North East and Yorkshire",RXF,"MID YORKSHIRE HOSPITALS NHS TRUST",8,6,6,10,12,10,8,12,14,12,11,15,14,16,10,4,3,8,6,15,13,3,11,12,13,7,11,13,12,6,11,2,10,5,7,5,0,7,9,6,7,3,1,4,3,9,4,3,6,9,1,5,7,0,2,5,7,2,8,0,6,3,5,8,3,3
No,"North East and Yorkshire",RXG,"SOUTH WEST YORKSHIRE PARTNERSHIP NHS FOUNDATION TRUST",2,0,0,0,0,0,1,1,1,1,1,0,0,0,0,0,1,1,0,0,0,0,0,0,0,0,2,2,2,1,1,2,1,1,0,0,0,0,0,0,0,0,0,0,0,1,1,1,1,1,0,1,0,0,0,0,0,0,0,0,0,0,0,0,0,0
Yes,"North East and Yorkshire",RXP,"COUNTY DURHAM AND DARLINGTON NHS FOUNDATION TRUST",11,13,14,12,13,9,11,19,23,13,13,20,23,17,14,13,23,24,23,14,16,18,14,13,13,13,19,17,12,6,8,11,10,13,7,6,6,6,14,7,6,2,9,2,6,5,8,4,8,12,5,2,1,11,6,9,5,9,8,6,4,7,8,4,4,8
No,"North East and Yorkshire",RY6,"LEEDS COMMUNITY HEALTHCARE NHS TRUST",0,0,0,0,0,0,0,0,0,0,0,0,0,0,0,0,0,0,0,0,0,0,0,0,0,0,0,0,0,0,0,0,0,0,0,0,0,0,0,0,0,0,0,0,0,0,0,0,0,0,0,0,0,0,0,0,0,0,0,0,0,0,0,0,0,0
No,"North East and Yorkshire",TAD,"BRADFORD DISTRICT CARE NHS FOUNDATION TRUST",0,0,0,0,0,0,0,0,0,0,0,0,0,0,0,0,0,0,0,0,0,0,0,0,0,0,0,0,0,0,0,0,0,0,0,0,0,0,0,0,0,0,0,0,0,0,0,0,0,0,0,0,0,0,0,0,0,0,0,0,0,0,0,0,0,0
No,"North East and Yorkshire",TAH,"SHEFFIELD HEALTH & SOCIAL CARE NHS FOUNDATION TRUST",0,0,0,0,0,0,0,0,0,0,0,0,0,0,0,0,0,0,0,0,0,0,0,0,0,0,0,0,0,0,0,0,0,0,0,0,0,0,0,0,0,0,0,0,0,0,0,0,0,0,0,0,0,0,0,0,0,0,0,0,0,0,0,0,0,0
No,"North West",DE802,"ARBURY COURT",0,0,0,0,0,0,0,0,0,0,0,0,0,0,0,0,0,0,0,0,0,0,0,0,0,0,0,0,0,0,0,0,0,0,0,0,0,0,0,0,0,0,0,0,0,0,0,0,0,0,0,0,0,0,0,0,0,0,0,0,0,0,0,0,0,0
No,"North West",NMJ22,"CYGNET HOSPITAL BURY",0,0,0,0,0,0,0,0,0,0,0,0,0,0,0,0,0,0,0,0,0,0,0,0,0,0,0,0,0,0,0,0,0,0,0,0,0,0,0,0,0,0,0,0,0,0,0,0,0,0,0,0,0,0,0,0,0,0,0,0,0,0,0,0,0,0
No,"North West",NV201,"THE HUNTERCOMBE HOSPITAL - MAIDENHEAD",0,0,0,0,0,0,0,0,0,0,0,0,0,0,0,0,0,0,0,0,0,0,0,0,0,0,0,0,0,0,0,0,0,0,0,0,0,0,0,0,0,0,0,0,0,0,0,0,0,0,0,0,0,0,0,0,0,0,0,0,0,0,0,0,0,0
Yes,"North West",R0A,"MANCHESTER UNIVERSITY NHS FOUNDATION TRUST",9,15,9,12,14,11,7,8,13,18,10,16,14,5,18,10,17,15,13,18,20,18,13,12,9,17,13,13,23,15,15,9,11,17,24,13,6,9,15,10,13,9,9,12,8,7,20,13,6,10,11,12,9,10,9,11,14,9,8,10,8,11,6,5,11,10
Yes,"North West",RBL,"WIRRAL UNIVERSITY TEACHING HOSPITAL NHS FOUNDATION TRUST",1,3,3,3,4,4,5,3,2,6,2,2,4,5,3,5,3,1,2,7,6,8,7,2,5,4,6,3,5,6,8,11,2,4,4,2,5,4,7,2,8,3,2,4,4,3,3,7,2,3,5,3,3,6,5,5,4,4,2,2,3,2,3,4,6,5
Yes,"North West",RBN,"ST HELENS AND KNOWSLEY TEACHING HOSPITALS NHS TRUST",5,5,6,4,1,5,2,6,1,6,6,2,8,2,7,3,9,12,6,10,2,7,2,7,5,4,10,11,10,9,9,10,5,4,5,6,3,6,4,7,8,4,8,6,4,4,6,8,3,4,2,3,6,5,2,4,8,4,13,5,6,8,5,3,5,3
No,"North West",RBQ,"LIVERPOOL HEART AND CHEST HOSPITAL NHS FOUNDATION TRUST",0,1,1,1,1,0,0,0,0,0,0,0,0,0,1,0,0,0,1,0,0,0,0,1,0,0,0,1,1,0,0,0,1,0,0,0,0,0,0,1,3,0,0,0,1,1,0,0,0,0,0,0,0,0,1,0,0,0,0,0,0,0,0,0,0,0
Yes,"North West",RBS,"ALDER HEY CHILDREN'S NHS FOUNDATION TRUST",6,6,6,6,1,0,0,0,0,0,0,1,2,1,0,0,0,2,3,2,1,0,1,2,2,2,2,1,0,0,1,2,1,0,0,0,1,0,0,4,0,0,0,0,2,1,0,2,0,1,0,0,1,0,0,0,0,1,1,2,0,0,0,3,3,0
Yes,"North West",RBT,"MID CHESHIRE HOSPITALS NHS FOUNDATION TRUST",2,,1,2,1,2,4,3,1,2,3,2,4,0,4,3,2,4,6,4,6,2,4,6,1,3,5,3,6,2,6,4,6,3,4,2,4,2,3,1,3,1,2,1,1,3,6,2,5,3,1,0,1,1,1,2,1,2,0,1,1,5,0,0,0,2
No,"North West",RBV,"THE CHRISTIE NHS FOUNDATION TRUST",1,1,1,0,0,1,0,0,0,0,0,0,0,1,0,0,0,1,1,0,2,4,1,1,2,1,1,0,0,1,0,0,1,2,0,0,0,0,0,0,1,0,0,0,1,2,0,0,0,2,0,0,2,0,1,0,0,0,1,0,0,1,1,0,1,0
Yes,"North West",REM,"LIVERPOOL UNIVERSITY HOSPITALS NHS FOUNDATION TRUST",7,13,10,7,11,10,7,4,8,5,5,11,10,16,12,11,15,12,10,20,7,14,4,7,19,12,10,13,17,8,10,18,20,11,10,12,13,17,13,12,13,15,4,14,6,10,9,14,11,18,3,9,9,9,12,9,8,9,9,16,6,12,12,11,14,10
No,"North West",REN,"THE CLATTERBRIDGE CANCER CENTRE NHS FOUNDATION TRUST",0,0,0,0,0,0,0,0,0,0,0,0,0,0,0,0,0,0,0,0,0,0,0,1,0,1,0,0,0,0,0,1,0,0,0,0,0,0,0,0,0,0,0,0,0,0,0,1,0,0,0,0,0,1,0,0,0,0,0,0,0,0,0,0,0,0
No,"North West",REP,"LIVERPOOL WOMEN'S NHS FOUNDATION TRUST",1,0,0,0,0,0,0,0,0,0,0,0,0,0,0,0,1,1,0,0,0,0,0,0,0,0,2,1,1,0,0,0,0,0,1,0,0,0,0,1,0,1,0,0,0,0,0,0,0,0,0,0,0,0,0,1,1,0,1,0,0,0,0,0,0,0
No,"North West",RET,"THE WALTON CENTRE NHS FOUNDATION TRUST",0,0,0,0,0,0,0,0,0,0,0,0,0,0,0,0,0,0,1,0,0,0,1,0,0,0,0,0,0,0,3,3,0,3,0,0,0,0,0,0,0,0,0,0,0,0,0,0,0,1,1,0,0,0,0,0,0,0,0,0,0,0,0,0,0,0
Yes,"North West",RJN,"EAST CHESHIRE NHS TRUST",1,1,1,0,0,2,1,1,1,2,3,1,5,4,3,2,3,1,3,2,2,2,3,2,3,7,6,3,0,11,1,4,4,1,1,2,7,1,2,4,1,3,2,7,3,5,1,2,5,1,2,1,0,3,2,2,2,1,0,0,0,2,1,0,2,2
Yes,"North West",RJR,"COUNTESS OF CHESTER HOSPITAL NHS FOUNDATION TRUST",3,1,5,6,3,3,2,1,1,3,5,3,2,3,3,1,0,2,0,7,2,2,3,3,4,1,0,4,3,0,1,7,2,7,9,0,5,2,4,7,5,4,3,4,2,4,5,4,3,4,2,2,4,4,3,6,9,1,1,3,6,3,2,2,1,0
Yes,"North West",RM3,"NORTHERN CARE ALLIANCE NHS FT",3,3,4,13,13,11,8,11,10,2,12,7,5,11,17,6,10,14,14,15,14,19,14,18,13,15,12,8,17,12,9,14,7,8,5,11,14,9,7,5,14,11,11,11,8,10,12,12,11,13,5,12,8,6,8,3,9,9,9,5,8,3,15,9,4,10
Yes,"North West",RMC,"BOLTON NHS FOUNDATION TRUST",7,2,5,2,4,4,7,2,7,0,3,2,5,4,2,6,4,6,6,6,2,6,3,4,3,4,5,4,5,4,8,8,6,6,4,10,2,7,3,6,5,6,6,5,2,7,5,6,3,3,4,5,5,0,4,4,4,4,3,3,9,6,6,3,3,11
Yes,"North West",RMP,"TAMESIDE AND GLOSSOP INTEGRATED CARE NHS FOUNDATION TRUST",2,5,5,3,1,7,8,2,5,1,4,3,3,5,7,6,1,5,6,1,8,3,3,5,3,4,4,4,8,3,4,4,5,8,5,3,10,4,12,9,9,4,6,6,3,3,4,7,2,1,2,6,3,0,2,4,1,2,3,5,1,3,0,1,6,2
Yes,"North West",RRF,"WRIGHTINGTON, WIGAN AND LEIGH NHS FOUNDATION TRUST",6,2,3,1,4,3,2,1,2,2,1,3,2,1,6,4,0,2,0,4,2,7,5,6,5,3,6,4,6,7,3,1,2,4,4,5,5,5,8,2,4,1,4,4,10,2,4,4,2,4,3,4,7,6,3,3,0,4,4,4,2,5,3,6,6,4
No,"North West",RT2,"PENNINE CARE NHS FOUNDATION TRUST",0,0,0,0,0,0,1,1,0,0,0,0,0,1,0,0,1,4,0,0,0,0,0,0,0,0,0,0,0,0,2,2,0,0,0,0,0,0,0,0,4,0,1,1,0,1,1,0,0,0,0,0,0,0,0,0,0,0,0,0,0,0,0,0,0,0
No,"North West",RTV,"NORTH WEST BOROUGHS HEALTHCARE NHS FOUNDATION TRUST",,,,,,,,,,,,,,,,,,,,,,,,,,,,,,,,,,,,,,,,,,,,,,,,,,,,,,,,,,,,,,,,,,
Yes,"North West",RTX,"UNIVERSITY HOSPITALS OF MORECAMBE BAY NHS FOUNDATION TRUST",8,7,15,10,6,5,3,3,4,6,6,8,7,6,7,6,5,5,7,9,6,13,7,5,10,9,7,5,6,9,7,8,7,4,5,9,5,4,6,7,2,4,1,6,3,4,3,4,4,4,4,4,2,7,9,10,7,3,1,2,4,5,5,7,6,9
Yes,"North West",RVY,"SOUTHPORT AND ORMSKIRK HOSPITAL NHS TRUST",5,5,1,3,1,3,2,1,1,4,5,2,4,2,3,1,7,3,5,4,0,2,2,2,2,3,1,6,4,2,6,3,4,4,3,2,0,2,0,2,3,3,0,1,4,2,3,1,1,1,3,2,1,0,4,3,2,0,1,3,2,3,4,0,0,2
No,"North West",RW4,"MERSEY CARE NHS FOUNDATION TRUST",0,0,0,0,0,0,0,0,1,0,2,1,1,0,0,0,1,1,0,0,0,0,0,0,0,0,0,0,0,0,1,1,0,0,0,0,0,1,0,1,0,0,2,0,2,2,2,1,1,0,2,0,1,0,0,0,0,0,0,0,1,1,0,0,0,0
No,"North West",RW5,"LANCASHIRE & SOUTH CUMBRIA NHS FOUNDATION TRUST",0,1,0,0,0,0,0,0,0,0,0,0,0,0,0,0,0,1,2,0,0,0,1,1,1,0,0,0,0,0,0,0,0,0,0,0,0,0,0,1,0,0,0,0,0,1,0,0,0,0,0,0,0,0,0,0,0,0,0,0,1,0,0,0,6,4
Yes,"North West",RW6,"PENNINE ACUTE HOSPITALS NHS TRUST",,,,,,,,,,,,,,,,,,,,,,,,,,,,,,,,,,,,,,,,,,,,,,,,,,,,,,,,,,,,,,,,,,
Yes,"North West",RWJ,"STOCKPORT NHS FOUNDATION TRUST",6,6,5,5,11,6,7,8,7,9,14,7,5,8,9,9,10,9,4,12,4,9,5,4,4,8,7,9,4,11,8,4,7,6,9,5,2,7,9,6,4,5,4,5,3,0,1,3,3,4,5,5,0,6,3,1,4,5,2,7,0,5,6,1,2,1
Yes,"North West",RWW,"WARRINGTON AND HALTON TEACHING HOSPITALS NHS FOUNDATION TRUST",3,7,3,1,6,4,5,4,4,4,3,3,2,6,7,5,7,3,4,8,8,5,1,3,8,4,3,4,8,1,9,4,10,7,5,5,4,2,3,1,0,4,1,6,3,4,4,1,0,1,1,3,2,4,5,1,4,1,5,5,6,2,3,2,4,3
No,"North West",RXA,"CHESHIRE AND WIRRAL PARTNERSHIP NHS FOUNDATION TRUST",0,0,0,0,0,0,0,0,0,0,0,0,0,0,0,0,0,0,0,0,0,0,0,0,0,0,0,2,0,0,0,0,0,0,0,0,0,0,0,0,0,0,0,0,1,0,0,0,1,0,0,1,0,6,0,0,0,0,0,0,0,1,0,0,0,0
Yes,"North West",RXL,"BLACKPOOL TEACHING HOSPITALS NHS FOUNDATION TRUST",4,8,7,7,4,3,6,5,2,2,10,18,13,17,11,7,16,12,13,17,11,10,10,14,21,10,20,11,9,6,3,5,9,9,11,15,8,7,5,5,10,13,9,6,4,6,10,8,5,6,7,6,4,4,4,4,2,2,1,4,5,5,3,1,0,1
Yes,"North West",RXN,"LANCASHIRE TEACHING HOSPITALS NHS FOUNDATION TRUST",3,1,1,3,1,4,5,5,8,4,5,11,5,7,5,2,7,9,4,7,9,7,8,7,8,8,5,4,6,6,7,7,5,7,2,4,5,6,4,8,6,5,10,4,7,8,6,4,7,5,8,2,4,4,7,7,6,5,4,6,3,1,6,5,1,2
Yes,"North West",RXR,"EAST LANCASHIRE HOSPITALS NHS TRUST",4,6,5,4,1,5,5,8,5,9,3,13,5,4,7,3,7,7,10,5,9,11,1,6,8,12,6,5,5,9,7,1,15,6,10,7,9,7,9,10,8,6,9,4,4,7,9,6,5,5,6,3,4,3,3,7,3,3,1,0,5,4,4,2,4,2
No,"North West",RXV,"GREATER MANCHESTER MENTAL HEALTH NHS FOUNDATION TRUST",0,0,0,0,0,0,0,0,0,0,0,0,0,0,0,0,0,0,0,0,0,0,1,0,3,2,0,0,0,0,1,0,0,0,0,0,0,0,0,2,0,0,0,0,1,0,2,0,0,0,1,0,0,5,0,1,0,0,2,1,3,0,2,1,0,0
No,"North West",RY2,"BRIDGEWATER COMMUNITY HEALTHCARE NHS FOUNDATION TRUST",0,0,0,0,0,0,0,0,0,0,0,0,0,0,0,0,0,0,0,0,0,0,0,0,0,0,0,0,0,0,0,0,0,0,0,0,0,0,0,0,0,0,0,0,0,0,0,0,0,0,0,0,0,0,0,0,0,0,0,0,0,0,0,0,0,0
No,"North West",RY7,"WIRRAL COMMUNITY HEALTH AND CARE NHS FOUNDATION TRUST",0,0,0,0,0,0,0,0,0,0,0,0,0,0,0,0,0,0,0,0,0,0,0,0,0,0,0,0,0,0,0,0,0,0,0,0,0,0,0,0,0,0,0,0,0,0,0,0,0,0,0,0,0,0,0,0,0,0,0,0,0,0,0,0,0,0
No,"South East",8CM63,"ST MAGNUS HOSPITAL",0,0,0,0,0,0,0,0,0,0,0,0,0,0,0,,0,0,0,0,0,0,0,0,0,0,0,0,0,0,0,0,0,0,0,0,0,0,0,0,0,0,0,0,0,0,0,0,0,0,0,0,0,0,0,0,0,0,0,0,0,0,0,0,0,0
No,"South East",NDJ,"FIRST COMMUNITY HEALTH AND CARE CIC",0,0,0,0,0,0,0,0,0,0,0,0,0,0,0,0,0,0,0,0,0,0,0,0,0,0,0,0,0,0,0,0,0,0,0,0,0,0,0,0,0,0,0,0,0,0,0,0,0,0,0,0,0,0,0,0,0,0,0,0,0,0,0,0,0,0
No,"South East",NMJ01,"CYGNET HOSPITAL GODDEN GREEN",0,0,0,0,0,0,0,0,0,0,0,0,0,0,0,0,0,0,0,0,0,0,0,0,0,0,0,0,0,0,0,0,0,0,0,0,0,0,0,0,0,0,0,0,0,0,0,0,0,0,0,0,0,0,0,0,0,0,0,0,0,0,0,0,0,0
No,"South East",NMJ24,"CYGNET HOSPITAL WOKING",0,0,0,0,0,0,0,0,0,0,0,0,0,0,0,0,0,0,0,0,0,0,0,0,0,0,0,0,0,0,0,0,0,0,0,0,0,0,0,0,0,0,0,0,0,0,0,0,0,0,0,0,0,0,0,0,0,0,0,0,0,0,0,0,0,0
No,"South East",NMJ26,"CYGNET HOSPITAL MAIDSTONE",0,0,0,0,0,0,0,0,0,0,0,0,0,0,0,0,0,0,0,0,0,0,0,0,0,0,0,0,0,0,0,0,0,0,0,0,0,0,0,0,0,0,0,0,0,0,0,0,0,0,0,0,0,0,0,0,0,0,0,0,0,0,0,0,0,0
No,"South East",NQ7,"MEDWAY COMMUNITY HEALTHCARE",0,0,0,0,0,0,0,0,0,0,0,0,0,0,0,0,0,0,0,0,0,0,0,0,0,0,0,0,0,0,0,0,0,0,0,0,0,0,0,0,0,0,0,0,0,0,0,0,0,0,0,0,0,0,0,0,0,0,0,0,0,0,0,0,0,1
No,"South East",NTV,"CSH SURREY",0,0,0,0,0,0,0,0,0,0,0,0,0,0,0,0,0,0,0,0,0,0,0,0,0,0,0,0,0,0,0,0,0,0,0,0,0,0,0,0,0,0,0,0,0,0,0,0,,,,0,0,0,0,0,0,0,0,0,0,0,0,0,0,0
No,"South East",R1C,"SOLENT NHS TRUST",0,0,0,0,0,2,2,0,0,0,0,0,0,0,0,1,1,1,1,1,0,0,0,0,0,0,0,1,1,1,0,1,0,0,0,0,1,1,0,0,0,0,0,0,0,0,0,0,0,0,0,0,0,0,0,0,0,0,0,0,0,2,0,0,0,0
Yes,"South East",R1F,"ISLE OF WIGHT NHS TRUST",0,0,0,3,1,1,2,2,1,4,0,6,0,1,1,2,0,2,4,2,1,1,0,3,2,2,7,4,3,2,0,1,6,3,2,0,2,0,4,3,0,3,2,3,1,0,2,5,0,0,4,3,1,3,3,1,3,2,1,4,1,6,3,2,1,1
Yes,"South East",RA2,"ROYAL SURREY COUNTY HOSPITAL NHS FOUNDATION TRUST",0,2,1,3,0,0,4,1,0,1,2,1,4,7,3,6,0,3,4,2,5,0,4,3,5,2,4,5,4,2,1,1,3,1,1,0,2,3,2,3,3,2,1,0,4,1,4,0,2,0,0,3,3,3,0,3,4,1,4,6,2,1,5,2,3,1
No,"South East",RDR,"SUSSEX COMMUNITY NHS FOUNDATION TRUST",0,0,1,0,0,0,0,0,0,0,0,0,0,0,1,0,1,1,1,0,1,1,5,0,0,3,0,0,0,1,1,1,3,0,1,1,0,3,4,4,0,5,1,0,1,0,3,1,0,0,0,0,0,1,0,0,0,0,0,0,0,2,0,2,0,0
Yes,"South East",RDU,"FRIMLEY HEALTH NHS FOUNDATION TRUST",8,7,4,7,1,3,3,6,6,5,2,8,6,4,17,14,8,7,11,8,8,8,8,14,18,5,15,17,8,15,9,9,16,9,5,10,5,10,10,4,7,6,10,11,9,4,6,6,11,4,4,7,6,4,8,6,6,14,7,8,6,9,13,7,9,10
Yes,"South East",RHM,"UNIVERSITY HOSPITAL SOUTHAMPTON NHS FOUNDATION TRUST",2,5,2,12,2,7,4,8,4,1,6,9,8,6,6,5,13,7,11,7,5,11,11,14,6,7,8,14,3,8,7,7,17,12,7,5,0,0,4,10,11,8,7,10,9,9,13,6,15,4,10,5,6,6,7,9,8,6,8,4,8,4,8,11,7,8
Yes,"South East",RHU,"PORTSMOUTH HOSPITALS NHS TRUST",5,5,7,4,8,9,10,8,3,11,13,13,9,9,8,8,15,9,13,14,12,10,10,15,14,7,13,16,8,11,21,12,12,16,17,7,11,14,10,13,6,4,13,7,15,21,11,13,11,18,9,5,16,7,17,11,13,11,20,25,12,16,18,13,7,14
Yes,"South East",RHW,"ROYAL BERKSHIRE NHS FOUNDATION TRUST",2,1,2,5,3,3,3,0,4,9,7,1,2,3,1,2,4,3,5,2,7,7,4,4,4,2,12,5,3,3,3,5,8,3,4,4,7,2,5,2,4,3,2,2,5,0,7,2,11,1,5,5,8,5,2,10,3,4,4,2,2,5,5,2,6,6
Yes,"South East",RN5,"HAMPSHIRE HOSPITALS NHS FOUNDATION TRUST",5,7,2,1,2,5,1,0,4,3,6,5,5,6,7,2,3,8,3,10,5,4,4,7,5,6,4,3,2,6,3,8,2,13,4,8,7,2,14,5,11,5,0,5,5,4,5,6,5,5,3,4,8,4,6,5,1,5,3,4,12,7,11,7,1,8
Yes,"South East",RN7,"DARTFORD AND GRAVESHAM NHS TRUST",2,2,1,3,2,2,1,1,1,4,5,2,1,0,1,2,5,1,11,2,0,8,0,0,2,2,2,6,3,3,2,6,2,5,6,5,2,2,9,5,2,0,9,4,0,4,7,4,2,3,2,0,1,1,5,3,1,4,2,5,3,4,3,1,1,1
No,"South East",RNU,"OXFORD HEALTH NHS FOUNDATION TRUST",0,0,0,0,0,0,0,0,0,0,0,0,0,0,0,0,0,1,0,0,0,0,0,0,0,0,1,0,0,0,0,0,0,0,0,0,0,0,0,0,2,2,2,0,0,2,2,1,0,0,1,2,2,0,1,1,0,0,0,1,0,0,0,0,0,0
Yes,"South East",RPA,"MEDWAY NHS FOUNDATION TRUST",0,0,4,2,3,1,2,1,0,1,0,2,2,1,1,2,2,1,2,3,3,4,1,2,3,4,5,0,0,5,2,2,3,1,2,0,4,3,6,3,2,4,4,4,1,4,2,8,7,9,3,4,2,5,3,8,5,2,3,6,6,5,10,3,1,5
No,"South East",RPC,"QUEEN VICTORIA HOSPITAL NHS FOUNDATION TRUST",0,0,0,0,0,0,0,0,0,0,0,1,2,2,2,2,1,0,0,0,0,0,0,0,0,0,0,0,0,0,0,0,0,0,0,0,0,0,0,1,0,0,0,0,0,0,0,1,0,0,0,0,0,0,0,0,0,0,0,0,0,0,0,0,0,0
Yes,"South East",RTH,"OXFORD UNIVERSITY HOSPITALS NHS FOUNDATION TRUST",0,11,9,8,4,10,4,0,3,5,7,10,9,6,0,7,9,19,17,11,4,0,4,8,11,10,12,8,0,0,1,3,7,5,5,0,4,4,4,7,10,6,0,2,5,5,8,7,1,6,8,8,7,7,10,8,8,6,6,6,11,11,7,6,13,11
Yes,"South East",RTK,"ASHFORD AND ST PETER'S HOSPITALS NHS FOUNDATION TRUST",1,2,1,1,0,0,2,1,1,2,1,2,5,3,2,9,2,6,1,1,2,0,4,4,6,3,4,3,3,2,4,5,4,1,4,8,1,3,3,2,4,2,2,5,3,2,1,0,5,4,5,3,2,4,6,0,7,2,4,5,1,2,0,1,1,1
Yes,"South East",RTP,"SURREY AND SUSSEX HEALTHCARE NHS TRUST",1,1,4,0,2,1,2,3,1,0,4,3,3,4,6,6,7,4,2,3,3,5,12,4,0,8,3,4,4,1,8,4,5,4,2,2,3,2,0,0,1,5,5,1,0,2,4,1,0,4,2,0,0,5,2,1,2,0,2,3,4,2,10,8,3,3
Yes,"South East",RVV,"EAST KENT HOSPITALS UNIVERSITY NHS FOUNDATION TRUST",4,0,3,4,5,2,1,2,5,2,5,6,1,6,9,4,2,9,6,9,6,7,1,9,11,7,6,8,9,13,10,8,9,9,4,6,5,10,6,10,6,9,9,4,6,3,4,3,4,9,8,7,3,18,4,10,13,7,7,10,9,8,8,9,9,13
No,"South East",RW1,"SOUTHERN HEALTH NHS FOUNDATION TRUST",0,0,1,0,0,0,0,0,0,0,0,0,0,0,1,0,0,0,3,0,0,1,1,0,0,0,0,2,0,0,0,0,0,0,1,0,0,0,0,0,1,1,0,0,1,0,0,0,0,0,0,1,0,0,1,1,0,0,0,0,0,0,0,0,3,0
Yes,"South East",RWF,"MAIDSTONE AND TUNBRIDGE WELLS NHS TRUST",0,0,2,3,1,3,2,0,5,5,4,5,7,6,2,4,10,4,7,8,10,4,5,10,8,6,9,2,7,6,7,1,5,5,1,4,5,1,3,8,5,10,9,5,6,5,2,9,5,2,4,7,2,3,9,5,3,0,8,4,4,1,5,5,5,9
No,"South East",RWX,"BERKSHIRE HEALTHCARE NHS FOUNDATION TRUST",0,0,0,1,3,5,0,0,4,3,0,0,3,0,0,0,1,0,1,0,0,0,0,0,0,1,0,0,0,0,0,1,0,0,0,0,3,1,4,0,1,0,0,0,0,0,0,0,0,0,0,0,0,0,0,0,0,0,0,0,0,1,0,2,0,0
No,"South East",RX2,"SUSSEX PARTNERSHIP NHS FOUNDATION TRUST",0,0,0,0,0,0,0,0,0,0,0,0,0,0,0,0,0,0,0,0,0,0,0,0,0,0,0,0,0,0,0,0,0,0,0,0,0,0,0,0,0,0,0,0,2,0,0,0,0,0,0,0,0,0,0,0,0,0,0,0,0,0,0,0,0,0
Yes,"South East",RXC,"EAST SUSSEX HEALTHCARE NHS TRUST",4,1,5,0,5,9,3,2,3,11,1,6,3,1,12,0,1,0,4,4,2,5,3,7,4,10,7,0,22,4,12,4,15,11,9,14,15,19,11,10,17,28,21,8,20,10,8,9,12,9,0,23,14,7,15,7,5,5,10,16,19,13,19,9,7,20
Yes,"South East",RXQ,"BUCKINGHAMSHIRE HEALTHCARE NHS TRUST",2,0,4,3,0,4,1,0,0,4,7,5,2,3,1,2,6,8,4,5,1,2,0,6,4,4,0,8,2,2,7,1,9,7,1,1,1,7,4,5,6,2,3,0,5,3,8,6,4,7,1,6,8,6,1,1,7,0,7,2,5,3,4,1,1,1
No,"South East",RXX,"SURREY AND BORDERS PARTNERSHIP NHS FOUNDATION TRUST",0,0,0,0,0,0,0,0,0,0,0,0,0,0,0,0,0,0,0,0,0,0,0,0,0,0,0,0,0,0,0,0,0,0,0,0,0,0,0,0,0,0,0,0,0,0,0,0,0,0,0,0,0,0,0,0,0,0,0,0,0,0,0,0,0,0
No,"South East",RXY,"KENT AND MEDWAY NHS AND SOCIAL CARE PARTNERSHIP TRUST",0,0,0,0,0,0,0,0,0,0,0,0,0,0,0,0,0,0,0,0,0,0,0,0,0,1,0,0,0,0,0,0,0,0,0,0,0,0,0,0,0,0,0,0,0,0,0,0,0,0,0,0,0,0,0,0,0,0,0,0,1,4,0,0,0,2
Yes,"South East",RYR,"UNIVERSITY HOSPITALS SUSSEX NHS FOUNDATION TRUST",8,3,4,3,9,10,9,9,5,3,7,9,9,7,8,3,7,8,12,8,8,4,10,9,13,4,12,9,9,6,10,16,11,12,18,8,14,12,10,12,9,18,16,11,14,8,9,6,8,10,9,11,9,10,15,4,8,9,7,6,17,12,18,9,12,11
No,"South East",RYY,"KENT COMMUNITY HEALTH NHS FOUNDATION TRUST",0,0,0,0,1,0,0,0,0,0,0,0,0,0,0,0,0,0,0,0,0,0,0,0,0,0,0,1,1,0,0,2,0,0,1,0,0,0,2,2,0,0,0,0,2,0,0,0,0,4,0,0,0,0,0,0,0,0,0,0,0,0,0,0,0,0
No,"South West",AXG,"WILTSHIRE HEALTH & CARE",0,0,0,1,0,0,0,0,0,0,1,1,0,0,0,0,0,1,0,0,0,0,0,0,0,0,0,0,0,0,0,0,0,0,0,0,0,0,0,0,0,0,0,0,0,0,0,0,0,0,0,0,0,0,0,0,0,0,0,0,0,0,0,0,0,0
No,"South West",DE809,WELLESLEY,0,0,0,0,0,0,0,0,0,0,0,0,0,0,0,0,0,0,0,0,0,0,0,0,0,0,0,0,0,0,0,0,0,0,0,0,0,0,0,0,0,0,0,0,0,0,0,0,0,0,0,0,0,0,0,0,0,0,0,0,0,0,0,0,0,0
No,"South West",NLX,"SIRONA CARE & HEALTH",0,0,0,0,0,0,0,0,0,0,0,0,0,0,0,0,0,0,0,0,0,0,0,0,0,0,0,0,0,0,0,0,0,0,0,0,0,0,0,0,0,0,0,0,0,0,0,0,0,0,0,0,0,0,0,0,0,0,0,0,0,0,0,0,0,0
No,"South West",NMJ03,"CYGNET HOSPITAL KEWSTOKE",0,0,0,0,0,0,0,0,0,0,0,0,0,0,0,0,0,0,0,0,0,0,0,0,0,0,0,0,0,0,0,0,0,0,0,0,0,0,0,0,0,0,0,0,0,0,0,0,0,0,0,0,0,0,0,0,0,0,0,0,0,0,0,0,0,0
No,"South West",NMJ20,"CYGNET HOSPITAL TAUNTON",0,0,0,0,0,0,0,0,0,0,0,0,0,0,0,0,0,0,0,0,0,0,0,0,0,0,0,0,0,0,0,0,0,0,0,0,0,0,0,0,0,0,0,0,0,0,0,0,0,0,0,0,0,0,0,0,0,0,0,0,0,0,0,0,0,0
No,"South West",NMJ56,"CYGNET ALDERS CLINIC",0,0,0,0,0,0,0,0,0,0,0,0,0,0,0,0,0,0,0,0,0,0,0,0,0,0,0,0,0,0,0,0,0,0,0,0,0,0,0,0,0,0,0,0,0,0,0,0,0,0,0,0,0,0,0,0,0,0,0,0,0,0,0,0,0,0
No,"South West",NR5,"LIVEWELL SOUTHWEST",0,0,0,0,0,0,0,0,0,0,0,0,0,0,0,0,0,0,0,0,0,0,0,0,0,1,1,0,0,0,0,0,0,0,0,0,0,0,0,0,0,0,0,0,0,0,0,0,0,0,0,0,0,0,0,0,0,0,0,0,0,0,0,0,0,0
No,"South West",NRH8,"NHS NIGHTINGALE HOSPITAL EXETER TRUST",,,,,,,,,,,,,,,,,,,,,,,,,,,,,,,,,,,,,,,,,,,,,,,,,,,,,,,,,,,,,,,,,,
Yes,"South West",R0D,"UNIVERSITY HOSPITALS DORSET NHS FOUNDATION TRUST",4,1,3,5,6,0,3,3,1,3,4,6,7,4,7,4,4,9,4,5,4,2,5,8,13,9,10,4,9,8,10,15,11,9,7,5,7,8,15,10,11,9,10,6,8,11,7,21,7,17,7,13,5,9,9,12,9,7,8,6,8,15,8,1,4,9
Yes,"South West",RA4,"YEOVIL DISTRICT HOSPITAL NHS FOUNDATION TRUST",1,1,2,2,2,1,2,3,4,1,2,3,3,1,3,3,4,3,1,3,1,3,5,6,7,0,5,7,6,2,4,6,0,3,1,3,2,3,2,1,2,5,5,1,4,0,0,1,0,3,1,1,5,1,1,4,6,5,0,1,4,1,1,1,1,1
Yes,"South West",RA7,"UNIVERSITY HOSPITALS BRISTOL AND WESTON NHS FOUNDATION TRUST",6,12,5,2,5,10,12,7,5,3,15,11,12,11,10,10,8,7,3,6,15,4,9,16,15,7,9,9,11,9,6,12,12,12,5,9,7,12,15,13,17,14,9,11,7,7,8,8,9,5,7,7,7,9,8,16,7,4,8,6,8,12,7,7,4,7
Yes,"South West",RA9,"TORBAY AND SOUTH DEVON NHS FOUNDATION TRUST",2,1,2,2,6,3,2,6,4,1,1,2,1,2,2,4,2,6,0,2,4,2,4,1,5,3,5,3,4,1,5,1,2,2,0,1,5,1,3,3,5,2,5,6,1,1,1,6,5,5,3,1,5,4,2,5,3,4,2,2,6,3,2,2,4,4
Yes,"South West",RBD,"DORSET COUNTY HOSPITAL NHS FOUNDATION TRUST",0,1,0,2,1,1,3,0,5,1,1,1,1,3,0,2,6,6,2,5,4,1,2,2,2,4,3,1,1,2,2,0,3,1,0,0,5,0,3,2,2,0,1,3,0,1,5,3,2,0,2,3,6,2,1,6,0,4,2,2,6,5,0,1,0,1
Yes,"South West",RBZ,"NORTHERN DEVON HEALTHCARE NHS TRUST",3,0,0,1,2,0,3,1,1,4,3,6,1,0,2,2,2,3,4,3,5,1,1,1,3,0,2,4,0,2,0,1,4,2,1,2,1,1,3,4,2,2,1,1,1,4,4,3,2,5,7,3,3,3,4,2,1,4,0,4,4,4,1,6,3,1
Yes,"South West",RD1,"ROYAL UNITED HOSPITALS BATH NHS FOUNDATION TRUST",9,5,3,7,4,9,12,11,12,5,8,6,12,1,1,4,13,11,10,5,8,9,14,10,11,9,4,7,8,8,3,9,8,9,5,3,5,9,10,13,4,1,2,1,5,10,7,4,2,2,10,4,4,4,9,6,0,0,6,11,8,3,4,3,1,8
No,"South West",RDY,"DORSET HEALTHCARE UNIVERSITY NHS FOUNDATION TRUST",0,0,1,0,0,2,1,0,0,0,0,0,0,1,1,0,0,1,0,1,0,0,0,0,0,0,0,0,0,0,0,0,0,0,0,0,0,0,0,0,0,2,0,0,0,0,0,1,0,0,0,0,0,0,0,0,0,0,0,0,0,0,0,0,0,1
Yes,"South West",REF,"ROYAL CORNWALL HOSPITALS NHS TRUST",3,5,3,1,5,3,5,4,2,3,3,6,5,1,5,5,10,12,9,10,4,4,5,5,9,13,3,2,6,9,11,4,8,7,3,9,5,3,4,2,4,10,7,1,2,4,3,10,2,4,6,5,5,4,8,4,4,8,7,4,5,3,6,5,4,3
Yes,"South West",RH5,"SOMERSET NHS FOUNDATION TRUST",5,0,5,5,6,7,3,4,2,11,2,2,4,6,5,4,7,7,11,9,7,5,8,8,11,7,4,5,5,8,6,7,4,5,6,5,2,5,2,7,1,2,6,2,3,2,3,5,1,6,8,1,8,4,5,2,2,5,2,4,7,4,4,3,4,5
Yes,"South West",RH8,"ROYAL DEVON AND EXETER NHS FOUNDATION TRUST",4,4,2,5,5,4,7,10,4,4,5,2,3,3,3,4,7,5,5,3,7,1,5,3,6,7,5,6,9,4,5,9,4,7,4,5,5,8,12,7,5,11,13,3,9,4,9,9,12,7,8,6,9,3,11,3,3,2,3,10,4,3,6,7,6,4
No,"South West",RJ8,"CORNWALL PARTNERSHIP NHS FOUNDATION TRUST",0,0,0,0,0,0,0,1,1,0,1,0,0,1,0,0,1,0,0,2,2,0,0,0,0,0,0,0,0,0,4,0,0,0,0,0,0,0,0,0,1,0,1,0,0,0,1,2,2,0,0,1,0,1,1,1,1,1,0,0,1,0,1,1,1,1
Yes,"South West",RK9,"UNIVERSITY HOSPITALS PLYMOUTH NHS TRUST",6,3,10,8,7,5,3,5,4,5,4,5,10,6,3,6,6,9,10,8,3,5,4,7,5,5,12,13,10,9,3,9,5,5,7,12,4,11,9,4,13,20,9,9,3,13,4,8,4,4,8,4,4,7,10,7,5,6,4,9,12,10,10,10,11,11
Yes,"South West",RN3,"GREAT WESTERN HOSPITALS NHS FOUNDATION TRUST",10,10,7,9,11,6,9,9,9,6,5,8,9,9,11,13,6,12,19,13,11,10,9,7,15,18,11,8,14,14,15,12,3,7,8,5,9,8,12,12,6,3,7,4,10,4,2,3,5,6,5,7,9,9,10,3,3,7,4,3,4,2,1,3,2,1
Yes,"South West",RNZ,"SALISBURY NHS FOUNDATION TRUST",1,2,3,1,3,4,0,1,2,1,3,4,1,4,2,2,5,0,3,4,2,4,3,1,3,2,4,1,1,4,6,2,1,4,4,1,2,5,1,2,2,3,2,1,5,3,2,4,1,2,3,4,3,2,3,4,2,0,1,2,5,2,2,3,4,3
Yes,"South West",RTE,"GLOUCESTERSHIRE HOSPITALS NHS FOUNDATION TRUST",5,6,9,11,9,5,11,9,12,15,11,10,17,12,9,11,14,12,12,13,12,4,14,7,17,19,14,17,8,11,14,16,14,10,7,13,8,13,5,7,14,15,6,7,3,9,7,9,8,2,9,7,7,12,8,11,13,9,6,7,4,8,14,11,6,10
No,"South West",RTQ,"GLOUCESTERSHIRE HEALTH AND CARE NHS FOUNDATION TRUST",0,0,0,0,0,1,1,1,1,0,0,0,0,0,0,0,0,0,0,0,0,0,0,0,0,0,0,0,0,0,0,1,1,0,0,0,0,0,0,0,0,0,0,0,0,0,0,1,0,0,0,0,0,0,0,0,0,0,0,0,0,0,0,0,0,0
Yes,"South West",RVJ,"NORTH BRISTOL NHS TRUST",5,4,3,17,16,16,16,8,2,8,6,15,10,6,4,4,10,14,7,5,9,10,8,10,11,14,9,9,10,4,9,9,9,9,10,11,9,11,8,9,8,2,2,0,5,5,6,9,4,3,6,5,11,7,8,4,13,9,4,6,10,3,8,4,8,11
No,"South West",RVN,"AVON AND WILTSHIRE MENTAL HEALTH PARTNERSHIP NHS TRUST",0,0,1,0,4,0,1,0,0,0,0,1,1,0,0,0,0,0,0,0,0,0,0,1,0,0,0,0,0,0,0,1,0,0,0,0,0,0,0,0,0,0,0,2,0,0,7,0,1,0,0,1,0,0,0,0,0,0,0,0,1,0,2,0,0,0
No,"South West",RWV,"DEVON PARTNERSHIP NHS TRUST",0,0,0,0,0,0,0,0,0,0,0,0,0,0,0,0,0,0,0,0,0,0,0,0,0,0,0,0,0,0,0,0,0,0,0,0,0,0,0,0,0,0,0,0,0,0,0,0,0,0,0,1,0,0,0,0,0,0,1,2,0,1,0,0,0,0
,,,,,,,,,,,,,,,,,,,,,,,,,,,,,,,,,,,,,,,,,,,,,,,,,,,,,,,,,,,,,,,,,,,,,
,,,,,,,,,,,,,,,,,,,,,,,,,,,,,,,,,,,,,,,,,,,,,,,,,,,,,,,,,,,,,,,,,,,,,
,,,,,,,,,,,,,,,,,,,,,,,,,,,,,,,,,,,,,,,,,,,,,,,,,,,,,,,,,,,,,,,,,,,,,
,,,,,,,,,,,,,,,,,,,,,,,,,,,,,,,,,,,,,,,,,,,,,,,,,,,,,,,,,,,,,,,,,,,,,
,,,,,,,,,,,,,,,,,,,,,,,,,,,,,,,,,,,,,,,,,,,,,,,,,,,,,,,,,,,,,,,,,,,,,
,,,,,,,,,,,,,,,,,,,,,,,,,,,,,,,,,,,,,,,,,,,,,,,,,,,,,,,,,,,,,,,,,,,,,
,,,,,,,,,,,,,,,,,,,,,,,,,,,,,,,,,,,,,,,,,,,,,,,,,,,,,,,,,,,,,,,,,,,,,
,,,,,,,,,,,,,,,,,,,,,,,,,,,,,,,,,,,,,,,,,,,,,,,,,,,,,,,,,,,,,,,,,,,,,
,,,,,,,,,,,,,,,,,,,,,,,,,,,,,,,,,,,,,,,,,,,,,,,,,,,,,,,,,,,,,,,,,,,,,
,,,,,,,,,,,,,,,,,,,,,,,,,,,,,,,,,,,,,,,,,,,,,,,,,,,,,,,,,,,,,,,,,,,,,
,,,,,,,,,,,,,,,,,,,,,,,,,,,,,,,,,,,,,,,,,,,,,,,,,,,,,,,,,,,,,,,,,,,,,
,,,,,,,,,,,,,,,,,,,,,,,,,,,,,,,,,,,,,,,,,,,,,,,,,,,,,,,,,,,,,,,,,,,,,
,,,,,,,,,,,,,,,,,,,,,,,,,,,,,,,,,,,,,,,,,,,,,,,,,,,,,,,,,,,,,,,,,,,,,
,,,,,,,,,,,,,,,,,,,,,,,,,,,,,,,,,,,,,,,,,,,,,,,,,,,,,,,,,,,,,,,,,,,,,
,,,,,,,,,,,,,,,,,,,,,,,,,,,,,,,,,,,,,,,,,,,,,,,,,,,,,,,,,,,,,,,,,,,,,
,,,,,,,,,,,,,,,,,,,,,,,,,,,,,,,,,,,,,,,,,,,,,,,,,,,,,,,,,,,,,,,,,,,,,
,,,,,,,,,,,,,,,,,,,,,,,,,,,,,,,,,,,,,,,,,,,,,,,,,,,,,,,,,,,,,,,,,,,,,
,,,,,,,,,,,,,,,,,,,,,,,,,,,,,,,,,,,,,,,,,,,,,,,,,,,,,,,,,,,,,,,,,,,,,
,,,,,,,,,,,,,,,,,,,,,,,,,,,,,,,,,,,,,,,,,,,,,,,,,,,,,,,,,,,,,,,,,,,,,
,,,,,,,,,,,,,,,,,,,,,,,,,,,,,,,,,,,,,,,,,,,,,,,,,,,,,,,,,,,,,,,,,,,,,
,,,,,,,,,,,,,,,,,,,,,,,,,,,,,,,,,,,,,,,,,,,,,,,,,,,,,,,,,,,,,,,,,,,,,
,,,,,,,,,,,,,,,,,,,,,,,,,,,,,,,,,,,,,,,,,,,,,,,,,,,,,,,,,,,,,,,,,,,,,
,,,,,,,,,,,,,,,,,,,,,,,,,,,,,,,,,,,,,,,,,,,,,,,,,,,,,,,,,,,,,,,,,,,,,
,,,,,,,,,,,,,,,,,,,,,,,,,,,,,,,,,,,,,,,,,,,,,,,,,,,,,,,,,,,,,,,,,,,,,
,,,,,,,,,,,,,,,,,,,,,,,,,,,,,,,,,,,,,,,,,,,,,,,,,,,,,,,,,,,,,,,,,,,,,
,,,,,,,,,,,,,,,,,,,,,,,,,,,,,,,,,,,,,,,,,,,,,,,,,,,,,,,,,,,,,,,,,,,,,
,,,,,,,,,,,,,,,,,,,,,,,,,,,,,,,,,,,,,,,,,,,,,,,,,,,,,,,,,,,,,,,,,,,,,
,,,,,,,,,,,,,,,,,,,,,,,,,,,,,,,,,,,,,,,,,,,,,,,,,,,,,,,,,,,,,,,,,,,,,
,,,,,,,,,,,,,,,,,,,,,,,,,,,,,,,,,,,,,,,,,,,,,,,,,,,,,,,,,,,,,,,,,,,,,
,,,,,,,,,,,,,,,,,,,,,,,,,,,,,,,,,,,,,,,,,,,,,,,,,,,,,,,,,,,,,,,,,,,,,
,,,,,,,,,,,,,,,,,,,,,,,,,,,,,,,,,,,,,,,,,,,,,,,,,,,,,,,,,,,,,,,,,,,,,
,,,,,,,,,,,,,,,,,,,,,,,,,,,,,,,,,,,,,,,,,,,,,,,,,,,,,,,,,,,,,,,,,,,,,
,,,,,,,,,,,,,,,,,,,,,,,,,,,,,,,,,,,,,,,,,,,,,,,,,,,,,,,,,,,,,,,,,,,,,
,,,,,,,,,,,,,,,,,,,,,,,,,,,,,,,,,,,,,,,,,,,,,,,,,,,,,,,,,,,,,,,,,,,,,
,,,,,,,,,,,,,,,,,,,,,,,,,,,,,,,,,,,,,,,,,,,,,,,,,,,,,,,,,,,,,,,,,,,,,
,,,,,,,,,,,,,,,,,,,,,,,,,,,,,,,,,,,,,,,,,,,,,,,,,,,,,,,,,,,,,,,,,,,,,
,,,,,,,,,,,,,,,,,,,,,,,,,,,,,,,,,,,,,,,,,,,,,,,,,,,,,,,,,,,,,,,,,,,,,
,,,,,,,,,,,,,,,,,,,,,,,,,,,,,,,,,,,,,,,,,,,,,,,,,,,,,,,,,,,,,,,,,,,,,
,,,,,,,,,,,,,,,,,,,,,,,,,,,,,,,,,,,,,,,,,,,,,,,,,,,,,,,,,,,,,,,,,,,,,
,,,,,,,,,,,,,,,,,,,,,,,,,,,,,,,,,,,,,,,,,,,,,,,,,,,,,,,,,,,,,,,,,,,,,
,,,,,,,,,,,,,,,,,,,,,,,,,,,,,,,,,,,,,,,,,,,,,,,,,,,,,,,,,,,,,,,,,,,,,
,,,,,,,,,,,,,,,,,,,,,,,,,,,,,,,,,,,,,,,,,,,,,,,,,,,,,,,,,,,,,,,,,,,,,
,,,,,,,,,,,,,,,,,,,,,,,,,,,,,,,,,,,,,,,,,,,,,,,,,,,,,,,,,,,,,,,,,,,,,
,,,,,,,,,,,,,,,,,,,,,,,,,,,,,,,,,,,,,,,,,,,,,,,,,,,,,,,,,,,,,,,,,,,,,
,,,,,,,,,,,,,,,,,,,,,,,,,,,,,,,,,,,,,,,,,,,,,,,,,,,,,,,,,,,,,,,,,,,,,
,,,,,,,,,,,,,,,,,,,,,,,,,,,,,,,,,,,,,,,,,,,,,,,,,,,,,,,,,,,,,,,,,,,,,
,,,,,,,,,,,,,,,,,,,,,,,,,,,,,,,,,,,,,,,,,,,,,,,,,,,,,,,,,,,,,,,,,,,,,
,,,,,,,,,,,,,,,,,,,,,,,,,,,,,,,,,,,,,,,,,,,,,,,,,,,,,,,,,,,,,,,,,,,,,
,,,,,,,,,,,,,,,,,,,,,,,,,,,,,,,,,,,,,,,,,,,,,,,,,,,,,,,,,,,,,,,,,,,,,
,,,,,,,,,,,,,,,,,,,,,,,,,,,,,,,,,,,,,,,,,,,,,,,,,,,,,,,,,,,,,,,,,,,,,
,,,,,,,,,,,,,,,,,,,,,,,,,,,,,,,,,,,,,,,,,,,,,,,,,,,,,,,,,,,,,,,,,,,,,
,,,,,,,,,,,,,,,,,,,,,,,,,,,,,,,,,,,,,,,,,,,,,,,,,,,,,,,,,,,,,,,,,,,,,
,,,,,,,,,,,,,,,,,,,,,,,,,,,,,,,,,,,,,,,,,,,,,,,,,,,,,,,,,,,,,,,,,,,,,
,,,,,,,,,,,,,,,,,,,,,,,,,,,,,,,,,,,,,,,,,,,,,,,,,,,,,,,,,,,,,,,,,,,,,
,,,,,,,,,,,,,,,,,,,,,,,,,,,,,,,,,,,,,,,,,,,,,,,,,,,,,,,,,,,,,,,,,,,,,
,,,,,,,,,,,,,,,,,,,,,,,,,,,,,,,,,,,,,,,,,,,,,,,,,,,,,,,,,,,,,,,,,,,,,
,,,,,,,,,,,,,,,,,,,,,,,,,,,,,,,,,,,,,,,,,,,,,,,,,,,,,,,,,,,,,,,,,,,,,
,,,,,,,,,,,,,,,,,,,,,,,,,,,,,,,,,,,,,,,,,,,,,,,,,,,,,,,,,,,,,,,,,,,,,
,,,,,,,,,,,,,,,,,,,,,,,,,,,,,,,,,,,,,,,,,,,,,,,,,,,,,,,,,,,,,,,,,,,,,
,,,,,,,,,,,,,,,,,,,,,,,,,,,,,,,,,,,,,,,,,,,,,,,,,,,,,,,,,,,,,,,,,,,,,
,,,,,,,,,,,,,,,,,,,,,,,,,,,,,,,,,,,,,,,,,,,,,,,,,,,,,,,,,,,,,,,,,,,,,
,,,,,,,,,,,,,,,,,,,,,,,,,,,,,,,,,,,,,,,,,,,,,,,,,,,,,,,,,,,,,,,,,,,,,
,,,,,,,,,,,,,,,,,,,,,,,,,,,,,,,,,,,,,,,,,,,,,,,,,,,,,,,,,,,,,,,,,,,,,
,,,,,,,,,,,,,,,,,,,,,,,,,,,,,,,,,,,,,,,,,,,,,,,,,,,,,,,,,,,,,,,,,,,,,
,,,,,,,,,,,,,,,,,,,,,,,,,,,,,,,,,,,,,,,,,,,,,,,,,,,,,,,,,,,,,,,,,,,,,
,,,,,,,,,,,,,,,,,,,,,,,,,,,,,,,,,,,,,,,,,,,,,,,,,,,,,,,,,,,,,,,,,,,,,
,,,,,,,,,,,,,,,,,,,,,,,,,,,,,,,,,,,,,,,,,,,,,,,,,,,,,,,,,,,,,,,,,,,,,
,,,,,,,,,,,,,,,,,,,,,,,,,,,,,,,,,,,,,,,,,,,,,,,,,,,,,,,,,,,,,,,,,,,,,
,,,,,,,,,,,,,,,,,,,,,,,,,,,,,,,,,,,,,,,,,,,,,,,,,,,,,,,,,,,,,,,,,,,,,
,,,,,,,,,,,,,,,,,,,,,,,,,,,,,,,,,,,,,,,,,,,,,,,,,,,,,,,,,,,,,,,,,,,,,
,,,,,,,,,,,,,,,,,,,,,,,,,,,,,,,,,,,,,,,,,,,,,,,,,,,,,,,,,,,,,,,,,,,,,
,,,,,,,,,,,,,,,,,,,,,,,,,,,,,,,,,,,,,,,,,,,,,,,,,,,,,,,,,,,,,,,,,,,,,
,,,,,,,,,,,,,,,,,,,,,,,,,,,,,,,,,,,,,,,,,,,,,,,,,,,,,,,,,,,,,,,,,,,,,
,,,,,,,,,,,,,,,,,,,,,,,,,,,,,,,,,,,,,,,,,,,,,,,,,,,,,,,,,,,,,,,,,,,,,
,,,,,,,,,,,,,,,,,,,,,,,,,,,,,,,,,,,,,,,,,,,,,,,,,,,,,,,,,,,,,,,,,,,,,
,,,,,,,,,,,,,,,,,,,,,,,,,,,,,,,,,,,,,,,,,,,,,,,,,,,,,,,,,,,,,,,,,,,,,
,,,,,,,,,,,,,,,,,,,,,,,,,,,,,,,,,,,,,,,,,,,,,,,,,,,,,,,,,,,,,,,,,,,,,
,,,,,,,,,,,,,,,,,,,,,,,,,,,,,,,,,,,,,,,,,,,,,,,,,,,,,,,,,,,,,,,,,,,,,
,,,,,,,,,,,,,,,,,,,,,,,,,,,,,,,,,,,,,,,,,,,,,,,,,,,,,,,,,,,,,,,,,,,,,
,,,,,,,,,,,,,,,,,,,,,,,,,,,,,,,,,,,,,,,,,,,,,,,,,,,,,,,,,,,,,,,,,,,,,
,,,,,,,,,,,,,,,,,,,,,,,,,,,,,,,,,,,,,,,,,,,,,,,,,,,,,,,,,,,,,,,,,,,,,
,,,,,,,,,,,,,,,,,,,,,,,,,,,,,,,,,,,,,,,,,,,,,,,,,,,,,,,,,,,,,,,,,,,,,
,,,,,,,,,,,,,,,,,,,,,,,,,,,,,,,,,,,,,,,,,,,,,,,,,,,,,,,,,,,,,,,,,,,,,
,,,,,,,,,,,,,,,,,,,,,,,,,,,,,,,,,,,,,,,,,,,,,,,,,,,,,,,,,,,,,,,,,,,,,
,,,,,,,,,,,,,,,,,,,,,,,,,,,,,,,,,,,,,,,,,,,,,,,,,,,,,,,,,,,,,,,,,,,,,
,,,,,,,,,,,,,,,,,,,,,,,,,,,,,,,,,,,,,,,,,,,,,,,,,,,,,,,,,,,,,,,,,,,,,
,,,,,,,,,,,,,,,,,,,,,,,,,,,,,,,,,,,,,,,,,,,,,,,,,,,,,,,,,,,,,,,,,,,,,
,,,,,,,,,,,,,,,,,,,,,,,,,,,,,,,,,,,,,,,,,,,,,,,,,,,,,,,,,,,,,,,,,,,,,
,,,,,,,,,,,,,,,,,,,,,,,,,,,,,,,,,,,,,,,,,,,,,,,,,,,,,,,,,,,,,,,,,,,,,
,,,,,,,,,,,,,,,,,,,,,,,,,,,,,,,,,,,,,,,,,,,,,,,,,,,,,,,,,,,,,,,,,,,,,
,,,,,,,,,,,,,,,,,,,,,,,,,,,,,,,,,,,,,,,,,,,,,,,,,,,,,,,,,,,,,,,,,,,,,
,,,,,,,,,,,,,,,,,,,,,,,,,,,,,,,,,,,,,,,,,,,,,,,,,,,,,,,,,,,,,,,,,,,,,
,,,,,,,,,,,,,,,,,,,,,,,,,,,,,,,,,,,,,,,,,,,,,,,,,,,,,,,,,,,,,,,,,,,,,
,,,,,,,,,,,,,,,,,,,,,,,,,,,,,,,,,,,,,,,,,,,,,,,,,,,,,,,,,,,,,,,,,,,,,
,,,,,,,,,,,,,,,,,,,,,,,,,,,,,,,,,,,,,,,,,,,,,,,,,,,,,,,,,,,,,,,,,,,,,
,,,,,,,,,,,,,,,,,,,,,,,,,,,,,,,,,,,,,,,,,,,,,,,,,,,,,,,,,,,,,,,,,,,,,
,,,,,,,,,,,,,,,,,,,,,,,,,,,,,,,,,,,,,,,,,,,,,,,,,,,,,,,,,,,,,,,,,,,,,
,,,,,,,,,,,,,,,,,,,,,,,,,,,,,,,,,,,,,,,,,,,,,,,,,,,,,,,,,,,,,,,,,,,,,
,,,,,,,,,,,,,,,,,,,,,,,,,,,,,,,,,,,,,,,,,,,,,,,,,,,,,,,,,,,,,,,,,,,,,
,,,,,,,,,,,,,,,,,,,,,,,,,,,,,,,,,,,,,,,,,,,,,,,,,,,,,,,,,,,,,,,,,,,,,
,,,,,,,,,,,,,,,,,,,,,,,,,,,,,,,,,,,,,,,,,,,,,,,,,,,,,,,,,,,,,,,,,,,,,
,,,,,,,,,,,,,,,,,,,,,,,,,,,,,,,,,,,,,,,,,,,,,,,,,,,,,,,,,,,,,,,,,,,,,
,,,,,,,,,,,,,,,,,,,,,,,,,,,,,,,,,,,,,,,,,,,,,,,,,,,,,,,,,,,,,,,,,,,,,
,,,,,,,,,,,,,,,,,,,,,,,,,,,,,,,,,,,,,,,,,,,,,,,,,,,,,,,,,,,,,,,,,,,,,
,,,,,,,,,,,,,,,,,,,,,,,,,,,,,,,,,,,,,,,,,,,,,,,,,,,,,,,,,,,,,,,,,,,,,
,,,,,,,,,,,,,,,,,,,,,,,,,,,,,,,,,,,,,,,,,,,,,,,,,,,,,,,,,,,,,,,,,,,,,
,,,,,,,,,,,,,,,,,,,,,,,,,,,,,,,,,,,,,,,,,,,,,,,,,,,,,,,,,,,,,,,,,,,,,
,,,,,,,,,,,,,,,,,,,,,,,,,,,,,,,,,,,,,,,,,,,,,,,,,,,,,,,,,,,,,,,,,,,,,
,,,,,,,,,,,,,,,,,,,,,,,,,,,,,,,,,,,,,,,,,,,,,,,,,,,,,,,,,,,,,,,,,,,,,
,,,,,,,,,,,,,,,,,,,,,,,,,,,,,,,,,,,,,,,,,,,,,,,,,,,,,,,,,,,,,,,,,,,,,
,,,,,,,,,,,,,,,,,,,,,,,,,,,,,,,,,,,,,,,,,,,,,,,,,,,,,,,,,,,,,,,,,,,,,
,,,,,,,,,,,,,,,,,,,,,,,,,,,,,,,,,,,,,,,,,,,,,,,,,,,,,,,,,,,,,,,,,,,,,
,,,,,,,,,,,,,,,,,,,,,,,,,,,,,,,,,,,,,,,,,,,,,,,,,,,,,,,,,,,,,,,,,,,,,
,,,,,,,,,,,,,,,,,,,,,,,,,,,,,,,,,,,,,,,,,,,,,,,,,,,,,,,,,,,,,,,,,,,,,
,,,,,,,,,,,,,,,,,,,,,,,,,,,,,,,,,,,,,,,,,,,,,,,,,,,,,,,,,,,,,,,,,,,,,
,,,,,,,,,,,,,,,,,,,,,,,,,,,,,,,,,,,,,,,,,,,,,,,,,,,,,,,,,,,,,,,,,,,,,
,,,,,,,,,,,,,,,,,,,,,,,,,,,,,,,,,,,,,,,,,,,,,,,,,,,,,,,,,,,,,,,,,,,,,
,,,,,,,,,,,,,,,,,,,,,,,,,,,,,,,,,,,,,,,,,,,,,,,,,,,,,,,,,,,,,,,,,,,,,
,,,,,,,,,,,,,,,,,,,,,,,,,,,,,,,,,,,,,,,,,,,,,,,,,,,,,,,,,,,,,,,,,,,,,
,,,,,,,,,,,,,,,,,,,,,,,,,,,,,,,,,,,,,,,,,,,,,,,,,,,,,,,,,,,,,,,,,,,,,
,,,,,,,,,,,,,,,,,,,,,,,,,,,,,,,,,,,,,,,,,,,,,,,,,,,,,,,,,,,,,,,,,,,,,
,,,,,,,,,,,,,,,,,,,,,,,,,,,,,,,,,,,,,,,,,,,,,,,,,,,,,,,,,,,,,,,,,,,,,
,,,,,,,,,,,,,,,,,,,,,,,,,,,,,,,,,,,,,,,,,,,,,,,,,,,,,,,,,,,,,,,,,,,,,
,,,,,,,,,,,,,,,,,,,,,,,,,,,,,,,,,,,,,,,,,,,,,,,,,,,,,,,,,,,,,,,,,,,,,
,,,,,,,,,,,,,,,,,,,,,,,,,,,,,,,,,,,,,,,,,,,,,,,,,,,,,,,,,,,,,,,,,,,,,
,,,,,,,,,,,,,,,,,,,,,,,,,,,,,,,,,,,,,,,,,,,,,,,,,,,,,,,,,,,,,,,,,,,,,
,,,,,,,,,,,,,,,,,,,,,,,,,,,,,,,,,,,,,,,,,,,,,,,,,,,,,,,,,,,,,,,,,,,,,
,,,,,,,,,,,,,,,,,,,,,,,,,,,,,,,,,,,,,,,,,,,,,,,,,,,,,,,,,,,,,,,,,,,,,
,,,,,,,,,,,,,,,,,,,,,,,,,,,,,,,,,,,,,,,,,,,,,,,,,,,,,,,,,,,,,,,,,,,,,
,,,,,,,,,,,,,,,,,,,,,,,,,,,,,,,,,,,,,,,,,,,,,,,,,,,,,,,,,,,,,,,,,,,,,
,,,,,,,,,,,,,,,,,,,,,,,,,,,,,,,,,,,,,,,,,,,,,,,,,,,,,,,,,,,,,,,,,,,,,
,,,,,,,,,,,,,,,,,,,,,,,,,,,,,,,,,,,,,,,,,,,,,,,,,,,,,,,,,,,,,,,,,,,,,
,,,,,,,,,,,,,,,,,,,,,,,,,,,,,,,,,,,,,,,,,,,,,,,,,,,,,,,,,,,,,,,,,,,,,
,,,,,,,,,,,,,,,,,,,,,,,,,,,,,,,,,,,,,,,,,,,,,,,,,,,,,,,,,,,,,,,,,,,,,
,,,,,,,,,,,,,,,,,,,,,,,,,,,,,,,,,,,,,,,,,,,,,,,,,,,,,,,,,,,,,,,,,,,,,
,,,,,,,,,,,,,,,,,,,,,,,,,,,,,,,,,,,,,,,,,,,,,,,,,,,,,,,,,,,,,,,,,,,,,
,,,,,,,,,,,,,,,,,,,,,,,,,,,,,,,,,,,,,,,,,,,,,,,,,,,,,,,,,,,,,,,,,,,,,
,,,,,,,,,,,,,,,,,,,,,,,,,,,,,,,,,,,,,,,,,,,,,,,,,,,,,,,,,,,,,,,,,,,,,
,,,,,,,,,,,,,,,,,,,,,,,,,,,,,,,,,,,,,,,,,,,,,,,,,,,,,,,,,,,,,,,,,,,,,
,,,,,,,,,,,,,,,,,,,,,,,,,,,,,,,,,,,,,,,,,,,,,,,,,,,,,,,,,,,,,,,,,,,,,
,,,,,,,,,,,,,,,,,,,,,,,,,,,,,,,,,,,,,,,,,,,,,,,,,,,,,,,,,,,,,,,,,,,,,
,,,,,,,,,,,,,,,,,,,,,,,,,,,,,,,,,,,,,,,,,,,,,,,,,,,,,,,,,,,,,,,,,,,,,
,,,,,,,,,,,,,,,,,,,,,,,,,,,,,,,,,,,,,,,,,,,,,,,,,,,,,,,,,,,,,,,,,,,,,
,,,,,,,,,,,,,,,,,,,,,,,,,,,,,,,,,,,,,,,,,,,,,,,,,,,,,,,,,,,,,,,,,,,,,
,,,,,,,,,,,,,,,,,,,,,,,,,,,,,,,,,,,,,,,,,,,,,,,,,,,,,,,,,,,,,,,,,,,,,
,,,,,,,,,,,,,,,,,,,,,,,,,,,,,,,,,,,,,,,,,,,,,,,,,,,,,,,,,,,,,,,,,,,,,
,,,,,,,,,,,,,,,,,,,,,,,,,,,,,,,,,,,,,,,,,,,,,,,,,,,,,,,,,,,,,,,,,,,,,
,,,,,,,,,,,,,,,,,,,,,,,,,,,,,,,,,,,,,,,,,,,,,,,,,,,,,,,,,,,,,,,,,,,,,
,,,,,,,,,,,,,,,,,,,,,,,,,,,,,,,,,,,,,,,,,,,,,,,,,,,,,,,,,,,,,,,,,,,,,
,,,,,,,,,,,,,,,,,,,,,,,,,,,,,,,,,,,,,,,,,,,,,,,,,,,,,,,,,,,,,,,,,,,,,
,,,,,,,,,,,,,,,,,,,,,,,,,,,,,,,,,,,,,,,,,,,,,,,,,,,,,,,,,,,,,,,,,,,,,
,,,,,,,,,,,,,,,,,,,,,,,,,,,,,,,,,,,,,,,,,,,,,,,,,,,,,,,,,,,,,,,,,,,,,
,,,,,,,,,,,,,,,,,,,,,,,,,,,,,,,,,,,,,,,,,,,,,,,,,,,,,,,,,,,,,,,,,,,,,
,,,,,,,,,,,,,,,,,,,,,,,,,,,,,,,,,,,,,,,,,,,,,,,,,,,,,,,,,,,,,,,,,,,,,
,,,,,,,,,,,,,,,,,,,,,,,,,,,,,,,,,,,,,,,,,,,,,,,,,,,,,,,,,,,,,,,,,,,,,
,,,,,,,,,,,,,,,,,,,,,,,,,,,,,,,,,,,,,,,,,,,,,,,,,,,,,,,,,,,,,,,,,,,,,
,,,,,,,,,,,,,,,,,,,,,,,,,,,,,,,,,,,,,,,,,,,,,,,,,,,,,,,,,,,,,,,,,,,,,
,,,,,,,,,,,,,,,,,,,,,,,,,,,,,,,,,,,,,,,,,,,,,,,,,,,,,,,,,,,,,,,,,,,,,
,,,,,,,,,,,,,,,,,,,,,,,,,,,,,,,,,,,,,,,,,,,,,,,,,,,,,,,,,,,,,,,,,,,,,
,,,,,,,,,,,,,,,,,,,,,,,,,,,,,,,,,,,,,,,,,,,,,,,,,,,,,,,,,,,,,,,,,,,,,
,,,,,,,,,,,,,,,,,,,,,,,,,,,,,,,,,,,,,,,,,,,,,,,,,,,,,,,,,,,,,,,,,,,,,
,,,,,,,,,,,,,,,,,,,,,,,,,,,,,,,,,,,,,,,,,,,,,,,,,,,,,,,,,,,,,,,,,,,,,
,,,,,,,,,,,,,,,,,,,,,,,,,,,,,,,,,,,,,,,,,,,,,,,,,,,,,,,,,,,,,,,,,,,,,
,,,,,,,,,,,,,,,,,,,,,,,,,,,,,,,,,,,,,,,,,,,,,,,,,,,,,,,,,,,,,,,,,,,,,
,,,,,,,,,,,,,,,,,,,,,,,,,,,,,,,,,,,,,,,,,,,,,,,,,,,,,,,,,,,,,,,,,,,,,
,,,,,,,,,,,,,,,,,,,,,,,,,,,,,,,,,,,,,,,,,,,,,,,,,,,,,,,,,,,,,,,,,,,,,
,,,,,,,,,,,,,,,,,,,,,,,,,,,,,,,,,,,,,,,,,,,,,,,,,,,,,,,,,,,,,,,,,,,,,
,,,,,,,,,,,,,,,,,,,,,,,,,,,,,,,,,,,,,,,,,,,,,,,,,,,,,,,,,,,,,,,,,,,,,
,,,,,,,,,,,,,,,,,,,,,,,,,,,,,,,,,,,,,,,,,,,,,,,,,,,,,,,,,,,,,,,,,,,,,
,,,,,,,,,,,,,,,,,,,,,,,,,,,,,,,,,,,,,,,,,,,,,,,,,,,,,,,,,,,,,,,,,,,,,
,,,,,,,,,,,,,,,,,,,,,,,,,,,,,,,,,,,,,,,,,,,,,,,,,,,,,,,,,,,,,,,,,,,,,
,,,,,,,,,,,,,,,,,,,,,,,,,,,,,,,,,,,,,,,,,,,,,,,,,,,,,,,,,,,,,,,,,,,,,
,,,,,,,,,,,,,,,,,,,,,,,,,,,,,,,,,,,,,,,,,,,,,,,,,,,,,,,,,,,,,,,,,,,,,
,,,,,,,,,,,,,,,,,,,,,,,,,,,,,,,,,,,,,,,,,,,,,,,,,,,,,,,,,,,,,,,,,,,,,
,,,,,,,,,,,,,,,,,,,,,,,,,,,,,,,,,,,,,,,,,,,,,,,,,,,,,,,,,,,,,,,,,,,,,
,,,,,,,,,,,,,,,,,,,,,,,,,,,,,,,,,,,,,,,,,,,,,,,,,,,,,,,,,,,,,,,,,,,,,
,,,,,,,,,,,,,,,,,,,,,,,,,,,,,,,,,,,,,,,,,,,,,,,,,,,,,,,,,,,,,,,,,,,,,
,,,,,,,,,,,,,,,,,,,,,,,,,,,,,,,,,,,,,,,,,,,,,,,,,,,,,,,,,,,,,,,,,,,,,
,,,,,,,,,,,,,,,,,,,,,,,,,,,,,,,,,,,,,,,,,,,,,,,,,,,,,,,,,,,,,,,,,,,,,
,,,,,,,,,,,,,,,,,,,,,,,,,,,,,,,,,,,,,,,,,,,,,,,,,,,,,,,,,,,,,,,,,,,,,
,,,,,,,,,,,,,,,,,,,,,,,,,,,,,,,,,,,,,,,,,,,,,,,,,,,,,,,,,,,,,,,,,,,,,
,,,,,,,,,,,,,,,,,,,,,,,,,,,,,,,,,,,,,,,,,,,,,,,,,,,,,,,,,,,,,,,,,,,,,
,,,,,,,,,,,,,,,,,,,,,,,,,,,,,,,,,,,,,,,,,,,,,,,,,,,,,,,,,,,,,,,,,,,,,
,,,,,,,,,,,,,,,,,,,,,,,,,,,,,,,,,,,,,,,,,,,,,,,,,,,,,,,,,,,,,,,,,,,,,
,,,,,,,,,,,,,,,,,,,,,,,,,,,,,,,,,,,,,,,,,,,,,,,,,,,,,,,,,,,,,,,,,,,,,
,,,,,,,,,,,,,,,,,,,,,,,,,,,,,,,,,,,,,,,,,,,,,,,,,,,,,,,,,,,,,,,,,,,,,
,,,,,,,,,,,,,,,,,,,,,,,,,,,,,,,,,,,,,,,,,,,,,,,,,,,,,,,,,,,,,,,,,,,,,
,,,,,,,,,,,,,,,,,,,,,,,,,,,,,,,,,,,,,,,,,,,,,,,,,,,,,,,,,,,,,,,,,,,,,
,,,,,,,,,,,,,,,,,,,,,,,,,,,,,,,,,,,,,,,,,,,,,,,,,,,,,,,,,,,,,,,,,,,,,
,,,,,,,,,,,,,,,,,,,,,,,,,,,,,,,,,,,,,,,,,,,,,,,,,,,,,,,,,,,,,,,,,,,,,
,,,,,,,,,,,,,,,,,,,,,,,,,,,,,,,,,,,,,,,,,,,,,,,,,,,,,,,,,,,,,,,,,,,,,
,,,,,,,,,,,,,,,,,,,,,,,,,,,,,,,,,,,,,,,,,,,,,,,,,,,,,,,,,,,,,,,,,,,,,
,,,,,,,,,,,,,,,,,,,,,,,,,,,,,,,,,,,,,,,,,,,,,,,,,,,,,,,,,,,,,,,,,,,,,
,,,,,,,,,,,,,,,,,,,,,,,,,,,,,,,,,,,,,,,,,,,,,,,,,,,,,,,,,,,,,,,,,,,,,
,,,,,,,,,,,,,,,,,,,,,,,,,,,,,,,,,,,,,,,,,,,,,,,,,,,,,,,,,,,,,,,,,,,,,
,,,,,,,,,,,,,,,,,,,,,,,,,,,,,,,,,,,,,,,,,,,,,,,,,,,,,,,,,,,,,,,,,,,,,
,,,,,,,,,,,,,,,,,,,,,,,,,,,,,,,,,,,,,,,,,,,,,,,,,,,,,,,,,,,,,,,,,,,,,
,,,,,,,,,,,,,,,,,,,,,,,,,,,,,,,,,,,,,,,,,,,,,,,,,,,,,,,,,,,,,,,,,,,,,
,,,,,,,,,,,,,,,,,,,,,,,,,,,,,,,,,,,,,,,,,,,,,,,,,,,,,,,,,,,,,,,,,,,,,
,,,,,,,,,,,,,,,,,,,,,,,,,,,,,,,,,,,,,,,,,,,,,,,,,,,,,,,,,,,,,,,,,,,,,
,,,,,,,,,,,,,,,,,,,,,,,,,,,,,,,,,,,,,,,,,,,,,,,,,,,,,,,,,,,,,,,,,,,,,
,,,,,,,,,,,,,,,,,,,,,,,,,,,,,,,,,,,,,,,,,,,,,,,,,,,,,,,,,,,,,,,,,,,,,
,,,,,,,,,,,,,,,,,,,,,,,,,,,,,,,,,,,,,,,,,,,,,,,,,,,,,,,,,,,,,,,,,,,,,
,,,,,,,,,,,,,,,,,,,,,,,,,,,,,,,,,,,,,,,,,,,,,,,,,,,,,,,,,,,,,,,,,,,,,
,,,,,,,,,,,,,,,,,,,,,,,,,,,,,,,,,,,,,,,,,,,,,,,,,,,,,,,,,,,,,,,,,,,,,
,,,,,,,,,,,,,,,,,,,,,,,,,,,,,,,,,,,,,,,,,,,,,,,,,,,,,,,,,,,,,,,,,,,,,
,,,,,,,,,,,,,,,,,,,,,,,,,,,,,,,,,,,,,,,,,,,,,,,,,,,,,,,,,,,,,,,,,,,,,
,,,,,,,,,,,,,,,,,,,,,,,,,,,,,,,,,,,,,,,,,,,,,,,,,,,,,,,,,,,,,,,,,,,,,
,,,,,,,,,,,,,,,,,,,,,,,,,,,,,,,,,,,,,,,,,,,,,,,,,,,,,,,,,,,,,,,,,,,,,
,,,,,,,,,,,,,,,,,,,,,,,,,,,,,,,,,,,,,,,,,,,,,,,,,,,,,,,,,,,,,,,,,,,,,
,,,,,,,,,,,,,,,,,,,,,,,,,,,,,,,,,,,,,,,,,,,,,,,,,,,,,,,,,,,,,,,,,,,,,
,,,,,,,,,,,,,,,,,,,,,,,,,,,,,,,,,,,,,,,,,,,,,,,,,,,,,,,,,,,,,,,,,,,,,
,,,,,,,,,,,,,,,,,,,,,,,,,,,,,,,,,,,,,,,,,,,,,,,,,,,,,,,,,,,,,,,,,,,,,
,,,,,,,,,,,,,,,,,,,,,,,,,,,,,,,,,,,,,,,,,,,,,,,,,,,,,,,,,,,,,,,,,,,,,
,,,,,,,,,,,,,,,,,,,,,,,,,,,,,,,,,,,,,,,,,,,,,,,,,,,,,,,,,,,,,,,,,,,,,
,,,,,,,,,,,,,,,,,,,,,,,,,,,,,,,,,,,,,,,,,,,,,,,,,,,,,,,,,,,,,,,,,,,,,
,,,,,,,,,,,,,,,,,,,,,,,,,,,,,,,,,,,,,,,,,,,,,,,,,,,,,,,,,,,,,,,,,,,,,
,,,,,,,,,,,,,,,,,,,,,,,,,,,,,,,,,,,,,,,,,,,,,,,,,,,,,,,,,,,,,,,,,,,,,
,,,,,,,,,,,,,,,,,,,,,,,,,,,,,,,,,,,,,,,,,,,,,,,,,,,,,,,,,,,,,,,,,,,,,
,,,,,,,,,,,,,,,,,,,,,,,,,,,,,,,,,,,,,,,,,,,,,,,,,,,,,,,,,,,,,,,,,,,,,
,,,,,,,,,,,,,,,,,,,,,,,,,,,,,,,,,,,,,,,,,,,,,,,,,,,,,,,,,,,,,,,,,,,,,
,,,,,,,,,,,,,,,,,,,,,,,,,,,,,,,,,,,,,,,,,,,,,,,,,,,,,,,,,,,,,,,,,,,,,
,,,,,,,,,,,,,,,,,,,,,,,,,,,,,,,,,,,,,,,,,,,,,,,,,,,,,,,,,,,,,,,,,,,,,
,,,,,,,,,,,,,,,,,,,,,,,,,,,,,,,,,,,,,,,,,,,,,,,,,,,,,,,,,,,,,,,,,,,,,
,,,,,,,,,,,,,,,,,,,,,,,,,,,,,,,,,,,,,,,,,,,,,,,,,,,,,,,,,,,,,,,,,,,,,
,,,,,,,,,,,,,,,,,,,,,,,,,,,,,,,,,,,,,,,,,,,,,,,,,,,,,,,,,,,,,,,,,,,,,
,,,,,,,,,,,,,,,,,,,,,,,,,,,,,,,,,,,,,,,,,,,,,,,,,,,,,,,,,,,,,,,,,,,,,
,,,,,,,,,,,,,,,,,,,,,,,,,,,,,,,,,,,,,,,,,,,,,,,,,,,,,,,,,,,,,,,,,,,,,
,,,,,,,,,,,,,,,,,,,,,,,,,,,,,,,,,,,,,,,,,,,,,,,,,,,,,,,,,,,,,,,,,,,,,
,,,,,,,,,,,,,,,,,,,,,,,,,,,,,,,,,,,,,,,,,,,,,,,,,,,,,,,,,,,,,,,,,,,,,
,,,,,,,,,,,,,,,,,,,,,,,,,,,,,,,,,,,,,,,,,,,,,,,,,,,,,,,,,,,,,,,,,,,,,
,,,,,,,,,,,,,,,,,,,,,,,,,,,,,,,,,,,,,,,,,,,,,,,,,,,,,,,,,,,,,,,,,,,,,
,,,,,,,,,,,,,,,,,,,,,,,,,,,,,,,,,,,,,,,,,,,,,,,,,,,,,,,,,,,,,,,,,,,,,
,,,,,,,,,,,,,,,,,,,,,,,,,,,,,,,,,,,,,,,,,,,,,,,,,,,,,,,,,,,,,,,,,,,,,
,,,,,,,,,,,,,,,,,,,,,,,,,,,,,,,,,,,,,,,,,,,,,,,,,,,,,,,,,,,,,,,,,,,,,
,,,,,,,,,,,,,,,,,,,,,,,,,,,,,,,,,,,,,,,,,,,,,,,,,,,,,,,,,,,,,,,,,,,,,
,,,,,,,,,,,,,,,,,,,,,,,,,,,,,,,,,,,,,,,,,,,,,,,,,,,,,,,,,,,,,,,,,,,,,
,,,,,,,,,,,,,,,,,,,,,,,,,,,,,,,,,,,,,,,,,,,,,,,,,,,,,,,,,,,,,,,,,,,,,
,,,,,,,,,,,,,,,,,,,,,,,,,,,,,,,,,,,,,,,,,,,,,,,,,,,,,,,,,,,,,,,,,,,,,
,,,,,,,,,,,,,,,,,,,,,,,,,,,,,,,,,,,,,,,,,,,,,,,,,,,,,,,,,,,,,,,,,,,,,
,,,,,,,,,,,,,,,,,,,,,,,,,,,,,,,,,,,,,,,,,,,,,,,,,,,,,,,,,,,,,,,,,,,,,
,,,,,,,,,,,,,,,,,,,,,,,,,,,,,,,,,,,,,,,,,,,,,,,,,,,,,,,,,,,,,,,,,,,,,
,,,,,,,,,,,,,,,,,,,,,,,,,,,,,,,,,,,,,,,,,,,,,,,,,,,,,,,,,,,,,,,,,,,,,
,,,,,,,,,,,,,,,,,,,,,,,,,,,,,,,,,,,,,,,,,,,,,,,,,,,,,,,,,,,,,,,,,,,,,
,,,,,,,,,,,,,,,,,,,,,,,,,,,,,,,,,,,,,,,,,,,,,,,,,,,,,,,,,,,,,,,,,,,,,
,,,,,,,,,,,,,,,,,,,,,,,,,,,,,,,,,,,,,,,,,,,,,,,,,,,,,,,,,,,,,,,,,,,,,
,,,,,,,,,,,,,,,,,,,,,,,,,,,,,,,,,,,,,,,,,,,,,,,,,,,,,,,,,,,,,,,,,,,,,
,,,,,,,,,,,,,,,,,,,,,,,,,,,,,,,,,,,,,,,,,,,,,,,,,,,,,,,,,,,,,,,,,,,,,
,,,,,,,,,,,,,,,,,,,,,,,,,,,,,,,,,,,,,,,,,,,,,,,,,,,,,,,,,,,,,,,,,,,,,
,,,,,,,,,,,,,,,,,,,,,,,,,,,,,,,,,,,,,,,,,,,,,,,,,,,,,,,,,,,,,,,,,,,,,
,,,,,,,,,,,,,,,,,,,,,,,,,,,,,,,,,,,,,,,,,,,,,,,,,,,,,,,,,,,,,,,,,,,,,
,,,,,,,,,,,,,,,,,,,,,,,,,,,,,,,,,,,,,,,,,,,,,,,,,,,,,,,,,,,,,,,,,,,,,
,,,,,,,,,,,,,,,,,,,,,,,,,,,,,,,,,,,,,,,,,,,,,,,,,,,,,,,,,,,,,,,,,,,,,
,,,,,,,,,,,,,,,,,,,,,,,,,,,,,,,,,,,,,,,,,,,,,,,,,,,,,,,,,,,,,,,,,,,,,
,,,,,,,,,,,,,,,,,,,,,,,,,,,,,,,,,,,,,,,,,,,,,,,,,,,,,,,,,,,,,,,,,,,,,
,,,,,,,,,,,,,,,,,,,,,,,,,,,,,,,,,,,,,,,,,,,,,,,,,,,,,,,,,,,,,,,,,,,,,
,,,,,,,,,,,,,,,,,,,,,,,,,,,,,,,,,,,,,,,,,,,,,,,,,,,,,,,,,,,,,,,,,,,,,
,,,,,,,,,,,,,,,,,,,,,,,,,,,,,,,,,,,,,,,,,,,,,,,,,,,,,,,,,,,,,,,,,,,,,
,,,,,,,,,,,,,,,,,,,,,,,,,,,,,,,,,,,,,,,,,,,,,,,,,,,,,,,,,,,,,,,,,,,,,
,,,,,,,,,,,,,,,,,,,,,,,,,,,,,,,,,,,,,,,,,,,,,,,,,,,,,,,,,,,,,,,,,,,,,
,,,,,,,,,,,,,,,,,,,,,,,,,,,,,,,,,,,,,,,,,,,,,,,,,,,,,,,,,,,,,,,,,,,,,
,,,,,,,,,,,,,,,,,,,,,,,,,,,,,,,,,,,,,,,,,,,,,,,,,,,,,,,,,,,,,,,,,,,,,
,,,,,,,,,,,,,,,,,,,,,,,,,,,,,,,,,,,,,,,,,,,,,,,,,,,,,,,,,,,,,,,,,,,,,
,,,,,,,,,,,,,,,,,,,,,,,,,,,,,,,,,,,,,,,,,,,,,,,,,,,,,,,,,,,,,,,,,,,,,
,,,,,,,,,,,,,,,,,,,,,,,,,,,,,,,,,,,,,,,,,,,,,,,,,,,,,,,,,,,,,,,,,,,,,
,,,,,,,,,,,,,,,,,,,,,,,,,,,,,,,,,,,,,,,,,,,,,,,,,,,,,,,,,,,,,,,,,,,,,
,,,,,,,,,,,,,,,,,,,,,,,,,,,,,,,,,,,,,,,,,,,,,,,,,,,,,,,,,,,,,,,,,,,,,
,,,,,,,,,,,,,,,,,,,,,,,,,,,,,,,,,,,,,,,,,,,,,,,,,,,,,,,,,,,,,,,,,,,,,
,,,,,,,,,,,,,,,,,,,,,,,,,,,,,,,,,,,,,,,,,,,,,,,,,,,,,,,,,,,,,,,,,,,,,
,,,,,,,,,,,,,,,,,,,,,,,,,,,,,,,,,,,,,,,,,,,,,,,,,,,,,,,,,,,,,,,,,,,,,
,,,,,,,,,,,,,,,,,,,,,,,,,,,,,,,,,,,,,,,,,,,,,,,,,,,,,,,,,,,,,,,,,,,,,
,,,,,,,,,,,,,,,,,,,,,,,,,,,,,,,,,,,,,,,,,,,,,,,,,,,,,,,,,,,,,,,,,,,,,
,,,,,,,,,,,,,,,,,,,,,,,,,,,,,,,,,,,,,,,,,,,,,,,,,,,,,,,,,,,,,,,,,,,,,
,,,,,,,,,,,,,,,,,,,,,,,,,,,,,,,,,,,,,,,,,,,,,,,,,,,,,,,,,,,,,,,,,,,,,
,,,,,,,,,,,,,,,,,,,,,,,,,,,,,,,,,,,,,,,,,,,,,,,,,,,,,,,,,,,,,,,,,,,,,
,,,,,,,,,,,,,,,,,,,,,,,,,,,,,,,,,,,,,,,,,,,,,,,,,,,,,,,,,,,,,,,,,,,,,
,,,,,,,,,,,,,,,,,,,,,,,,,,,,,,,,,,,,,,,,,,,,,,,,,,,,,,,,,,,,,,,,,,,,,
,,,,,,,,,,,,,,,,,,,,,,,,,,,,,,,,,,,,,,,,,,,,,,,,,,,,,,,,,,,,,,,,,,,,,
,,,,,,,,,,,,,,,,,,,,,,,,,,,,,,,,,,,,,,,,,,,,,,,,,,,,,,,,,,,,,,,,,,,,,
,,,,,,,,,,,,,,,,,,,,,,,,,,,,,,,,,,,,,,,,,,,,,,,,,,,,,,,,,,,,,,,,,,,,,
,,,,,,,,,,,,,,,,,,,,,,,,,,,,,,,,,,,,,,,,,,,,,,,,,,,,,,,,,,,,,,,,,,,,,
,,,,,,,,,,,,,,,,,,,,,,,,,,,,,,,,,,,,,,,,,,,,,,,,,,,,,,,,,,,,,,,,,,,,,
,,,,,,,,,,,,,,,,,,,,,,,,,,,,,,,,,,,,,,,,,,,,,,,,,,,,,,,,,,,,,,,,,,,,,
,,,,,,,,,,,,,,,,,,,,,,,,,,,,,,,,,,,,,,,,,,,,,,,,,,,,,,,,,,,,,,,,,,,,,
,,,,,,,,,,,,,,,,,,,,,,,,,,,,,,,,,,,,,,,,,,,,,,,,,,,,,,,,,,,,,,,,,,,,,
,,,,,,,,,,,,,,,,,,,,,,,,,,,,,,,,,,,,,,,,,,,,,,,,,,,,,,,,,,,,,,,,,,,,,
,,,,,,,,,,,,,,,,,,,,,,,,,,,,,,,,,,,,,,,,,,,,,,,,,,,,,,,,,,,,,,,,,,,,,
,,,,,,,,,,,,,,,,,,,,,,,,,,,,,,,,,,,,,,,,,,,,,,,,,,,,,,,,,,,,,,,,,,,,,
,,,,,,,,,,,,,,,,,,,,,,,,,,,,,,,,,,,,,,,,,,,,,,,,,,,,,,,,,,,,,,,,,,,,,
,,,,,,,,,,,,,,,,,,,,,,,,,,,,,,,,,,,,,,,,,,,,,,,,,,,,,,,,,,,,,,,,,,,,,
,,,,,,,,,,,,,,,,,,,,,,,,,,,,,,,,,,,,,,,,,,,,,,,,,,,,,,,,,,,,,,,,,,,,,
,,,,,,,,,,,,,,,,,,,,,,,,,,,,,,,,,,,,,,,,,,,,,,,,,,,,,,,,,,,,,,,,,,,,,
,,,,,,,,,,,,,,,,,,,,,,,,,,,,,,,,,,,,,,,,,,,,,,,,,,,,,,,,,,,,,,,,,,,,,
,,,,,,,,,,,,,,,,,,,,,,,,,,,,,,,,,,,,,,,,,,,,,,,,,,,,,,,,,,,,,,,,,,,,,
,,,,,,,,,,,,,,,,,,,,,,,,,,,,,,,,,,,,,,,,,,,,,,,,,,,,,,,,,,,,,,,,,,,,,
,,,,,,,,,,,,,,,,,,,,,,,,,,,,,,,,,,,,,,,,,,,,,,,,,,,,,,,,,,,,,,,,,,,,,
,,,,,,,,,,,,,,,,,,,,,,,,,,,,,,,,,,,,,,,,,,,,,,,,,,,,,,,,,,,,,,,,,,,,,
,,,,,,,,,,,,,,,,,,,,,,,,,,,,,,,,,,,,,,,,,,,,,,,,,,,,,,,,,,,,,,,,,,,,,
,,,,,,,,,,,,,,,,,,,,,,,,,,,,,,,,,,,,,,,,,,,,,,,,,,,,,,,,,,,,,,,,,,,,,
,,,,,,,,,,,,,,,,,,,,,,,,,,,,,,,,,,,,,,,,,,,,,,,,,,,,,,,,,,,,,,,,,,,,,
,,,,,,,,,,,,,,,,,,,,,,,,,,,,,,,,,,,,,,,,,,,,,,,,,,,,,,,,,,,,,,,,,,,,,
,,,,,,,,,,,,,,,,,,,,,,,,,,,,,,,,,,,,,,,,,,,,,,,,,,,,,,,,,,,,,,,,,,,,,
,,,,,,,,,,,,,,,,,,,,,,,,,,,,,,,,,,,,,,,,,,,,,,,,,,,,,,,,,,,,,,,,,,,,,
,,,,,,,,,,,,,,,,,,,,,,,,,,,,,,,,,,,,,,,,,,,,,,,,,,,,,,,,,,,,,,,,,,,,,
,,,,,,,,,,,,,,,,,,,,,,,,,,,,,,,,,,,,,,,,,,,,,,,,,,,,,,,,,,,,,,,,,,,,,
,,,,,,,,,,,,,,,,,,,,,,,,,,,,,,,,,,,,,,,,,,,,,,,,,,,,,,,,,,,,,,,,,,,,,
,,,,,,,,,,,,,,,,,,,,,,,,,,,,,,,,,,,,,,,,,,,,,,,,,,,,,,,,,,,,,,,,,,,,,
,,,,,,,,,,,,,,,,,,,,,,,,,,,,,,,,,,,,,,,,,,,,,,,,,,,,,,,,,,,,,,,,,,,,,
,,,,,,,,,,,,,,,,,,,,,,,,,,,,,,,,,,,,,,,,,,,,,,,,,,,,,,,,,,,,,,,,,,,,,
,,,,,,,,,,,,,,,,,,,,,,,,,,,,,,,,,,,,,,,,,,,,,,,,,,,,,,,,,,,,,,,,,,,,,
,,,,,,,,,,,,,,,,,,,,,,,,,,,,,,,,,,,,,,,,,,,,,,,,,,,,,,,,,,,,,,,,,,,,,
,,,,,,,,,,,,,,,,,,,,,,,,,,,,,,,,,,,,,,,,,,,,,,,,,,,,,,,,,,,,,,,,,,,,,
,,,,,,,,,,,,,,,,,,,,,,,,,,,,,,,,,,,,,,,,,,,,,,,,,,,,,,,,,,,,,,,,,,,,,
,,,,,,,,,,,,,,,,,,,,,,,,,,,,,,,,,,,,,,,,,,,,,,,,,,,,,,,,,,,,,,,,,,,,,
,,,,,,,,,,,,,,,,,,,,,,,,,,,,,,,,,,,,,,,,,,,,,,,,,,,,,,,,,,,,,,,,,,,,,
,,,,,,,,,,,,,,,,,,,,,,,,,,,,,,,,,,,,,,,,,,,,,,,,,,,,,,,,,,,,,,,,,,,,,
,,,,,,,,,,,,,,,,,,,,,,,,,,,,,,,,,,,,,,,,,,,,,,,,,,,,,,,,,,,,,,,,,,,,,
,,,,,,,,,,,,,,,,,,,,,,,,,,,,,,,,,,,,,,,,,,,,,,,,,,,,,,,,,,,,,,,,,,,,,
,,,,,,,,,,,,,,,,,,,,,,,,,,,,,,,,,,,,,,,,,,,,,,,,,,,,,,,,,,,,,,,,,,,,,
,,,,,,,,,,,,,,,,,,,,,,,,,,,,,,,,,,,,,,,,,,,,,,,,,,,,,,,,,,,,,,,,,,,,,
,,,,,,,,,,,,,,,,,,,,,,,,,,,,,,,,,,,,,,,,,,,,,,,,,,,,,,,,,,,,,,,,,,,,,
,,,,,,,,,,,,,,,,,,,,,,,,,,,,,,,,,,,,,,,,,,,,,,,,,,,,,,,,,,,,,,,,,,,,,
,,,,,,,,,,,,,,,,,,,,,,,,,,,,,,,,,,,,,,,,,,,,,,,,,,,,,,,,,,,,,,,,,,,,,
,,,,,,,,,,,,,,,,,,,,,,,,,,,,,,,,,,,,,,,,,,,,,,,,,,,,,,,,,,,,,,,,,,,,,
,,,,,,,,,,,,,,,,,,,,,,,,,,,,,,,,,,,,,,,,,,,,,,,,,,,,,,,,,,,,,,,,,,,,,
,,,,,,,,,,,,,,,,,,,,,,,,,,,,,,,,,,,,,,,,,,,,,,,,,,,,,,,,,,,,,,,,,,,,,
,,,,,,,,,,,,,,,,,,,,,,,,,,,,,,,,,,,,,,,,,,,,,,,,,,,,,,,,,,,,,,,,,,,,,
,,,,,,,,,,,,,,,,,,,,,,,,,,,,,,,,,,,,,,,,,,,,,,,,,,,,,,,,,,,,,,,,,,,,,
,,,,,,,,,,,,,,,,,,,,,,,,,,,,,,,,,,,,,,,,,,,,,,,,,,,,,,,,,,,,,,,,,,,,,
,,,,,,,,,,,,,,,,,,,,,,,,,,,,,,,,,,,,,,,,,,,,,,,,,,,,,,,,,,,,,,,,,,,,,
,,,,,,,,,,,,,,,,,,,,,,,,,,,,,,,,,,,,,,,,,,,,,,,,,,,,,,,,,,,,,,,,,,,,,
,,,,,,,,,,,,,,,,,,,,,,,,,,,,,,,,,,,,,,,,,,,,,,,,,,,,,,,,,,,,,,,,,,,,,
,,,,,,,,,,,,,,,,,,,,,,,,,,,,,,,,,,,,,,,,,,,,,,,,,,,,,,,,,,,,,,,,,,,,,
,,,,,,,,,,,,,,,,,,,,,,,,,,,,,,,,,,,,,,,,,,,,,,,,,,,,,,,,,,,,,,,,,,,,,
,,,,,,,,,,,,,,,,,,,,,,,,,,,,,,,,,,,,,,,,,,,,,,,,,,,,,,,,,,,,,,,,,,,,,
,,,,,,,,,,,,,,,,,,,,,,,,,,,,,,,,,,,,,,,,,,,,,,,,,,,,,,,,,,,,,,,,,,,,,
,,,,,,,,,,,,,,,,,,,,,,,,,,,,,,,,,,,,,,,,,,,,,,,,,,,,,,,,,,,,,,,,,,,,,
,,,,,,,,,,,,,,,,,,,,,,,,,,,,,,,,,,,,,,,,,,,,,,,,,,,,,,,,,,,,,,,,,,,,,
,,,,,,,,,,,,,,,,,,,,,,,,,,,,,,,,,,,,,,,,,,,,,,,,,,,,,,,,,,,,,,,,,,,,,
,,,,,,,,,,,,,,,,,,,,,,,,,,,,,,,,,,,,,,,,,,,,,,,,,,,,,,,,,,,,,,,,,,,,,
,,,,,,,,,,,,,,,,,,,,,,,,,,,,,,,,,,,,,,,,,,,,,,,,,,,,,,,,,,,,,,,,,,,,,
,,,,,,,,,,,,,,,,,,,,,,,,,,,,,,,,,,,,,,,,,,,,,,,,,,,,,,,,,,,,,,,,,,,,,
,,,,,,,,,,,,,,,,,,,,,,,,,,,,,,,,,,,,,,,,,,,,,,,,,,,,,,,,,,,,,,,,,,,,,
,,,,,,,,,,,,,,,,,,,,,,,,,,,,,,,,,,,,,,,,,,,,,,,,,,,,,,,,,,,,,,,,,,,,,
,,,,,,,,,,,,,,,,,,,,,,,,,,,,,,,,,,,,,,,,,,,,,,,,,,,,,,,,,,,,,,,,,,,,,
,,,,,,,,,,,,,,,,,,,,,,,,,,,,,,,,,,,,,,,,,,,,,,,,,,,,,,,,,,,,,,,,,,,,,
,,,,,,,,,,,,,,,,,,,,,,,,,,,,,,,,,,,,,,,,,,,,,,,,,,,,,,,,,,,,,,,,,,,,,
,,,,,,,,,,,,,,,,,,,,,,,,,,,,,,,,,,,,,,,,,,,,,,,,,,,,,,,,,,,,,,,,,,,,,
,,,,,,,,,,,,,,,,,,,,,,,,,,,,,,,,,,,,,,,,,,,,,,,,,,,,,,,,,,,,,,,,,,,,,
,,,,,,,,,,,,,,,,,,,,,,,,,,,,,,,,,,,,,,,,,,,,,,,,,,,,,,,,,,,,,,,,,,,,,
,,,,,,,,,,,,,,,,,,,,,,,,,,,,,,,,,,,,,,,,,,,,,,,,,,,,,,,,,,,,,,,,,,,,,
,,,,,,,,,,,,,,,,,,,,,,,,,,,,,,,,,,,,,,,,,,,,,,,,,,,,,,,,,,,,,,,,,,,,,
,,,,,,,,,,,,,,,,,,,,,,,,,,,,,,,,,,,,,,,,,,,,,,,,,,,,,,,,,,,,,,,,,,,,,
,,,,,,,,,,,,,,,,,,,,,,,,,,,,,,,,,,,,,,,,,,,,,,,,,,,,,,,,,,,,,,,,,,,,,
,,,,,,,,,,,,,,,,,,,,,,,,,,,,,,,,,,,,,,,,,,,,,,,,,,,,,,,,,,,,,,,,,,,,,
,,,,,,,,,,,,,,,,,,,,,,,,,,,,,,,,,,,,,,,,,,,,,,,,,,,,,,,,,,,,,,,,,,,,,
,,,,,,,,,,,,,,,,,,,,,,,,,,,,,,,,,,,,,,,,,,,,,,,,,,,,,,,,,,,,,,,,,,,,,
,,,,,,,,,,,,,,,,,,,,,,,,,,,,,,,,,,,,,,,,,,,,,,,,,,,,,,,,,,,,,,,,,,,,,
,,,,,,,,,,,,,,,,,,,,,,,,,,,,,,,,,,,,,,,,,,,,,,,,,,,,,,,,,,,,,,,,,,,,,
,,,,,,,,,,,,,,,,,,,,,,,,,,,,,,,,,,,,,,,,,,,,,,,,,,,,,,,,,,,,,,,,,,,,,
,,,,,,,,,,,,,,,,,,,,,,,,,,,,,,,,,,,,,,,,,,,,,,,,,,,,,,,,,,,,,,,,,,,,,
,,,,,,,,,,,,,,,,,,,,,,,,,,,,,,,,,,,,,,,,,,,,,,,,,,,,,,,,,,,,,,,,,,,,,
,,,,,,,,,,,,,,,,,,,,,,,,,,,,,,,,,,,,,,,,,,,,,,,,,,,,,,,,,,,,,,,,,,,,,
,,,,,,,,,,,,,,,,,,,,,,,,,,,,,,,,,,,,,,,,,,,,,,,,,,,,,,,,,,,,,,,,,,,,,
,,,,,,,,,,,,,,,,,,,,,,,,,,,,,,,,,,,,,,,,,,,,,,,,,,,,,,,,,,,,,,,,,,,,,
,,,,,,,,,,,,,,,,,,,,,,,,,,,,,,,,,,,,,,,,,,,,,,,,,,,,,,,,,,,,,,,,,,,,,
,,,,,,,,,,,,,,,,,,,,,,,,,,,,,,,,,,,,,,,,,,,,,,,,,,,,,,,,,,,,,,,,,,,,,
,,,,,,,,,,,,,,,,,,,,,,,,,,,,,,,,,,,,,,,,,,,,,,,,,,,,,,,,,,,,,,,,,,,,,
,,,,,,,,,,,,,,,,,,,,,,,,,,,,,,,,,,,,,,,,,,,,,,,,,,,,,,,,,,,,,,,,,,,,,
,,,,,,,,,,,,,,,,,,,,,,,,,,,,,,,,,,,,,,,,,,,,,,,,,,,,,,,,,,,,,,,,,,,,,
,,,,,,,,,,,,,,,,,,,,,,,,,,,,,,,,,,,,,,,,,,,,,,,,,,,,,,,,,,,,,,,,,,,,,
,,,,,,,,,,,,,,,,,,,,,,,,,,,,,,,,,,,,,,,,,,,,,,,,,,,,,,,,,,,,,,,,,,,,,
,,,,,,,,,,,,,,,,,,,,,,,,,,,,,,,,,,,,,,,,,,,,,,,,,,,,,,,,,,,,,,,,,,,,,
,,,,,,,,,,,,,,,,,,,,,,,,,,,,,,,,,,,,,,,,,,,,,,,,,,,,,,,,,,,,,,,,,,,,,
,,,,,,,,,,,,,,,,,,,,,,,,,,,,,,,,,,,,,,,,,,,,,,,,,,,,,,,,,,,,,,,,,,,,,
,,,,,,,,,,,,,,,,,,,,,,,,,,,,,,,,,,,,,,,,,,,,,,,,,,,,,,,,,,,,,,,,,,,,,
,,,,,,,,,,,,,,,,,,,,,,,,,,,,,,,,,,,,,,,,,,,,,,,,,,,,,,,,,,,,,,,,,,,,,
,,,,,,,,,,,,,,,,,,,,,,,,,,,,,,,,,,,,,,,,,,,,,,,,,,,,,,,,,,,,,,,,,,,,,
,,,,,,,,,,,,,,,,,,,,,,,,,,,,,,,,,,,,,,,,,,,,,,,,,,,,,,,,,,,,,,,,,,,,,
,,,,,,,,,,,,,,,,,,,,,,,,,,,,,,,,,,,,,,,,,,,,,,,,,,,,,,,,,,,,,,,,,,,,,
,,,,,,,,,,,,,,,,,,,,,,,,,,,,,,,,,,,,,,,,,,,,,,,,,,,,,,,,,,,,,,,,,,,,,
,,,,,,,,,,,,,,,,,,,,,,,,,,,,,,,,,,,,,,,,,,,,,,,,,,,,,,,,,,,,,,,,,,,,,
,,,,,,,,,,,,,,,,,,,,,,,,,,,,,,,,,,,,,,,,,,,,,,,,,,,,,,,,,,,,,,,,,,,,,
,,,,,,,,,,,,,,,,,,,,,,,,,,,,,,,,,,,,,,,,,,,,,,,,,,,,,,,,,,,,,,,,,,,,,
,,,,,,,,,,,,,,,,,,,,,,,,,,,,,,,,,,,,,,,,,,,,,,,,,,,,,,,,,,,,,,,,,,,,,
,,,,,,,,,,,,,,,,,,,,,,,,,,,,,,,,,,,,,,,,,,,,,,,,,,,,,,,,,,,,,,,,,,,,,
,,,,,,,,,,,,,,,,,,,,,,,,,,,,,,,,,,,,,,,,,,,,,,,,,,,,,,,,,,,,,,,,,,,,,
,,,,,,,,,,,,,,,,,,,,,,,,,,,,,,,,,,,,,,,,,,,,,,,,,,,,,,,,,,,,,,,,,,,,,
,,,,,,,,,,,,,,,,,,,,,,,,,,,,,,,,,,,,,,,,,,,,,,,,,,,,,,,,,,,,,,,,,,,,,
,,,,,,,,,,,,,,,,,,,,,,,,,,,,,,,,,,,,,,,,,,,,,,,,,,,,,,,,,,,,,,,,,,,,,
,,,,,,,,,,,,,,,,,,,,,,,,,,,,,,,,,,,,,,,,,,,,,,,,,,,,,,,,,,,,,,,,,,,,,
,,,,,,,,,,,,,,,,,,,,,,,,,,,,,,,,,,,,,,,,,,,,,,,,,,,,,,,,,,,,,,,,,,,,,
,,,,,,,,,,,,,,,,,,,,,,,,,,,,,,,,,,,,,,,,,,,,,,,,,,,,,,,,,,,,,,,,,,,,,
,,,,,,,,,,,,,,,,,,,,,,,,,,,,,,,,,,,,,,,,,,,,,,,,,,,,,,,,,,,,,,,,,,,,,
,,,,,,,,,,,,,,,,,,,,,,,,,,,,,,,,,,,,,,,,,,,,,,,,,,,,,,,,,,,,,,,,,,,,,
,,,,,,,,,,,,,,,,,,,,,,,,,,,,,,,,,,,,,,,,,,,,,,,,,,,,,,,,,,,,,,,,,,,,,
,,,,,,,,,,,,,,,,,,,,,,,,,,,,,,,,,,,,,,,,,,,,,,,,,,,,,,,,,,,,,,,,,,,,,
,,,,,,,,,,,,,,,,,,,,,,,,,,,,,,,,,,,,,,,,,,,,,,,,,,,,,,,,,,,,,,,,,,,,,
,,,,,,,,,,,,,,,,,,,,,,,,,,,,,,,,,,,,,,,,,,,,,,,,,,,,,,,,,,,,,,,,,,,,,
,,,,,,,,,,,,,,,,,,,,,,,,,,,,,,,,,,,,,,,,,,,,,,,,,,,,,,,,,,,,,,,,,,,,,
,,,,,,,,,,,,,,,,,,,,,,,,,,,,,,,,,,,,,,,,,,,,,,,,,,,,,,,,,,,,,,,,,,,,,
,,,,,,,,,,,,,,,,,,,,,,,,,,,,,,,,,,,,,,,,,,,,,,,,,,,,,,,,,,,,,,,,,,,,,
,,,,,,,,,,,,,,,,,,,,,,,,,,,,,,,,,,,,,,,,,,,,,,,,,,,,,,,,,,,,,,,,,,,,,
,,,,,,,,,,,,,,,,,,,,,,,,,,,,,,,,,,,,,,,,,,,,,,,,,,,,,,,,,,,,,,,,,,,,,
,,,,,,,,,,,,,,,,,,,,,,,,,,,,,,,,,,,,,,,,,,,,,,,,,,,,,,,,,,,,,,,,,,,,,
,,,,,,,,,,,,,,,,,,,,,,,,,,,,,,,,,,,,,,,,,,,,,,,,,,,,,,,,,,,,,,,,,,,,,
,,,,,,,,,,,,,,,,,,,,,,,,,,,,,,,,,,,,,,,,,,,,,,,,,,,,,,,,,,,,,,,,,,,,,
,,,,,,,,,,,,,,,,,,,,,,,,,,,,,,,,,,,,,,,,,,,,,,,,,,,,,,,,,,,,,,,,,,,,,
,,,,,,,,,,,,,,,,,,,,,,,,,,,,,,,,,,,,,,,,,,,,,,,,,,,,,,,,,,,,,,,,,,,,,
,,,,,,,,,,,,,,,,,,,,,,,,,,,,,,,,,,,,,,,,,,,,,,,,,,,,,,,,,,,,,,,,,,,,,
,,,,,,,,,,,,,,,,,,,,,,,,,,,,,,,,,,,,,,,,,,,,,,,,,,,,,,,,,,,,,,,,,,,,,
,,,,,,,,,,,,,,,,,,,,,,,,,,,,,,,,,,,,,,,,,,,,,,,,,,,,,,,,,,,,,,,,,,,,,
,,,,,,,,,,,,,,,,,,,,,,,,,,,,,,,,,,,,,,,,,,,,,,,,,,,,,,,,,,,,,,,,,,,,,
,,,,,,,,,,,,,,,,,,,,,,,,,,,,,,,,,,,,,,,,,,,,,,,,,,,,,,,,,,,,,,,,,,,,,
,,,,,,,,,,,,,,,,,,,,,,,,,,,,,,,,,,,,,,,,,,,,,,,,,,,,,,,,,,,,,,,,,,,,,
,,,,,,,,,,,,,,,,,,,,,,,,,,,,,,,,,,,,,,,,,,,,,,,,,,,,,,,,,,,,,,,,,,,,,
,,,,,,,,,,,,,,,,,,,,,,,,,,,,,,,,,,,,,,,,,,,,,,,,,,,,,,,,,,,,,,,,,,,,,
,,,,,,,,,,,,,,,,,,,,,,,,,,,,,,,,,,,,,,,,,,,,,,,,,,,,,,,,,,,,,,,,,,,,,
,,,,,,,,,,,,,,,,,,,,,,,,,,,,,,,,,,,,,,,,,,,,,,,,,,,,,,,,,,,,,,,,,,,,,
,,,,,,,,,,,,,,,,,,,,,,,,,,,,,,,,,,,,,,,,,,,,,,,,,,,,,,,,,,,,,,,,,,,,,
,,,,,,,,,,,,,,,,,,,,,,,,,,,,,,,,,,,,,,,,,,,,,,,,,,,,,,,,,,,,,,,,,,,,,
,,,,,,,,,,,,,,,,,,,,,,,,,,,,,,,,,,,,,,,,,,,,,,,,,,,,,,,,,,,,,,,,,,,,,
,,,,,,,,,,,,,,,,,,,,,,,,,,,,,,,,,,,,,,,,,,,,,,,,,,,,,,,,,,,,,,,,,,,,,
,,,,,,,,,,,,,,,,,,,,,,,,,,,,,,,,,,,,,,,,,,,,,,,,,,,,,,,,,,,,,,,,,,,,,
,,,,,,,,,,,,,,,,,,,,,,,,,,,,,,,,,,,,,,,,,,,,,,,,,,,,,,,,,,,,,,,,,,,,,
,,,,,,,,,,,,,,,,,,,,,,,,,,,,,,,,,,,,,,,,,,,,,,,,,,,,,,,,,,,,,,,,,,,,,
,,,,,,,,,,,,,,,,,,,,,,,,,,,,,,,,,,,,,,,,,,,,,,,,,,,,,,,,,,,,,,,,,,,,,
,,,,,,,,,,,,,,,,,,,,,,,,,,,,,,,,,,,,,,,,,,,,,,,,,,,,,,,,,,,,,,,,,,,,,
,,,,,,,,,,,,,,,,,,,,,,,,,,,,,,,,,,,,,,,,,,,,,,,,,,,,,,,,,,,,,,,,,,,,,
,,,,,,,,,,,,,,,,,,,,,,,,,,,,,,,,,,,,,,,,,,,,,,,,,,,,,,,,,,,,,,,,,,,,,
,,,,,,,,,,,,,,,,,,,,,,,,,,,,,,,,,,,,,,,,,,,,,,,,,,,,,,,,,,,,,,,,,,,,,
,,,,,,,,,,,,,,,,,,,,,,,,,,,,,,,,,,,,,,,,,,,,,,,,,,,,,,,,,,,,,,,,,,,,,
,,,,,,,,,,,,,,,,,,,,,,,,,,,,,,,,,,,,,,,,,,,,,,,,,,,,,,,,,,,,,,,,,,,,,
,,,,,,,,,,,,,,,,,,,,,,,,,,,,,,,,,,,,,,,,,,,,,,,,,,,,,,,,,,,,,,,,,,,,,
,,,,,,,,,,,,,,,,,,,,,,,,,,,,,,,,,,,,,,,,,,,,,,,,,,,,,,,,,,,,,,,,,,,,,
,,,,,,,,,,,,,,,,,,,,,,,,,,,,,,,,,,,,,,,,,,,,,,,,,,,,,,,,,,,,,,,,,,,,,
,,,,,,,,,,,,,,,,,,,,,,,,,,,,,,,,,,,,,,,,,,,,,,,,,,,,,,,,,,,,,,,,,,,,,
,,,,,,,,,,,,,,,,,,,,,,,,,,,,,,,,,,,,,,,,,,,,,,,,,,,,,,,,,,,,,,,,,,,,,
,,,,,,,,,,,,,,,,,,,,,,,,,,,,,,,,,,,,,,,,,,,,,,,,,,,,,,,,,,,,,,,,,,,,,
,,,,,,,,,,,,,,,,,,,,,,,,,,,,,,,,,,,,,,,,,,,,,,,,,,,,,,,,,,,,,,,,,,,,,
,,,,,,,,,,,,,,,,,,,,,,,,,,,,,,,,,,,,,,,,,,,,,,,,,,,,,,,,,,,,,,,,,,,,,
,,,,,,,,,,,,,,,,,,,,,,,,,,,,,,,,,,,,,,,,,,,,,,,,,,,,,,,,,,,,,,,,,,,,,
,,,,,,,,,,,,,,,,,,,,,,,,,,,,,,,,,,,,,,,,,,,,,,,,,,,,,,,,,,,,,,,,,,,,,
,,,,,,,,,,,,,,,,,,,,,,,,,,,,,,,,,,,,,,,,,,,,,,,,,,,,,,,,,,,,,,,,,,,,,
