LSOA code (2011),LSOA name (2011),Local Authority District code (2019),Local Authority District name (2019),Index of Multiple Deprivation (IMD) Rank,Index of Multiple Deprivation (IMD) Decile
E01020380,East Dorset 007C,E06000059,Dorset,"32,724",10
E01020377,East Dorset 007A,E06000059,Dorset,"32,638",10
E01015400,Poole 003F,E06000058,"Bournemouth, Christchurch and Poole","32,620",10
E01015399,Poole 003E,E06000058,"Bournemouth, Christchurch and Poole","32,547",10
E01020525,West Dorset 010F,E06000059,Dorset,"32,444",10
E01015455,Poole 017D,E06000058,"Bournemouth, Christchurch and Poole","32,379",10
E01020402,East Dorset 011E,E06000059,Dorset,"32,362",10
E01020415,East Dorset 003E,E06000059,Dorset,"32,323",10
E01020382,East Dorset 012A,E06000059,Dorset,"32,265",10
E01020387,East Dorset 012F,E06000059,Dorset,"32,256",10
E01020374,East Dorset 001B,E06000059,Dorset,"32,159",10
E01015398,Poole 003D,E06000058,"Bournemouth, Christchurch and Poole","32,133",10
E01020470,Purbeck 001C,E06000059,Dorset,"32,050",10
E01015401,Poole 003G,E06000058,"Bournemouth, Christchurch and Poole","31,927",10
E01015315,Bournemouth 011B,E06000058,"Bournemouth, Christchurch and Poole","31,921",10
E01015295,Bournemouth 020A,E06000058,"Bournemouth, Christchurch and Poole","31,892",10
E01015459,Poole 017E,E06000058,"Bournemouth, Christchurch and Poole","31,884",10
E01015396,Poole 003B,E06000058,"Bournemouth, Christchurch and Poole","31,723",10
E01020383,East Dorset 012B,E06000059,Dorset,"31,693",10
E01015397,Poole 003C,E06000058,"Bournemouth, Christchurch and Poole","31,622",10
E01020401,East Dorset 011D,E06000059,Dorset,"31,607",10
E01020381,East Dorset 007D,E06000059,Dorset,"31,584",10
E01020358,Christchurch 003D,E06000058,"Bournemouth, Christchurch and Poole","31,363",10
E01020418,East Dorset 002C,E06000059,Dorset,"31,212",10
E01020420,East Dorset 002E,E06000059,Dorset,"31,205",10
E01020355,Christchurch 007B,E06000058,"Bournemouth, Christchurch and Poole","31,164",10
E01020395,East Dorset 011A,E06000059,Dorset,"31,132",10
E01015464,Poole 013F,E06000058,"Bournemouth, Christchurch and Poole","31,038",10
E01020523,West Dorset 010D,E06000059,Dorset,"31,005",10
E01015458,Poole 013A,E06000058,"Bournemouth, Christchurch and Poole","30,986",10
E01015404,Poole 018C,E06000058,"Bournemouth, Christchurch and Poole","30,965",10
E01020413,East Dorset 003C,E06000059,Dorset,"30,911",10
E01020407,East Dorset 009D,E06000059,Dorset,"30,908",10
E01020366,Christchurch 002E,E06000058,"Bournemouth, Christchurch and Poole","30,841",10
E01020386,East Dorset 012E,E06000059,Dorset,"30,716",10
E01015342,Bournemouth 010C,E06000058,"Bournemouth, Christchurch and Poole","30,686",10
E01020463,North Dorset 001C,E06000059,Dorset,"30,654",10
E01015452,Poole 017A,E06000058,"Bournemouth, Christchurch and Poole","30,438",10
E01015434,Poole 001D,E06000058,"Bournemouth, Christchurch and Poole","30,329",10
E01020406,East Dorset 004D,E06000059,Dorset,"30,236",10
E01020559,Weymouth and Portland 002C,E06000059,Dorset,"30,118",10
E01015433,Poole 001C,E06000058,"Bournemouth, Christchurch and Poole","30,080",10
E01020370,Christchurch 004B,E06000058,"Bournemouth, Christchurch and Poole","29,990",10
E01020426,East Dorset 010A,E06000059,Dorset,"29,927",10
E01020371,Christchurch 004C,E06000058,"Bournemouth, Christchurch and Poole","29,801",10
E01020362,Christchurch 007D,E06000058,"Bournemouth, Christchurch and Poole","29,767",10
E01020378,East Dorset 009C,E06000059,Dorset,"29,721",10
E01020417,East Dorset 002B,E06000059,Dorset,"29,624",10
E01020356,Christchurch 007C,E06000058,"Bournemouth, Christchurch and Poole","29,616",10
E01020560,Weymouth and Portland 002D,E06000059,Dorset,"29,600",10
E01020391,East Dorset 008B,E06000059,Dorset,"29,537",9
E01015445,Poole 012A,E06000058,"Bournemouth, Christchurch and Poole","29,395",9
E01020414,East Dorset 003D,E06000059,Dorset,"29,369",9
E01015431,Poole 001A,E06000058,"Bournemouth, Christchurch and Poole","29,326",9
E01020450,North Dorset 002B,E06000059,Dorset,"29,201",9
E01020457,North Dorset 003D,E06000059,Dorset,"29,137",9
E01015405,Poole 018D,E06000058,"Bournemouth, Christchurch and Poole","29,125",9
E01020409,East Dorset 005C,E06000059,Dorset,"29,083",9
E01020384,East Dorset 012C,E06000059,Dorset,"28,928",9
E01020423,East Dorset 006C,E06000059,Dorset,"28,926",9
E01020404,East Dorset 004B,E06000059,Dorset,"28,673",9
E01015437,Poole 002D,E06000058,"Bournemouth, Christchurch and Poole","28,503",9
E01020369,Christchurch 004A,E06000058,"Bournemouth, Christchurch and Poole","28,421",9
E01015463,Poole 013E,E06000058,"Bournemouth, Christchurch and Poole","28,400",9
E01015412,Poole 004A,E06000058,"Bournemouth, Christchurch and Poole","28,390",9
E01020400,East Dorset 011C,E06000059,Dorset,"28,276",9
E01020419,East Dorset 002D,E06000059,Dorset,"28,269",9
E01020350,Christchurch 003B,E06000058,"Bournemouth, Christchurch and Poole","28,237",9
E01015360,Bournemouth 012D,E06000058,"Bournemouth, Christchurch and Poole","28,191",9
E01020373,East Dorset 001A,E06000059,Dorset,"28,124",9
E01015325,Bournemouth 006D,E06000058,"Bournemouth, Christchurch and Poole","28,104",9
E01033154,North Dorset 006E,E06000059,Dorset,"28,066",9
E01020532,West Dorset 005B,E06000059,Dorset,"28,011",9
E01020416,East Dorset 002A,E06000059,Dorset,"27,984",9
E01015323,Bournemouth 006B,E06000058,"Bournemouth, Christchurch and Poole","27,934",9
E01015388,Poole 009C,E06000058,"Bournemouth, Christchurch and Poole","27,812",9
E01033156,North Dorset 002E,E06000059,Dorset,"27,806",9
E01020544,West Dorset 001C,E06000059,Dorset,"27,791",9
E01020399,East Dorset 011B,E06000059,Dorset,"27,760",9
E01015432,Poole 001B,E06000058,"Bournemouth, Christchurch and Poole","27,692",9
E01033158,North Dorset 002F,E06000059,Dorset,"27,612",9
E01020557,Weymouth and Portland 002A,E06000059,Dorset,"27,597",9
E01015316,Bournemouth 014A,E06000058,"Bournemouth, Christchurch and Poole","27,453",9
E01015419,Poole 006C,E06000058,"Bournemouth, Christchurch and Poole","27,300",9
E01020367,Christchurch 006D,E06000058,"Bournemouth, Christchurch and Poole","27,253",9
E01015451,Poole 012E,E06000058,"Bournemouth, Christchurch and Poole","27,227",9
E01015350,Bournemouth 006E,E06000058,"Bournemouth, Christchurch and Poole","27,189",9
E01020351,Christchurch 002A,E06000058,"Bournemouth, Christchurch and Poole","27,141",9
E01015300,Bournemouth 020E,E06000058,"Bournemouth, Christchurch and Poole","27,131",9
E01015395,Poole 003A,E06000058,"Bournemouth, Christchurch and Poole","27,060",9
E01020385,East Dorset 012D,E06000059,Dorset,"27,041",9
E01015403,Poole 018B,E06000058,"Bournemouth, Christchurch and Poole","27,010",9
E01020372,Christchurch 004D,E06000058,"Bournemouth, Christchurch and Poole","26,911",9
E01015299,Bournemouth 020D,E06000058,"Bournemouth, Christchurch and Poole","26,859",9
E01015406,Poole 018E,E06000058,"Bournemouth, Christchurch and Poole","26,773",9
E01015322,Bournemouth 010A,E06000058,"Bournemouth, Christchurch and Poole","26,728",9
E01015364,Bournemouth 018C,E06000058,"Bournemouth, Christchurch and Poole","26,726",9
E01020558,Weymouth and Portland 002B,E06000059,Dorset,"26,650",9
E01020464,North Dorset 001D,E06000059,Dorset,"26,436",9
E01020446,North Dorset 005C,E06000059,Dorset,"26,363",9
E01020580,Weymouth and Portland 003E,E06000059,Dorset,"26,334",9
E01015447,Poole 011B,E06000058,"Bournemouth, Christchurch and Poole","26,219",8
E01020478,Purbeck 006A,E06000059,Dorset,"26,137",8
E01020435,North Dorset 007A,E06000059,Dorset,"26,090",8
E01015453,Poole 017B,E06000058,"Bournemouth, Christchurch and Poole","25,978",8
E01015351,Bournemouth 004C,E06000058,"Bournemouth, Christchurch and Poole","25,913",8
E01020458,North Dorset 004D,E06000059,Dorset,"25,909",8
E01020343,Christchurch 001A,E06000058,"Bournemouth, Christchurch and Poole","25,852",8
E01020576,Weymouth and Portland 003C,E06000059,Dorset,"25,632",8
E01020388,East Dorset 012G,E06000059,Dorset,"25,527",8
E01020425,East Dorset 006E,E06000059,Dorset,"25,520",8
E01020519,West Dorset 010B,E06000059,Dorset,"25,462",8
E01020421,East Dorset 006A,E06000059,Dorset,"25,439",8
E01020505,West Dorset 011A,E06000059,Dorset,"25,317",8
E01020524,West Dorset 010E,E06000059,Dorset,"25,240",8
E01015378,Bournemouth 010E,E06000058,"Bournemouth, Christchurch and Poole","25,138",8
E01020344,Christchurch 001B,E06000058,"Bournemouth, Christchurch and Poole","25,114",8
E01015297,Bournemouth 018B,E06000058,"Bournemouth, Christchurch and Poole","25,105",8
E01015320,Bournemouth 006A,E06000058,"Bournemouth, Christchurch and Poole","25,059",8
E01020352,Christchurch 002B,E06000058,"Bournemouth, Christchurch and Poole","25,050",8
E01032642,West Dorset 001H,E06000059,Dorset,"25,026",8
E01020520,West Dorset 010C,E06000059,Dorset,"24,717",8
E01015298,Bournemouth 020C,E06000058,"Bournemouth, Christchurch and Poole","24,698",8
E01020504,West Dorset 008C,E06000059,Dorset,"24,687",8
E01020376,East Dorset 009B,E06000059,Dorset,"24,526",8
E01020349,Christchurch 003A,E06000058,"Bournemouth, Christchurch and Poole","24,468",8
E01015394,Poole 010E,E06000058,"Bournemouth, Christchurch and Poole","24,461",8
E01015335,Bournemouth 003D,E06000058,"Bournemouth, Christchurch and Poole","24,388",8
E01015356,Bournemouth 009B,E06000058,"Bournemouth, Christchurch and Poole","24,314",8
E01015411,Poole 005E,E06000058,"Bournemouth, Christchurch and Poole","24,276",8
E01015422,Poole 006F,E06000058,"Bournemouth, Christchurch and Poole","24,240",8
E01015314,Bournemouth 011A,E06000058,"Bournemouth, Christchurch and Poole","24,235",8
E01020583,Weymouth and Portland 006A,E06000059,Dorset,"24,206",8
E01020474,Purbeck 002D,E06000059,Dorset,"24,062",8
E01020497,West Dorset 002A,E06000059,Dorset,"23,980",8
E01015319,Bournemouth 011D,E06000058,"Bournemouth, Christchurch and Poole","23,924",8
E01015389,Poole 009D,E06000058,"Bournemouth, Christchurch and Poole","23,914",8
E01020375,East Dorset 009A,E06000059,Dorset,"23,802",8
E01020501,West Dorset 006D,E06000059,Dorset,"23,789",8
E01015332,Bournemouth 003A,E06000058,"Bournemouth, Christchurch and Poole","23,753",8
E01020345,Christchurch 001C,E06000058,"Bournemouth, Christchurch and Poole","23,684",8
E01015344,Bournemouth 012A,E06000058,"Bournemouth, Christchurch and Poole","23,636",8
E01020360,Christchurch 006A,E06000058,"Bournemouth, Christchurch and Poole","23,602",8
E01015416,Poole 004E,E06000058,"Bournemouth, Christchurch and Poole","23,510",8
E01015333,Bournemouth 003B,E06000058,"Bournemouth, Christchurch and Poole","23,386",8
E01032643,West Dorset 009G,E06000059,Dorset,"23,347",8
E01015272,Bournemouth 016A,E06000058,"Bournemouth, Christchurch and Poole","23,287",8
E01020408,East Dorset 009E,E06000059,Dorset,"23,249",8
E01020379,East Dorset 007B,E06000059,Dorset,"23,143",8
E01020491,Purbeck 004C,E06000059,Dorset,"23,121",8
E01020479,Purbeck 006B,E06000059,Dorset,"22,959",7
E01020511,West Dorset 005A,E06000059,Dorset,"22,919",7
E01020361,Christchurch 006B,E06000058,"Bournemouth, Christchurch and Poole","22,917",7
E01015407,Poole 005A,E06000058,"Bournemouth, Christchurch and Poole","22,914",7
E01015370,Bournemouth 024D,E06000058,"Bournemouth, Christchurch and Poole","22,895",7
E01020514,West Dorset 012C,E06000059,Dorset,"22,887",7
E01015311,Bournemouth 002D,E06000058,"Bournemouth, Christchurch and Poole","22,836",7
E01015448,Poole 012C,E06000058,"Bournemouth, Christchurch and Poole","22,799",7
E01015348,Bournemouth 012C,E06000058,"Bournemouth, Christchurch and Poole","22,558",7
E01020473,Purbeck 002C,E06000059,Dorset,"22,538",7
E01020359,Christchurch 002D,E06000058,"Bournemouth, Christchurch and Poole","22,449",7
E01020486,Purbeck 003D,E06000059,Dorset,"22,393",7
E01015466,Poole 015B,E06000058,"Bournemouth, Christchurch and Poole","22,274",7
E01020538,West Dorset 011C,E06000059,Dorset,"22,208",7
E01015457,Poole 011E,E06000058,"Bournemouth, Christchurch and Poole","22,195",7
E01020430,North Dorset 008A,E06000059,Dorset,"22,089",7
E01015368,Bournemouth 024B,E06000058,"Bournemouth, Christchurch and Poole","22,065",7
E01020468,Purbeck 005C,E06000059,Dorset,"21,995",7
E01020392,East Dorset 008C,E06000059,Dorset,"21,968",7
E01015424,Poole 016B,E06000058,"Bournemouth, Christchurch and Poole","21,809",7
E01020487,Purbeck 003E,E06000059,Dorset,"21,778",7
E01020480,Purbeck 006C,E06000059,Dorset,"21,774",7
E01020588,Weymouth and Portland 007C,E06000059,Dorset,"21,766",7
E01020495,West Dorset 003B,E06000059,Dorset,"21,735",7
E01020475,Purbeck 002E,E06000059,Dorset,"21,694",7
E01020436,North Dorset 007B,E06000059,Dorset,"21,670",7
E01032641,West Dorset 009F,E06000059,Dorset,"21,657",7
E01020540,West Dorset 004E,E06000059,Dorset,"21,576",7
E01020428,East Dorset 010C,E06000059,Dorset,"21,488",7
E01015436,Poole 002C,E06000058,"Bournemouth, Christchurch and Poole","21,479",7
E01015450,Poole 012D,E06000058,"Bournemouth, Christchurch and Poole","21,387",7
E01015391,Poole 010B,E06000058,"Bournemouth, Christchurch and Poole","21,285",7
E01020357,Christchurch 003C,E06000058,"Bournemouth, Christchurch and Poole","21,198",7
E01015418,Poole 006B,E06000058,"Bournemouth, Christchurch and Poole","21,197",7
E01020403,East Dorset 004A,E06000059,Dorset,"21,099",7
E01020481,Purbeck 006D,E06000059,Dorset,"21,081",7
E01015428,Poole 014B,E06000058,"Bournemouth, Christchurch and Poole","21,075",7
E01015352,Bournemouth 004D,E06000058,"Bournemouth, Christchurch and Poole","21,029",7
E01020515,West Dorset 012D,E06000059,Dorset,"20,951",7
E01020570,Weymouth and Portland 001C,E06000059,Dorset,"20,927",7
E01020542,West Dorset 001A,E06000059,Dorset,"20,862",7
E01020579,Weymouth and Portland 003D,E06000059,Dorset,"20,815",7
E01015340,Bournemouth 008C,E06000058,"Bournemouth, Christchurch and Poole","20,784",7
E01015438,Poole 008A,E06000058,"Bournemouth, Christchurch and Poole","20,737",7
E01020509,West Dorset 004A,E06000059,Dorset,"20,625",7
E01015376,Bournemouth 013D,E06000058,"Bournemouth, Christchurch and Poole","20,609",7
E01015354,Bournemouth 004F,E06000058,"Bournemouth, Christchurch and Poole","20,571",7
E01015454,Poole 017C,E06000058,"Bournemouth, Christchurch and Poole","20,568",7
E01020424,East Dorset 006D,E06000059,Dorset,"20,509",7
E01015387,Poole 009B,E06000058,"Bournemouth, Christchurch and Poole","20,483",7
E01020526,West Dorset 009C,E06000059,Dorset,"20,481",7
E01033286,Bournemouth 023C,E06000058,"Bournemouth, Christchurch and Poole","20,471",7
E01020498,West Dorset 006A,E06000059,Dorset,"20,461",7
E01020365,Christchurch 001D,E06000058,"Bournemouth, Christchurch and Poole","20,410",7
E01020465,Purbeck 001A,E06000059,Dorset,"20,360",7
E01020449,North Dorset 004C,E06000059,Dorset,"20,332",7
E01015425,Poole 016C,E06000058,"Bournemouth, Christchurch and Poole","20,242",7
E01020537,West Dorset 011B,E06000059,Dorset,"20,194",7
E01015446,Poole 012B,E06000058,"Bournemouth, Christchurch and Poole","20,179",7
E01020477,Purbeck 003B,E06000059,Dorset,"20,178",7
E01015414,Poole 004C,E06000058,"Bournemouth, Christchurch and Poole","20,155",7
E01015324,Bournemouth 006C,E06000058,"Bournemouth, Christchurch and Poole","19,999",7
E01020513,West Dorset 012B,E06000059,Dorset,"19,954",7
E01020492,Purbeck 004D,E06000059,Dorset,"19,929",7
E01015413,Poole 004B,E06000058,"Bournemouth, Christchurch and Poole","19,917",7
E01015462,Poole 013D,E06000058,"Bournemouth, Christchurch and Poole","19,863",7
E01020390,East Dorset 008A,E06000059,Dorset,"19,784",7
E01015330,Bournemouth 010B,E06000058,"Bournemouth, Christchurch and Poole","19,752",7
E01020429,East Dorset 010D,E06000059,Dorset,"19,735",7
E01015369,Bournemouth 024C,E06000058,"Bournemouth, Christchurch and Poole","19,638",6
E01015337,Bournemouth 003E,E06000058,"Bournemouth, Christchurch and Poole","19,516",6
E01015392,Poole 010C,E06000058,"Bournemouth, Christchurch and Poole","19,481",6
E01015408,Poole 005B,E06000058,"Bournemouth, Christchurch and Poole","19,438",6
E01020354,Christchurch 007A,E06000058,"Bournemouth, Christchurch and Poole","19,400",6
E01032661,Poole 015H,E06000058,"Bournemouth, Christchurch and Poole","19,394",6
E01020405,East Dorset 004C,E06000059,Dorset,"19,267",6
E01020434,North Dorset 004B,E06000059,Dorset,"19,242",6
E01020539,West Dorset 004D,E06000059,Dorset,"19,146",6
E01015460,Poole 013B,E06000058,"Bournemouth, Christchurch and Poole","19,140",6
E01020422,East Dorset 006B,E06000059,Dorset,"19,114",6
E01020549,West Dorset 011D,E06000059,Dorset,"18,933",6
E01020546,West Dorset 001E,E06000059,Dorset,"18,898",6
E01020566,Weymouth and Portland 009D,E06000059,Dorset,"18,877",6
E01020533,West Dorset 005C,E06000059,Dorset,"18,833",6
E01020550,West Dorset 002D,E06000059,Dorset,"18,756",6
E01020508,West Dorset 002B,E06000059,Dorset,"18,750",6
E01020493,Purbeck 004E,E06000059,Dorset,"18,724",6
E01033288,Bournemouth 023D,E06000058,"Bournemouth, Christchurch and Poole","18,681",6
E01015383,Poole 007D,E06000058,"Bournemouth, Christchurch and Poole","18,650",6
E01020561,Weymouth and Portland 002E,E06000059,Dorset,"18,643",6
E01015440,Poole 011A,E06000058,"Bournemouth, Christchurch and Poole","18,622",6
E01020482,Purbeck 006E,E06000059,Dorset,"18,607",6
E01015318,Bournemouth 011C,E06000058,"Bournemouth, Christchurch and Poole","18,601",6
E01015468,Poole 015D,E06000058,"Bournemouth, Christchurch and Poole","18,574",6
E01020440,North Dorset 002A,E06000059,Dorset,"18,558",6
E01020455,North Dorset 003B,E06000059,Dorset,"18,439",6
E01015373,Bournemouth 010D,E06000058,"Bournemouth, Christchurch and Poole","18,427",6
E01020437,North Dorset 007C,E06000059,Dorset,"18,250",6
E01020398,East Dorset 005B,E06000059,Dorset,"18,231",6
E01020507,West Dorset 007A,E06000059,Dorset,"18,171",6
E01015355,Bournemouth 007C,E06000058,"Bournemouth, Christchurch and Poole","18,073",6
E01020484,Purbeck 006G,E06000059,Dorset,"18,033",6
E01020368,Christchurch 006E,E06000058,"Bournemouth, Christchurch and Poole","18,001",6
E01033283,Bournemouth 019G,E06000058,"Bournemouth, Christchurch and Poole","17,949",6
E01020445,North Dorset 005B,E06000059,Dorset,"17,930",6
E01020586,Weymouth and Portland 007A,E06000059,Dorset,"17,712",6
E01015349,Bournemouth 004B,E06000058,"Bournemouth, Christchurch and Poole","17,679",6
E01015363,Bournemouth 014E,E06000058,"Bournemouth, Christchurch and Poole","17,601",6
E01020510,West Dorset 004B,E06000059,Dorset,"17,586",6
E01033159,North Dorset 006F,E06000059,Dorset,"17,578",6
E01020516,West Dorset 012E,E06000059,Dorset,"17,532",6
E01015353,Bournemouth 004E,E06000058,"Bournemouth, Christchurch and Poole","17,513",6
E01020467,Purbeck 005B,E06000059,Dorset,"17,481",6
E01020453,North Dorset 006C,E06000059,Dorset,"17,365",6
E01015286,Bournemouth 017C,E06000058,"Bournemouth, Christchurch and Poole","17,355",6
E01015336,Bournemouth 007B,E06000058,"Bournemouth, Christchurch and Poole","17,352",6
E01020447,North Dorset 001B,E06000059,Dorset,"17,341",6
E01020476,Purbeck 003A,E06000059,Dorset,"17,265",6
E01020439,North Dorset 007E,E06000059,Dorset,"17,123",6
E01015361,Bournemouth 014C,E06000058,"Bournemouth, Christchurch and Poole","17,118",6
E01020448,North Dorset 008E,E06000059,Dorset,"17,080",6
E01020494,West Dorset 003A,E06000059,Dorset,"17,048",6
E01020442,North Dorset 006A,E06000059,Dorset,"17,040",6
E01020547,West Dorset 001F,E06000059,Dorset,"17,009",6
E01020433,North Dorset 004A,E06000059,Dorset,"16,949",6
E01020527,West Dorset 009D,E06000059,Dorset,"16,895",6
E01015410,Poole 005D,E06000058,"Bournemouth, Christchurch and Poole","16,820",6
E01015366,Bournemouth 018E,E06000058,"Bournemouth, Christchurch and Poole","16,795",6
E01020541,West Dorset 002C,E06000059,Dorset,"16,645",6
E01020432,North Dorset 008C,E06000059,Dorset,"16,589",6
E01015402,Poole 018A,E06000058,"Bournemouth, Christchurch and Poole","16,557",6
E01020441,North Dorset 008D,E06000059,Dorset,"16,482",6
E01020531,West Dorset 007C,E06000059,Dorset,"16,457",6
E01015291,Bournemouth 021E,E06000058,"Bournemouth, Christchurch and Poole","16,452",6
E01015331,Bournemouth 013B,E06000058,"Bournemouth, Christchurch and Poole","16,386",5
E01020534,West Dorset 003F,E06000059,Dorset,"16,328",5
E01015380,Poole 007A,E06000058,"Bournemouth, Christchurch and Poole","16,320",5
E01020529,West Dorset 004C,E06000059,Dorset,"16,264",5
E01032660,Poole 015G,E06000058,"Bournemouth, Christchurch and Poole","16,257",5
E01020528,West Dorset 009E,E06000059,Dorset,"16,170",5
E01020466,Purbeck 005A,E06000059,Dorset,"16,150",5
E01020452,North Dorset 006B,E06000059,Dorset,"16,056",5
E01015377,Bournemouth 009E,E06000058,"Bournemouth, Christchurch and Poole","16,000",5
E01020562,Weymouth and Portland 009A,E06000059,Dorset,"15,997",5
E01015435,Poole 002B,E06000058,"Bournemouth, Christchurch and Poole","15,937",5
E01020397,East Dorset 001D,E06000059,Dorset,"15,809",5
E01020462,North Dorset 002D,E06000059,Dorset,"15,688",5
E01015421,Poole 006E,E06000058,"Bournemouth, Christchurch and Poole","15,661",5
E01015417,Poole 006A,E06000058,"Bournemouth, Christchurch and Poole","15,524",5
E01020587,Weymouth and Portland 007B,E06000059,Dorset,"15,514",5
E01015296,Bournemouth 020B,E06000058,"Bournemouth, Christchurch and Poole","15,496",5
E01015393,Poole 010D,E06000058,"Bournemouth, Christchurch and Poole","15,483",5
E01015317,Bournemouth 014B,E06000058,"Bournemouth, Christchurch and Poole","15,473",5
E01020472,Purbeck 002B,E06000059,Dorset,"15,424",5
E01020485,Purbeck 003C,E06000059,Dorset,"15,410",5
E01020490,Purbeck 004B,E06000059,Dorset,"15,392",5
E01020517,West Dorset 007B,E06000059,Dorset,"15,356",5
E01020577,Weymouth and Portland 005C,E06000059,Dorset,"15,298",5
E01015461,Poole 013C,E06000058,"Bournemouth, Christchurch and Poole","15,261",5
E01020363,Christchurch 005D,E06000058,"Bournemouth, Christchurch and Poole","15,235",5
E01020469,Purbeck 001B,E06000059,Dorset,"15,176",5
E01020431,North Dorset 008B,E06000059,Dorset,"15,154",5
E01015427,Poole 014A,E06000058,"Bournemouth, Christchurch and Poole","15,147",5
E01015358,Bournemouth 007E,E06000058,"Bournemouth, Christchurch and Poole","15,016",5
E01020456,North Dorset 003C,E06000059,Dorset,"14,956",5
E01015274,Bournemouth 018A,E06000058,"Bournemouth, Christchurch and Poole","14,905",5
E01020443,North Dorset 001A,E06000059,Dorset,"14,795",5
E01020389,East Dorset 001C,E06000059,Dorset,"14,771",5
E01015301,Bournemouth 001A,E06000058,"Bournemouth, Christchurch and Poole","14,657",5
E01020459,North Dorset 004E,E06000059,Dorset,"14,551",5
E01020503,West Dorset 008B,E06000059,Dorset,"14,465",5
E01015334,Bournemouth 003C,E06000058,"Bournemouth, Christchurch and Poole","14,344",5
E01020410,East Dorset 005D,E06000059,Dorset,"14,201",5
E01015444,Poole 008F,E06000058,"Bournemouth, Christchurch and Poole","14,170",5
E01020530,West Dorset 003E,E06000059,Dorset,"14,051",5
E01020500,West Dorset 006C,E06000059,Dorset,"14,034",5
E01015329,Bournemouth 015E,E06000058,"Bournemouth, Christchurch and Poole","13,983",5
E01020364,Christchurch 006C,E06000058,"Bournemouth, Christchurch and Poole","13,975",5
E01015365,Bournemouth 018D,E06000058,"Bournemouth, Christchurch and Poole","13,860",5
E01020353,Christchurch 002C,E06000058,"Bournemouth, Christchurch and Poole","13,815",5
E01020471,Purbeck 002A,E06000059,Dorset,"13,669",5
E01020512,West Dorset 012A,E06000059,Dorset,"13,647",5
E01015456,Poole 011D,E06000058,"Bournemouth, Christchurch and Poole","13,635",5
E01015372,Bournemouth 023B,E06000058,"Bournemouth, Christchurch and Poole","13,567",5
E01020412,East Dorset 003B,E06000059,Dorset,"13,434",5
E01020565,Weymouth and Portland 009C,E06000059,Dorset,"13,414",5
E01020454,North Dorset 003A,E06000059,Dorset,"13,189",5
E01015441,Poole 008C,E06000058,"Bournemouth, Christchurch and Poole","13,176",5
E01015375,Bournemouth 009D,E06000058,"Bournemouth, Christchurch and Poole","13,151",5
E01020489,Purbeck 004A,E06000059,Dorset,"13,098",4
E01020483,Purbeck 006F,E06000059,Dorset,"13,088",4
E01015346,Bournemouth 012B,E06000058,"Bournemouth, Christchurch and Poole","12,994",4
E01015327,Bournemouth 015D,E06000058,"Bournemouth, Christchurch and Poole","12,978",4
E01020536,West Dorset 007D,E06000059,Dorset,"12,921",4
E01020535,West Dorset 005D,E06000059,Dorset,"12,899",4
E01015275,Bournemouth 016C,E06000058,"Bournemouth, Christchurch and Poole","12,847",4
E01020438,North Dorset 007D,E06000059,Dorset,"12,782",4
E01020411,East Dorset 003A,E06000059,Dorset,"12,639",4
E01015285,Bournemouth 021A,E06000058,"Bournemouth, Christchurch and Poole","12,504",4
E01020488,Purbeck 003F,E06000059,Dorset,"12,404",4
E01020584,Weymouth and Portland 006B,E06000059,Dorset,"12,392",4
E01015339,Bournemouth 008B,E06000058,"Bournemouth, Christchurch and Poole","12,378",4
E01020427,East Dorset 010B,E06000059,Dorset,"12,165",4
E01015345,Bournemouth 013C,E06000058,"Bournemouth, Christchurch and Poole","12,130",4
E01015382,Poole 007C,E06000058,"Bournemouth, Christchurch and Poole","12,123",4
E01020444,North Dorset 005A,E06000059,Dorset,"12,053",4
E01015423,Poole 016A,E06000058,"Bournemouth, Christchurch and Poole","12,045",4
E01015343,Bournemouth 004A,E06000058,"Bournemouth, Christchurch and Poole","12,033",4
E01015390,Poole 010A,E06000058,"Bournemouth, Christchurch and Poole","12,001",4
E01020394,East Dorset 008E,E06000059,Dorset,"11,991",4
E01020396,East Dorset 005A,E06000059,Dorset,"11,987",4
E01015326,Bournemouth 013A,E06000058,"Bournemouth, Christchurch and Poole","11,967",4
E01020589,Weymouth and Portland 007D,E06000059,Dorset,"11,891",4
E01020506,West Dorset 003D,E06000059,Dorset,"11,849",4
E01015374,Bournemouth 009C,E06000058,"Bournemouth, Christchurch and Poole","11,839",4
E01015302,Bournemouth 002A,E06000058,"Bournemouth, Christchurch and Poole","11,803",4
E01020346,Christchurch 005A,E06000058,"Bournemouth, Christchurch and Poole","11,795",4
E01020496,West Dorset 003C,E06000059,Dorset,"11,779",4
E01033285,Bournemouth 017G,E06000058,"Bournemouth, Christchurch and Poole","11,627",4
E01020572,Weymouth and Portland 005A,E06000059,Dorset,"11,540",4
E01020518,West Dorset 010A,E06000059,Dorset,"11,314",4
E01033241,Bournemouth 019F,E06000058,"Bournemouth, Christchurch and Poole","11,313",4
E01032644,West Dorset 009H,E06000059,Dorset,"11,222",4
E01015287,Bournemouth 017D,E06000058,"Bournemouth, Christchurch and Poole","11,120",4
E01020460,North Dorset 005D,E06000059,Dorset,"11,083",4
E01020578,Weymouth and Portland 005D,E06000059,Dorset,"11,049",4
E01015420,Poole 006D,E06000058,"Bournemouth, Christchurch and Poole","10,982",4
E01020571,Weymouth and Portland 001D,E06000059,Dorset,"10,945",4
E01015283,Bournemouth 017A,E06000058,"Bournemouth, Christchurch and Poole","10,940",4
E01015465,Poole 015A,E06000058,"Bournemouth, Christchurch and Poole","10,853",4
E01020585,Weymouth and Portland 006C,E06000059,Dorset,"10,720",4
E01020581,Weymouth and Portland 004E,E06000059,Dorset,"10,696",4
E01015276,Bournemouth 016D,E06000058,"Bournemouth, Christchurch and Poole","10,587",4
E01015321,Bournemouth 009A,E06000058,"Bournemouth, Christchurch and Poole","10,433",4
E01015303,Bournemouth 001B,E06000058,"Bournemouth, Christchurch and Poole","10,427",4
E01015371,Bournemouth 023A,E06000058,"Bournemouth, Christchurch and Poole","10,396",4
E01032645,West Dorset 009I,E06000059,Dorset,"10,392",4
E01015328,Bournemouth 017E,E06000058,"Bournemouth, Christchurch and Poole","10,291",4
E01015409,Poole 005C,E06000058,"Bournemouth, Christchurch and Poole","10,213",4
E01015443,Poole 008E,E06000058,"Bournemouth, Christchurch and Poole","9,874",4
E01015386,Poole 009A,E06000058,"Bournemouth, Christchurch and Poole","9,710",3
E01015439,Poole 008B,E06000058,"Bournemouth, Christchurch and Poole","9,437",3
E01015449,Poole 011C,E06000058,"Bournemouth, Christchurch and Poole","9,196",3
E01015385,Poole 007F,E06000058,"Bournemouth, Christchurch and Poole","9,064",3
E01020543,West Dorset 001B,E06000059,Dorset,"8,887",3
E01020551,Weymouth and Portland 001A,E06000059,Dorset,"8,679",3
E01015289,Bournemouth 021C,E06000058,"Bournemouth, Christchurch and Poole","8,573",3
E01033242,Bournemouth 017F,E06000058,"Bournemouth, Christchurch and Poole","8,518",3
E01015359,Bournemouth 005E,E06000058,"Bournemouth, Christchurch and Poole","8,445",3
E01015308,Bournemouth 002C,E06000058,"Bournemouth, Christchurch and Poole","8,299",3
E01020574,Weymouth and Portland 003A,E06000059,Dorset,"8,254",3
E01015294,Bournemouth 015C,E06000058,"Bournemouth, Christchurch and Poole","8,189",3
E01015357,Bournemouth 007D,E06000058,"Bournemouth, Christchurch and Poole","8,064",3
E01015292,Bournemouth 015A,E06000058,"Bournemouth, Christchurch and Poole","8,058",3
E01020564,Weymouth and Portland 009B,E06000059,Dorset,"7,975",3
E01020393,East Dorset 008D,E06000059,Dorset,"7,899",3
E01015442,Poole 008D,E06000058,"Bournemouth, Christchurch and Poole","7,712",3
E01015426,Poole 016D,E06000058,"Bournemouth, Christchurch and Poole","7,548",3
E01015429,Poole 014C,E06000058,"Bournemouth, Christchurch and Poole","7,415",3
E01020502,West Dorset 008A,E06000059,Dorset,"7,349",3
E01015381,Poole 007B,E06000058,"Bournemouth, Christchurch and Poole","7,272",3
E01020556,Weymouth and Portland 004D,E06000059,Dorset,"6,976",3
E01015415,Poole 004D,E06000058,"Bournemouth, Christchurch and Poole","6,851",3
E01015306,Bournemouth 001D,E06000058,"Bournemouth, Christchurch and Poole","6,701",3
E01015310,Bournemouth 007A,E06000058,"Bournemouth, Christchurch and Poole","6,682",3
E01015293,Bournemouth 015B,E06000058,"Bournemouth, Christchurch and Poole","6,565",2
E01015305,Bournemouth 001C,E06000058,"Bournemouth, Christchurch and Poole","6,513",2
E01015362,Bournemouth 014D,E06000058,"Bournemouth, Christchurch and Poole","6,371",2
E01015367,Bournemouth 024A,E06000058,"Bournemouth, Christchurch and Poole","6,331",2
E01015277,Bournemouth 016E,E06000058,"Bournemouth, Christchurch and Poole","6,314",2
E01033200,Weymouth and Portland 008E,E06000059,Dorset,"6,203",2
E01015273,Bournemouth 016B,E06000058,"Bournemouth, Christchurch and Poole","6,147",2
E01020499,West Dorset 006B,E06000059,Dorset,"6,009",2
E01020563,Weymouth and Portland 008A,E06000059,Dorset,"5,796",2
E01015290,Bournemouth 021D,E06000058,"Bournemouth, Christchurch and Poole","5,392",2
E01032659,Poole 015F,E06000058,"Bournemouth, Christchurch and Poole","5,194",2
E01020348,Christchurch 005C,E06000058,"Bournemouth, Christchurch and Poole","4,989",2
E01032662,Poole 015I,E06000058,"Bournemouth, Christchurch and Poole","4,960",2
E01015379,Poole 002A,E06000058,"Bournemouth, Christchurch and Poole","4,798",2
E01020573,Weymouth and Portland 005B,E06000059,Dorset,"4,723",2
E01020347,Christchurch 005B,E06000058,"Bournemouth, Christchurch and Poole","4,649",2
E01015280,Bournemouth 019C,E06000058,"Bournemouth, Christchurch and Poole","4,568",2
E01015313,Bournemouth 005D,E06000058,"Bournemouth, Christchurch and Poole","4,424",2
E01015341,Bournemouth 008D,E06000058,"Bournemouth, Christchurch and Poole","4,301",2
E01015430,Poole 014D,E06000058,"Bournemouth, Christchurch and Poole","4,235",2
E01020553,Weymouth and Portland 004A,E06000059,Dorset,"3,531",2
E01015304,Bournemouth 002B,E06000058,"Bournemouth, Christchurch and Poole","3,497",2
E01020582,Weymouth and Portland 004F,E06000059,Dorset,"3,273",1
E01015288,Bournemouth 021B,E06000058,"Bournemouth, Christchurch and Poole","3,256",1
E01015279,Bournemouth 019B,E06000058,"Bournemouth, Christchurch and Poole","3,033",1
E01015338,Bournemouth 008A,E06000058,"Bournemouth, Christchurch and Poole","2,993",1
E01015384,Poole 007E,E06000058,"Bournemouth, Christchurch and Poole","2,697",1
E01015309,Bournemouth 005B,E06000058,"Bournemouth, Christchurch and Poole","2,462",1
E01015307,Bournemouth 005A,E06000058,"Bournemouth, Christchurch and Poole","2,322",1
E01015312,Bournemouth 005C,E06000058,"Bournemouth, Christchurch and Poole","2,320",1
E01020575,Weymouth and Portland 003B,E06000059,Dorset,"2,076",1
E01020569,Weymouth and Portland 008D,E06000059,Dorset,"2,073",1
E01015281,Bournemouth 019D,E06000058,"Bournemouth, Christchurch and Poole","1,528",1
E01020555,Weymouth and Portland 004C,E06000059,Dorset,"1,524",1
E01020552,Weymouth and Portland 001B,E06000059,Dorset,"1,396",1
E01020554,Weymouth and Portland 004B,E06000059,Dorset,"1,142",1
E01015282,Bournemouth 019E,E06000058,"Bournemouth, Christchurch and Poole",528,1